suite,dimension,function,comparator,p_paired_raw,p_paired_holm,decision_paired,p_unpaired_raw,p_unpaired_holm,decision_unpaired,transition
cec2017,10,1,gsk,1.000000e+00,1.000000e+00,tie,1.000000e+00,1.000000e+00,tie,none
cec2017,10,3,gsk,1.000000e+00,1.000000e+00,tie,1.000000e+00,1.000000e+00,tie,none
cec2017,10,4,gsk,1.000000e+00,1.000000e+00,tie,1.000000e+00,1.000000e+00,tie,none
cec2017,10,5,gsk,5.322937e-10,1.543652e-08,win,2.203417e-18,6.169569e-17,win,none
cec2017,10,6,gsk,1.426620e-02,1.569281e-01,tie,3.473685e-03,4.168422e-02,loss,ns_to_sig
cec2017,10,7,gsk,5.322937e-10,1.543652e-08,win,3.303682e-18,8.259204e-17,win,none
cec2017,10,8,gsk,5.322937e-10,1.543652e-08,win,2.595511e-18,7.007880e-17,win,none
cec2017,10,9,gsk,1.000000e+00,1.000000e+00,tie,1.000000e+00,1.000000e+00,tie,none
cec2017,10,10,gsk,5.322937e-10,1.543652e-08,win,3.303682e-18,8.259204e-17,win,none
cec2017,10,11,gsk,7.262863e-01,1.000000e+00,tie,1.703726e-01,1.000000e+00,tie,none
cec2017,10,12,gsk,6.160330e-01,1.000000e+00,tie,4.065619e-01,1.000000e+00,tie,none
cec2017,10,13,gsk,1.366751e-09,2.870177e-08,win,2.250818e-13,4.501637e-12,win,none
cec2017,10,14,gsk,5.322937e-10,1.543652e-08,win,1.704132e-19,4.941983e-18,win,none
cec2017,10,15,gsk,7.242270e-03,8.690724e-02,tie,1.036988e-04,1.348085e-03,win,ns_to_sig
cec2017,10,16,gsk,2.732681e-09,5.465362e-08,win,5.706302e-12,1.027134e-10,win,none
cec2017,10,17,gsk,5.649717e-10,1.543652e-08,win,6.107805e-18,1.404795e-16,win,none
cec2017,10,18,gsk,7.111949e-01,1.000000e+00,tie,2.309191e-01,1.000000e+00,tie,none
cec2017,10,19,gsk,5.396753e-09,1.025383e-07,win,1.892746e-12,3.596218e-11,win,none
cec2017,10,20,gsk,8.948368e-07,1.431739e-05,win,1.215930e-09,1.945489e-08,win,none
cec2017,10,21,gsk,3.938786e-05,5.514301e-04,win,5.844663e-08,8.766995e-07,win,none
cec2017,10,22,gsk,2.592415e-07,4.666346e-06,win,1.997500e-11,3.395751e-10,win,none
cec2017,10,23,gsk,5.322937e-10,1.543652e-08,win,3.073188e-18,7.990290e-17,win,none
cec2017,10,24,gsk,6.004622e-07,1.020786e-05,win,5.709280e-14,1.198949e-12,win,none
cec2017,10,25,gsk,4.808836e-03,6.251487e-02,tie,9.752239e-02,9.752239e-01,tie,none
cec2017,10,26,gsk,1.000000e+00,1.000000e+00,tie,3.268926e-01,1.000000e+00,tie,none
cec2017,10,27,gsk,1.662478e-06,2.493717e-05,win,1.102202e-07,1.543082e-06,win,none
cec2017,10,28,gsk,1.000000e+00,1.000000e+00,tie,1.000000e+00,1.000000e+00,tie,none
cec2017,10,29,gsk,5.322937e-10,1.543652e-08,win,7.511418e-18,1.652512e-16,win,none
cec2017,10,30,gsk,1.910096e-01,1.000000e+00,tie,3.991174e-02,4.390292e-01,tie,none
cec2017,10,1,agsk,1.000000e+00,1.000000e+00,tie,1.000000e+00,1.000000e+00,tie,none
cec2017,10,3,agsk,1.000000e+00,1.000000e+00,tie,1.000000e+00,1.000000e+00,tie,none
cec2017,10,4,agsk,1.000000e+00,1.000000e+00,tie,1.000000e+00,1.000000e+00,tie,none
cec2017,10,5,agsk,9.621213e-10,2.597727e-08,win,2.975973e-15,8.035128e-14,win,none
cec2017,10,6,agsk,1.681814e-06,3.195447e-05,win,2.545460e-08,4.581828e-07,win,none
cec2017,10,7,agsk,5.322937e-10,1.543652e-08,win,5.607288e-18,1.626114e-16,win,none
cec2017,10,8,agsk,5.322937e-10,1.543652e-08,win,1.196220e-17,3.349415e-16,win,none
cec2017,10,9,agsk,1.000000e+00,1.000000e+00,tie,3.268926e-01,1.000000e+00,tie,none
cec2017,10,10,agsk,3.433194e-09,8.926305e-08,win,1.211488e-13,3.028719e-12,win,none
cec2017,10,11,agsk,6.357251e-04,8.264426e-03,win,1.454926e-05,2.327881e-04,win,none
cec2017,10,12,agsk,6.654811e-05,1.131318e-03,loss,1.284421e-03,1.284421e-02,loss,none
cec2017,10,13,agsk,4.064358e-01,1.000000e+00,tie,2.450922e-02,1.715646e-01,tie,none
cec2017,10,14,agsk,1.361024e-02,1.361024e-01,tie,3.439716e-04,4.471631e-03,win,ns_to_sig
cec2017,10,15,agsk,3.706982e-01,1.000000e+00,tie,6.063165e-01,1.000000e+00,tie,none
cec2017,10,16,agsk,9.463460e-05,1.514154e-03,win,2.789093e-04,3.904730e-03,win,none
cec2017,10,17,agsk,8.054127e-08,1.771908e-06,win,6.689615e-10,1.404819e-08,win,none
cec2017,10,18,agsk,4.636219e-04,6.490707e-03,loss,1.116684e-03,1.228353e-02,loss,none
cec2017,10,19,agsk,7.646257e-08,1.758639e-06,win,5.391814e-11,1.186199e-09,win,none
cec2017,10,20,agsk,2.966794e-04,4.450192e-03,loss,5.570622e-06,9.470057e-05,loss,none
cec2017,10,21,agsk,1.504095e-06,3.008190e-05,loss,2.296734e-09,4.593469e-08,loss,none
cec2017,10,22,agsk,9.619700e-02,7.695760e-01,tie,1.659162e-02,1.327330e-01,tie,none
cec2017,10,23,agsk,1.457180e-05,2.622925e-04,win,4.890000e-13,1.173600e-11,win,none
cec2017,10,24,agsk,5.750753e-09,1.380181e-07,loss,3.303136e-15,8.588154e-14,loss,none
cec2017,10,25,agsk,5.279090e-07,1.108609e-05,loss,7.052152e-09,1.339909e-07,loss,none
cec2017,10,26,agsk,2.086253e-02,1.877628e-01,tie,2.501409e-02,1.715646e-01,tie,none
cec2017,10,27,agsk,1.765514e-01,1.000000e+00,tie,2.353635e-03,2.118272e-02,loss,ns_to_sig
cec2017,10,28,agsk,3.772373e-03,4.149610e-02,loss,4.040439e-04,4.848527e-03,loss,none
cec2017,10,29,agsk,5.396753e-09,1.349188e-07,win,2.208384e-12,5.079284e-11,win,none
cec2017,10,30,agsk,3.297312e-03,3.956775e-02,win,1.477833e-04,2.216750e-03,win,none
cec2017,10,1,apgsk,1.000000e+00,1.000000e+00,tie,1.000000e+00,1.000000e+00,tie,none
cec2017,10,3,apgsk,1.000000e+00,1.000000e+00,tie,1.000000e+00,1.000000e+00,tie,none
cec2017,10,4,apgsk,1.000000e+00,1.000000e+00,tie,1.000000e+00,1.000000e+00,tie,none
cec2017,10,5,apgsk,8.831590e-10,2.296213e-08,win,4.311559e-17,1.121005e-15,win,none
cec2017,10,6,apgsk,1.523800e-07,2.895221e-06,win,5.807227e-10,9.291563e-09,win,none
cec2017,10,7,apgsk,5.649717e-10,1.581921e-08,win,7.962659e-18,2.229545e-16,win,none
cec2017,10,8,apgsk,5.322937e-10,1.543652e-08,win,2.015486e-17,5.441812e-16,win,none
cec2017,10,9,apgsk,1.000000e+00,1.000000e+00,tie,1.000000e+00,1.000000e+00,tie,none
cec2017,10,10,apgsk,3.433194e-09,7.896346e-08,win,1.340128e-13,2.948283e-12,win,none
cec2017,10,11,apgsk,1.282065e-08,2.692337e-07,win,3.688639e-16,8.852733e-15,win,none
cec2017,10,12,apgsk,3.181464e-01,1.000000e+00,tie,9.893195e-01,1.000000e+00,tie,none
cec2017,10,13,apgsk,1.178572e-01,9.428580e-01,tie,3.656804e-03,3.656804e-02,win,ns_to_sig
cec2017,10,14,apgsk,1.657650e-07,2.983769e-06,win,5.497172e-13,1.044463e-11,win,none
cec2017,10,15,apgsk,9.548601e-03,8.593741e-02,tie,3.115778e-02,2.804201e-01,tie,none
cec2017,10,16,apgsk,2.624040e-05,3.673656e-04,win,5.871546e-06,7.798870e-05,win,none
cec2017,10,17,apgsk,2.580588e-09,6.193410e-08,win,2.163587e-13,4.543532e-12,win,none
cec2017,10,18,apgsk,1.398578e-01,9.790046e-01,tie,2.964565e-01,1.000000e+00,tie,none
cec2017,10,19,apgsk,2.436750e-09,6.091876e-08,win,4.159251e-13,8.318502e-12,win,none
cec2017,10,20,apgsk,1.146305e-03,1.146305e-02,loss,5.570622e-06,7.798870e-05,loss,none
cec2017,10,21,apgsk,9.192147e-07,1.562665e-05,loss,4.316261e-10,7.337644e-09,loss,none
cec2017,10,22,apgsk,1.062596e-04,1.381374e-03,loss,9.256400e-02,7.405120e-01,tie,sig_to_ns
cec2017,10,23,apgsk,1.632674e-06,2.612279e-05,win,2.600768e-14,5.981767e-13,win,none
cec2017,10,24,apgsk,5.374761e-09,1.182447e-07,loss,2.008137e-16,5.020341e-15,loss,none
cec2017,10,25,apgsk,3.503216e-06,5.254824e-05,loss,1.302241e-05,1.562689e-04,loss,none
cec2017,10,26,apgsk,7.821341e-10,2.111762e-08,loss,4.782932e-20,1.387050e-18,loss,none
cec2017,10,27,apgsk,4.238514e-01,1.000000e+00,tie,4.072835e-01,1.000000e+00,tie,none
cec2017,10,28,apgsk,7.266200e-04,7.992820e-03,loss,1.048165e-04,1.152981e-03,loss,none
cec2017,10,29,apgsk,1.385671e-08,2.771342e-07,win,1.909438e-11,3.436988e-10,win,none
cec2017,10,30,apgsk,1.614644e-04,1.937573e-03,win,2.894008e-06,4.341012e-05,win,none
cec2017,10,1,fdb-agsk,1.000000e+00,1.000000e+00,tie,1.000000e+00,1.000000e+00,tie,none
cec2017,10,3,fdb-agsk,1.000000e+00,1.000000e+00,tie,1.000000e+00,1.000000e+00,tie,none
cec2017,10,4,fdb-agsk,1.814493e-01,9.072467e-01,tie,8.224695e-02,4.934817e-01,tie,none
cec2017,10,5,fdb-agsk,2.732681e-09,6.558434e-08,win,6.303669e-15,1.512880e-13,win,none
cec2017,10,6,fdb-agsk,5.309633e-05,7.433487e-04,win,2.639292e-05,3.187182e-04,win,none
cec2017,10,7,fdb-agsk,5.322937e-10,1.543652e-08,win,7.511418e-18,2.178311e-16,win,none
cec2017,10,8,fdb-agsk,9.621213e-10,2.501515e-08,win,2.321653e-16,6.500627e-15,win,none
cec2017,10,9,fdb-agsk,1.000000e+00,1.000000e+00,tie,3.268926e-01,9.806777e-01,tie,none
cec2017,10,10,fdb-agsk,9.426076e-09,2.073737e-07,win,1.663560e-11,3.160764e-10,win,none
cec2017,10,11,fdb-agsk,4.171188e-07,8.342376e-06,win,1.009200e-11,2.018399e-10,win,none
cec2017,10,12,fdb-agsk,9.040791e-03,7.232632e-02,tie,1.638651e-01,6.554602e-01,tie,none
cec2017,10,13,fdb-agsk,1.749319e-02,1.049592e-01,tie,4.985836e-03,4.383193e-02,win,ns_to_sig
cec2017,10,14,fdb-agsk,3.946551e-04,4.341206e-03,win,2.451678e-05,3.187182e-04,win,none
cec2017,10,15,fdb-agsk,5.392403e-01,1.000000e+00,tie,1.067570e-01,5.337850e-01,tie,none
cec2017,10,16,fdb-agsk,1.366751e-09,3.416878e-08,win,5.403771e-13,1.188830e-11,win,none
cec2017,10,17,fdb-agsk,6.751958e-10,1.823029e-08,win,1.769483e-14,4.069810e-13,win,none
cec2017,10,18,fdb-agsk,4.287878e-05,6.431817e-04,loss,1.141135e-02,7.987942e-02,tie,sig_to_ns
cec2017,10,19,fdb-agsk,5.649717e-10,1.581921e-08,win,6.692522e-16,1.806981e-14,win,none
cec2017,10,20,fdb-agsk,1.436946e-02,1.005862e-01,tie,4.870215e-03,4.383193e-02,loss,ns_to_sig
cec2017,10,21,fdb-agsk,1.235392e-06,2.223706e-05,loss,1.874880e-10,3.374785e-09,loss,none
cec2017,10,22,fdb-agsk,1.264084e-06,2.223706e-05,loss,2.838691e-07,4.541905e-06,loss,none
cec2017,10,23,fdb-agsk,1.337935e-05,2.140695e-04,win,9.255168e-13,1.943585e-11,win,none
cec2017,10,24,fdb-agsk,3.903547e-09,8.978158e-08,loss,2.810983e-15,7.027457e-14,loss,none
cec2017,10,25,fdb-agsk,5.863518e-07,1.114068e-05,loss,2.175503e-08,3.698356e-07,loss,none
cec2017,10,26,fdb-agsk,9.572996e-05,1.148760e-03,loss,2.884606e-06,4.038449e-05,loss,none
cec2017,10,27,fdb-agsk,4.024061e-04,4.341206e-03,loss,8.178255e-04,8.178255e-03,loss,none
cec2017,10,28,fdb-agsk,7.266200e-04,6.539580e-03,loss,1.048165e-04,1.152981e-03,loss,none
cec2017,10,29,fdb-agsk,1.241759e-08,2.607694e-07,win,1.753672e-15,4.559547e-14,win,none
cec2017,10,30,fdb-agsk,5.678442e-05,7.433487e-04,win,2.949997e-07,4.541905e-06,win,none
cec2017,10,1,atmals-gsk,1.000000e+00,1.000000e+00,tie,1.000000e+00,1.000000e+00,tie,none
cec2017,10,3,atmals-gsk,1.000000e+00,1.000000e+00,tie,1.000000e+00,1.000000e+00,tie,none
cec2017,10,4,atmals-gsk,1.000000e+00,1.000000e+00,tie,1.000000e+00,1.000000e+00,tie,none
cec2017,10,5,atmals-gsk,5.322937e-10,1.543652e-08,win,5.684913e-18,1.250681e-16,win,none
cec2017,10,6,atmals-gsk,1.426620e-02,1.854605e-01,tie,3.473685e-03,3.821053e-02,loss,ns_to_sig
cec2017,10,7,atmals-gsk,5.322937e-10,1.543652e-08,win,3.303682e-18,7.998217e-17,win,none
cec2017,10,8,atmals-gsk,5.322937e-10,1.543652e-08,win,4.972406e-18,1.143653e-16,win,none
cec2017,10,9,atmals-gsk,1.000000e+00,1.000000e+00,tie,1.000000e+00,1.000000e+00,tie,none
cec2017,10,10,atmals-gsk,1.112413e-08,2.002344e-07,win,1.000133e-11,1.800239e-10,win,none
cec2017,10,11,atmals-gsk,5.322937e-10,1.543652e-08,win,3.632047e-20,1.053294e-18,win,none
cec2017,10,12,atmals-gsk,1.423904e-01,1.000000e+00,tie,2.286123e-02,2.286123e-01,tie,none
cec2017,10,13,atmals-gsk,1.801232e-05,2.881972e-04,win,5.939333e-08,9.502933e-07,win,none
cec2017,10,14,atmals-gsk,5.322937e-10,1.543652e-08,win,6.905912e-20,1.933655e-18,win,none
cec2017,10,15,atmals-gsk,9.260875e-07,1.574349e-05,win,1.097508e-11,1.865764e-10,win,none
cec2017,10,16,atmals-gsk,2.580588e-09,4.903116e-08,win,1.953793e-15,3.907586e-14,win,none
cec2017,10,17,atmals-gsk,5.322937e-10,1.543652e-08,win,3.199287e-18,7.998217e-17,win,none
cec2017,10,18,atmals-gsk,6.148302e-05,8.607622e-04,win,4.550642e-06,6.825963e-05,win,none
cec2017,10,19,atmals-gsk,5.322937e-10,1.543652e-08,win,2.939664e-18,7.643127e-17,win,none
cec2017,10,20,atmals-gsk,5.322937e-10,1.543652e-08,win,1.223836e-18,3.304357e-17,win,none
cec2017,10,21,atmals-gsk,7.743886e-01,1.000000e+00,tie,7.729042e-01,1.000000e+00,tie,none
cec2017,10,22,atmals-gsk,3.480009e-01,1.000000e+00,tie,1.131095e-05,1.583533e-04,win,ns_to_sig
cec2017,10,23,atmals-gsk,7.164009e-10,1.543652e-08,win,9.293538e-17,1.951643e-15,win,none
cec2017,10,24,atmals-gsk,1.348968e-01,1.000000e+00,tie,1.313937e-05,1.708118e-04,win,ns_to_sig
cec2017,10,25,atmals-gsk,6.831243e-02,8.197491e-01,tie,2.088314e-01,1.000000e+00,tie,none
cec2017,10,26,atmals-gsk,1.000000e+00,1.000000e+00,tie,3.268926e-01,1.000000e+00,tie,none
cec2017,10,27,atmals-gsk,5.068778e-05,7.603166e-04,win,1.965200e-05,2.358239e-04,win,none
cec2017,10,28,atmals-gsk,1.056454e-01,1.000000e+00,tie,1.739711e-01,1.000000e+00,tie,none
cec2017,10,29,atmals-gsk,2.050526e-09,4.101052e-08,win,5.701154e-15,1.083219e-13,win,none
cec2017,10,30,atmals-gsk,3.003104e-01,1.000000e+00,tie,1.742672e-01,1.000000e+00,tie,none
cec2017,10,1,egsk,1.000000e+00,1.000000e+00,tie,1.000000e+00,1.000000e+00,tie,none
cec2017,10,3,egsk,1.000000e+00,1.000000e+00,tie,1.000000e+00,1.000000e+00,tie,none
cec2017,10,4,egsk,1.000000e+00,1.000000e+00,tie,1.000000e+00,1.000000e+00,tie,none
cec2017,10,5,egsk,3.344852e-05,6.689704e-04,win,6.821823e-07,1.364365e-05,win,none
cec2017,10,6,egsk,1.426620e-02,1.854605e-01,tie,3.473685e-03,4.515790e-02,loss,ns_to_sig
cec2017,10,7,egsk,1.289355e-09,3.481259e-08,win,1.482168e-13,3.853636e-12,win,none
cec2017,10,8,egsk,6.550257e-06,1.441056e-04,win,4.205309e-08,9.251681e-07,win,none
cec2017,10,9,egsk,1.000000e+00,1.000000e+00,tie,1.000000e+00,1.000000e+00,tie,none
cec2017,10,10,egsk,5.649717e-10,1.638418e-08,win,2.392194e-17,6.937361e-16,win,none
cec2017,10,11,egsk,3.710933e-01,1.000000e+00,tie,1.593491e-01,1.000000e+00,tie,none
cec2017,10,12,egsk,7.116971e-02,7.828668e-01,tie,9.422266e-02,1.000000e+00,tie,none
cec2017,10,13,egsk,7.959600e-06,1.671516e-04,win,2.565598e-08,5.900875e-07,win,none
cec2017,10,14,egsk,7.139966e-09,1.856391e-07,win,3.549900e-16,9.939720e-15,win,none
cec2017,10,15,egsk,1.875282e-04,3.375507e-03,win,4.996714e-05,8.494413e-04,win,none
cec2017,10,16,egsk,2.517282e-08,6.293205e-07,win,5.738635e-10,1.377272e-08,win,none
cec2017,10,17,egsk,5.996047e-10,1.678893e-08,win,9.387592e-16,2.534650e-14,win,none
cec2017,10,18,egsk,3.859169e-01,1.000000e+00,tie,5.308947e-02,6.370737e-01,tie,none
cec2017,10,19,egsk,6.654811e-05,1.264414e-03,win,3.988500e-06,7.578149e-05,win,none
cec2017,10,20,egsk,1.756619e-07,4.215886e-06,win,1.080261e-12,2.700653e-11,win,none
cec2017,10,21,egsk,6.303107e-03,8.824349e-02,tie,5.190870e-04,7.786305e-03,win,ns_to_sig
cec2017,10,22,egsk,7.767012e-04,1.224804e-02,win,1.674714e-04,2.679543e-03,win,none
cec2017,10,23,egsk,7.655028e-04,1.224804e-02,win,1.856581e-03,2.599213e-02,win,none
cec2017,10,24,egsk,2.519480e-04,4.283116e-03,win,1.573762e-05,2.832771e-04,win,none
cec2017,10,25,egsk,5.261944e-02,6.314333e-01,tie,2.297073e-01,1.000000e+00,tie,none
cec2017,10,26,egsk,1.000000e+00,1.000000e+00,tie,3.268926e-01,1.000000e+00,tie,none
cec2017,10,27,egsk,4.250395e-06,9.775908e-05,win,1.102202e-07,2.314624e-06,win,none
cec2017,10,28,egsk,4.226780e-01,1.000000e+00,tie,5.675638e-01,1.000000e+00,tie,none
cec2017,10,29,egsk,4.675667e-01,1.000000e+00,tie,4.335997e-01,1.000000e+00,tie,none
cec2017,10,30,egsk,4.283268e-01,1.000000e+00,tie,4.656927e-01,1.000000e+00,tie,none
cec2017,30,1,gsk,1.000000e+00,1.000000e+00,tie,1.000000e+00,1.000000e+00,tie,none
cec2017,30,3,gsk,1.827659e-06,2.741489e-05,win,2.090022e-10,3.344035e-09,win,none
cec2017,30,4,gsk,4.436667e-02,4.880334e-01,tie,6.569567e-02,7.226524e-01,tie,none
cec2017,30,5,gsk,5.322937e-10,1.543652e-08,win,3.303682e-18,9.580676e-17,win,none
cec2017,30,6,gsk,7.824053e-08,1.330089e-06,loss,2.280630e-10,3.420944e-09,loss,none
cec2017,30,7,gsk,5.322937e-10,1.543652e-08,win,3.303682e-18,9.580676e-17,win,none
cec2017,30,8,gsk,5.322937e-10,1.543652e-08,win,3.303682e-18,9.580676e-17,win,none
cec2017,30,9,gsk,3.710933e-01,1.000000e+00,tie,1.593287e-01,1.000000e+00,tie,none
cec2017,30,10,gsk,5.322937e-10,1.543652e-08,win,3.303682e-18,9.580676e-17,win,none
cec2017,30,11,gsk,8.714426e-02,8.714426e-01,tie,1.964636e-01,1.000000e+00,tie,none
cec2017,30,12,gsk,6.094533e-01,1.000000e+00,tie,3.842720e-01,1.000000e+00,tie,none
cec2017,30,13,gsk,5.322937e-10,1.543652e-08,win,5.288121e-18,1.269149e-16,win,none
cec2017,30,14,gsk,1.147168e-09,2.409054e-08,win,3.528772e-15,7.410421e-14,win,none
cec2017,30,15,gsk,2.060339e-06,2.884475e-05,win,7.322711e-07,9.519524e-06,win,none
cec2017,30,16,gsk,9.621213e-10,2.116667e-08,win,5.369626e-14,1.020229e-12,win,none
cec2017,30,17,gsk,2.732681e-09,5.192094e-08,win,8.259072e-15,1.651814e-13,win,none
cec2017,30,18,gsk,1.156030e-07,1.849649e-06,win,1.377988e-10,2.342579e-09,win,none
cec2017,30,19,gsk,1.935570e-09,3.871140e-08,win,1.953793e-15,4.298344e-14,win,none
cec2017,30,20,gsk,1.336673e-04,1.604008e-03,win,2.647780e-04,3.177336e-03,win,none
cec2017,30,21,gsk,5.322937e-10,1.543652e-08,win,3.303682e-18,9.580676e-17,win,none
cec2017,30,22,gsk,1.000000e+00,1.000000e+00,tie,1.000000e+00,1.000000e+00,tie,none
cec2017,30,23,gsk,2.732681e-09,5.192094e-08,win,2.768389e-10,3.875745e-09,win,none
cec2017,30,24,gsk,6.363059e-10,1.543652e-08,win,9.648545e-16,2.219165e-14,win,none
cec2017,30,25,gsk,2.831537e-01,1.000000e+00,tie,3.806186e-01,1.000000e+00,tie,none
cec2017,30,26,gsk,8.686561e-06,1.129253e-04,loss,1.432374e-12,2.578273e-11,loss,none
cec2017,30,27,gsk,3.003104e-01,1.000000e+00,tie,2.524358e-01,1.000000e+00,tie,none
cec2017,30,28,gsk,2.052038e-01,1.000000e+00,tie,1.270177e-01,1.000000e+00,tie,none
cec2017,30,29,gsk,5.147521e-01,1.000000e+00,tie,9.733049e-01,1.000000e+00,tie,none
cec2017,30,30,gsk,2.074058e-01,1.000000e+00,tie,5.425003e-01,1.000000e+00,tie,none
cec2017,30,1,agsk,1.000000e+00,1.000000e+00,tie,1.000000e+00,1.000000e+00,tie,none
cec2017,30,3,agsk,7.821341e-10,1.720695e-08,win,5.290181e-20,1.481251e-18,win,none
cec2017,30,4,agsk,5.645567e-02,3.951897e-01,tie,4.735708e-03,3.341570e-02,loss,ns_to_sig
cec2017,30,5,agsk,5.322937e-10,1.543652e-08,win,8.946906e-18,1.968319e-16,win,none
cec2017,30,6,agsk,1.586520e-05,1.745172e-04,win,1.205185e-04,1.084666e-03,win,none
cec2017,30,7,agsk,9.621213e-10,1.924243e-08,win,3.528772e-15,6.351789e-14,win,none
cec2017,30,8,agsk,5.322937e-10,1.543652e-08,win,3.303682e-18,8.919940e-17,win,none
cec2017,30,9,agsk,5.322937e-10,1.543652e-08,win,2.782412e-20,8.068995e-19,win,none
cec2017,30,10,agsk,2.843476e-06,3.696519e-05,loss,1.872403e-10,2.434124e-09,loss,none
cec2017,30,11,agsk,3.133125e-04,2.819813e-03,win,4.504448e-07,4.504448e-06,win,none
cec2017,30,12,agsk,1.755879e-01,8.779395e-01,tie,1.941550e-01,8.691933e-01,tie,none
cec2017,30,13,agsk,1.147168e-09,2.179620e-08,win,7.340851e-16,1.468170e-14,win,none
cec2017,30,14,agsk,4.464556e-05,4.464556e-04,win,5.270466e-10,6.324559e-09,win,none
cec2017,30,15,agsk,9.961999e-09,1.593920e-07,win,4.729382e-16,9.931701e-15,win,none
cec2017,30,16,agsk,3.433194e-09,6.179749e-08,win,1.071152e-12,1.606728e-11,win,none
cec2017,30,17,agsk,4.307377e-09,7.322540e-08,win,2.749280e-14,4.673775e-13,win,none
cec2017,30,18,agsk,5.322937e-10,1.543652e-08,win,3.303682e-18,8.919940e-17,win,none
cec2017,30,19,agsk,5.322937e-10,1.543652e-08,win,3.303682e-18,8.919940e-17,win,none
cec2017,30,20,agsk,9.071719e-10,1.905061e-08,win,2.176366e-15,4.135096e-14,win,none
cec2017,30,21,agsk,2.872346e-07,4.308519e-06,win,3.956376e-11,5.538927e-10,win,none
cec2017,30,22,agsk,1.000000e+00,1.000000e+00,tie,3.268926e-01,8.691933e-01,tie,none
cec2017,30,23,agsk,5.322937e-10,1.543652e-08,win,4.181225e-18,9.616817e-17,win,none
cec2017,30,24,agsk,5.322937e-10,1.543652e-08,win,3.303682e-18,8.919940e-17,win,none
cec2017,30,25,agsk,6.413208e-02,3.951897e-01,tie,4.189227e-02,2.513536e-01,tie,none
cec2017,30,26,agsk,6.302901e-07,8.824062e-06,loss,7.225940e-13,1.156150e-11,loss,none
cec2017,30,27,agsk,3.558579e-01,1.000000e+00,tie,2.388299e-01,8.691933e-01,tie,none
cec2017,30,28,agsk,1.913791e-01,8.779395e-01,tie,1.738387e-01,8.691933e-01,tie,none
cec2017,30,29,agsk,5.349001e-06,6.418801e-05,win,2.651202e-07,2.916322e-06,win,none
cec2017,30,30,agsk,6.111596e-03,4.889277e-02,win,4.176962e-03,3.341570e-02,win,none
cec2017,30,1,apgsk,8.075024e-08,1.049753e-06,win,8.040697e-14,1.206105e-12,win,none
cec2017,30,3,apgsk,5.322937e-10,1.543652e-08,win,1.390589e-20,4.032707e-19,win,none
cec2017,30,4,apgsk,6.655375e-03,2.662150e-02,loss,3.991174e-02,7.982349e-02,tie,sig_to_ns
cec2017,30,5,apgsk,5.322937e-10,1.543652e-08,win,3.716972e-18,8.920732e-17,win,none
cec2017,30,6,apgsk,8.483030e-08,1.049753e-06,win,1.445213e-09,1.445213e-08,win,none
cec2017,30,7,apgsk,5.996047e-10,1.543652e-08,win,4.005656e-17,8.812444e-16,win,none
cec2017,30,8,apgsk,5.322937e-10,1.543652e-08,win,3.303682e-18,8.919940e-17,win,none
cec2017,30,9,apgsk,5.322937e-10,1.543652e-08,win,2.786987e-20,7.803564e-19,win,none
cec2017,30,10,apgsk,1.632359e-08,2.285303e-07,loss,7.997571e-13,1.039684e-11,loss,none
cec2017,30,11,apgsk,5.349001e-06,4.814101e-05,win,5.184258e-11,6.221110e-10,win,none
cec2017,30,12,apgsk,1.801232e-05,1.260863e-04,win,1.886593e-06,9.432964e-06,win,none
cec2017,30,13,apgsk,1.311799e-08,1.967699e-07,win,1.325902e-14,2.121443e-13,win,none
cec2017,30,14,apgsk,5.719974e-07,6.291971e-06,win,8.759235e-10,9.635158e-09,win,none
cec2017,30,15,apgsk,6.385313e-09,1.085503e-07,win,2.847935e-15,4.841490e-14,win,none
cec2017,30,16,apgsk,9.476720e-06,7.581376e-05,win,1.141111e-06,7.987778e-06,win,none
cec2017,30,17,apgsk,2.300734e-09,4.141320e-08,win,7.754036e-16,1.395727e-14,win,none
cec2017,30,18,apgsk,5.322937e-10,1.543652e-08,win,3.303682e-18,8.919940e-17,win,none
cec2017,30,19,apgsk,5.322937e-10,1.543652e-08,win,3.942357e-18,9.067422e-17,win,none
cec2017,30,20,apgsk,1.627109e-09,3.254218e-08,win,5.280256e-16,1.003249e-14,win,none
cec2017,30,21,apgsk,1.121050e-01,3.363149e-01,tie,7.578869e-07,6.063095e-06,win,ns_to_sig
cec2017,30,22,apgsk,7.266200e-04,3.633100e-03,win,3.320974e-05,1.328389e-04,win,none
cec2017,30,23,apgsk,5.649717e-10,1.543652e-08,win,4.752848e-17,9.945459e-16,win,none
cec2017,30,24,apgsk,5.322937e-10,1.543652e-08,win,3.303682e-18,8.919940e-17,win,none
cec2017,30,25,apgsk,2.357237e-01,4.714474e-01,tie,9.946600e-01,9.946600e-01,tie,none
cec2017,30,26,apgsk,9.961999e-09,1.593920e-07,loss,4.735933e-17,9.945459e-16,loss,none
cec2017,30,27,apgsk,2.172123e-09,4.127034e-08,win,3.137547e-13,4.392565e-12,win,none
cec2017,30,28,apgsk,3.832427e-01,4.714474e-01,tie,3.569385e-03,1.070816e-02,win,ns_to_sig
cec2017,30,29,apgsk,2.734914e-05,1.640948e-04,win,1.262804e-06,7.987778e-06,win,none
cec2017,30,30,apgsk,2.259941e-06,2.259941e-05,win,1.241765e-07,1.117588e-06,win,none
cec2017,30,1,fdb-agsk,1.000000e+00,1.000000e+00,tie,1.000000e+00,1.000000e+00,tie,none
cec2017,30,3,fdb-agsk,5.322937e-10,1.543652e-08,win,1.390589e-20,4.032707e-19,win,none
cec2017,30,4,fdb-agsk,9.811922e-03,4.905961e-02,win,1.044658e-01,3.157494e-01,tie,sig_to_ns
cec2017,30,5,fdb-agsk,5.649717e-10,1.543652e-08,win,5.966579e-17,1.312647e-15,win,none
cec2017,30,6,fdb-agsk,4.067921e-01,1.000000e+00,tie,7.893735e-02,3.157494e-01,tie,none
cec2017,30,7,fdb-agsk,4.307377e-09,8.184016e-08,win,3.825735e-13,6.553675e-12,win,none
cec2017,30,8,fdb-agsk,5.322937e-10,1.543652e-08,win,3.716972e-18,9.664127e-17,win,none
cec2017,30,9,fdb-agsk,5.322937e-10,1.543652e-08,win,2.786987e-20,7.803564e-19,win,none
cec2017,30,10,fdb-agsk,7.645240e-07,1.070334e-05,loss,9.261395e-11,1.389209e-09,loss,none
cec2017,30,11,fdb-agsk,3.617161e-04,3.255445e-03,win,1.306074e-06,1.436681e-05,win,none
cec2017,30,12,fdb-agsk,1.716189e-03,1.201332e-02,win,4.003775e-03,2.402265e-02,win,none
cec2017,30,13,fdb-agsk,3.243223e-09,6.486445e-08,win,1.645874e-16,3.456335e-15,win,none
cec2017,30,14,fdb-agsk,6.148302e-05,6.763132e-04,win,2.291573e-08,2.979044e-07,win,none
cec2017,30,15,fdb-agsk,8.918221e-09,1.516098e-07,win,9.136021e-16,1.827204e-14,win,none
cec2017,30,16,fdb-agsk,6.889674e-08,1.102348e-06,win,8.051684e-10,1.127236e-08,win,none
cec2017,30,17,fdb-agsk,5.996047e-10,1.543652e-08,win,1.199745e-15,2.279516e-14,win,none
cec2017,30,18,fdb-agsk,5.322937e-10,1.543652e-08,win,4.434369e-18,1.108592e-16,win,none
cec2017,30,19,fdb-agsk,5.322937e-10,1.543652e-08,win,3.303682e-18,8.919940e-17,win,none
cec2017,30,20,fdb-agsk,6.752393e-09,1.215431e-07,win,3.640930e-13,6.553675e-12,win,none
cec2017,30,21,fdb-agsk,3.172608e-07,4.758912e-06,win,1.448772e-11,2.318035e-10,win,none
cec2017,30,22,fdb-agsk,3.857426e-03,2.314455e-02,win,5.006236e-04,4.505613e-03,win,none
cec2017,30,23,fdb-agsk,5.996047e-10,1.543652e-08,win,1.693092e-17,3.894112e-16,win,none
cec2017,30,24,fdb-agsk,5.322937e-10,1.543652e-08,win,5.607288e-18,1.345749e-16,win,none
cec2017,30,25,fdb-agsk,2.096183e-04,2.096183e-03,loss,4.406832e-06,4.406832e-05,loss,none
cec2017,30,26,fdb-agsk,4.287878e-05,5.145454e-04,loss,8.341111e-04,6.550551e-03,loss,none
cec2017,30,27,fdb-agsk,2.259941e-06,2.937923e-05,win,1.385499e-07,1.662599e-06,win,none
cec2017,30,28,fdb-agsk,8.303243e-01,1.000000e+00,tie,5.484310e-01,1.000000e+00,tie,none
cec2017,30,29,fdb-agsk,1.414680e-03,1.131744e-02,win,8.188188e-04,6.550551e-03,win,none
cec2017,30,30,fdb-agsk,1.282274e-02,5.129097e-02,tie,7.728702e-03,3.864351e-02,win,ns_to_sig
cec2017,30,1,atmals-gsk,1.000000e+00,1.000000e+00,tie,1.000000e+00,1.000000e+00,tie,none
cec2017,30,3,atmals-gsk,1.000000e+00,1.000000e+00,tie,1.000000e+00,1.000000e+00,tie,none
cec2017,30,4,atmals-gsk,2.613238e-04,3.658533e-03,loss,2.518924e-07,3.526493e-06,loss,none
cec2017,30,5,atmals-gsk,5.322937e-10,1.543652e-08,win,2.132233e-17,5.757028e-16,win,none
cec2017,30,6,atmals-gsk,2.436750e-09,5.604526e-08,win,6.744999e-16,1.551350e-14,win,none
cec2017,30,7,atmals-gsk,3.645313e-05,5.832501e-04,win,3.018265e-10,5.432876e-09,win,none
cec2017,30,8,atmals-gsk,5.322937e-10,1.543652e-08,win,7.085436e-18,2.054776e-16,win,none
cec2017,30,9,atmals-gsk,5.802947e-04,6.383242e-03,win,1.064026e-04,1.276831e-03,win,none
cec2017,30,10,atmals-gsk,6.148302e-05,9.222452e-04,loss,1.661526e-07,2.492289e-06,loss,none
cec2017,30,11,atmals-gsk,4.025151e-04,4.830181e-03,win,2.090662e-04,2.299728e-03,win,none
cec2017,30,12,atmals-gsk,4.967726e-01,1.000000e+00,tie,3.627127e-01,1.000000e+00,tie,none
cec2017,30,13,atmals-gsk,2.028479e-08,4.056959e-07,win,2.651145e-10,5.037176e-09,win,none
cec2017,30,14,atmals-gsk,1.959461e-05,3.331084e-04,win,4.384153e-08,7.014645e-07,win,none
cec2017,30,15,atmals-gsk,6.037671e-09,1.267911e-07,win,6.339421e-15,1.394673e-13,win,none
cec2017,30,16,atmals-gsk,2.914516e-04,3.788871e-03,win,1.955192e-05,2.541749e-04,win,none
cec2017,30,17,atmals-gsk,4.822220e-09,1.060888e-07,win,7.252830e-13,1.523094e-11,win,none
cec2017,30,18,atmals-gsk,1.492681e-07,2.836095e-06,win,7.658538e-09,1.301951e-07,win,none
cec2017,30,19,atmals-gsk,5.322937e-10,1.543652e-08,win,1.508302e-17,4.223247e-16,win,none
cec2017,30,20,atmals-gsk,4.276517e-06,7.697730e-05,win,1.318703e-10,2.637407e-09,win,none
cec2017,30,21,atmals-gsk,6.751958e-10,1.620470e-08,win,3.573202e-17,8.933005e-16,win,none
cec2017,30,22,atmals-gsk,1.000000e+00,1.000000e+00,tie,1.000000e+00,1.000000e+00,tie,none
cec2017,30,23,atmals-gsk,5.322937e-10,1.543652e-08,win,2.683374e-17,6.976773e-16,win,none
cec2017,30,24,atmals-gsk,6.363059e-10,1.590765e-08,win,7.072980e-17,1.697515e-15,win,none
cec2017,30,25,atmals-gsk,1.208277e-01,1.000000e+00,tie,1.321022e-01,1.000000e+00,tie,none
cec2017,30,26,atmals-gsk,2.284002e-01,1.000000e+00,tie,5.211586e-04,5.211586e-03,win,ns_to_sig
cec2017,30,27,atmals-gsk,1.620371e-02,1.620371e-01,tie,4.939744e-03,4.445770e-02,win,ns_to_sig
cec2017,30,28,atmals-gsk,8.348028e-01,1.000000e+00,tie,9.433746e-01,1.000000e+00,tie,none
cec2017,30,29,atmals-gsk,8.038275e-01,1.000000e+00,tie,5.923618e-01,1.000000e+00,tie,none
cec2017,30,30,atmals-gsk,1.000000e+00,1.000000e+00,tie,9.306674e-01,1.000000e+00,tie,none
cec2017,30,1,egsk,1.003482e-01,1.000000e+00,tie,4.339132e-02,6.074785e-01,tie,none
cec2017,30,3,egsk,1.000000e+00,1.000000e+00,tie,1.000000e+00,1.000000e+00,tie,none
cec2017,30,4,egsk,8.052712e-04,1.449488e-02,loss,1.282230e-06,2.308013e-05,loss,none
cec2017,30,5,egsk,1.216866e-07,2.677105e-06,loss,6.848482e-12,1.712121e-10,loss,none
cec2017,30,6,egsk,1.530948e-01,1.000000e+00,tie,6.274880e-02,8.157344e-01,tie,none
cec2017,30,7,egsk,7.164009e-10,2.077563e-08,loss,1.071152e-12,2.892111e-11,loss,none
cec2017,30,8,egsk,6.977206e-06,1.465213e-04,loss,2.036154e-08,4.275923e-07,loss,none
cec2017,30,9,egsk,7.892681e-01,1.000000e+00,tie,5.675127e-01,1.000000e+00,tie,none
cec2017,30,10,egsk,3.471054e-08,8.330530e-07,win,3.151330e-10,7.248059e-09,win,none
cec2017,30,11,egsk,1.201586e-03,2.042697e-02,loss,1.722784e-07,3.273289e-06,loss,none
cec2017,30,12,egsk,1.325574e-03,2.120918e-02,loss,5.141762e-05,8.740996e-04,loss,none
cec2017,30,13,egsk,3.558579e-01,1.000000e+00,tie,2.782679e-01,1.000000e+00,tie,none
cec2017,30,14,egsk,2.141246e-08,5.781364e-07,loss,1.180310e-12,3.068806e-11,loss,none
cec2017,30,15,egsk,9.514168e-01,1.000000e+00,tie,9.519690e-01,1.000000e+00,tie,none
cec2017,30,16,egsk,3.558579e-01,1.000000e+00,tie,3.419271e-01,1.000000e+00,tie,none
cec2017,30,17,egsk,2.212402e-01,1.000000e+00,tie,3.698135e-01,1.000000e+00,tie,none
cec2017,30,18,egsk,2.916472e-01,1.000000e+00,tie,1.873486e-01,1.000000e+00,tie,none
cec2017,30,19,egsk,1.147446e-04,2.180147e-03,win,5.961525e-04,9.538440e-03,win,none
cec2017,30,20,egsk,4.436667e-02,6.211334e-01,tie,6.194252e-03,9.291377e-02,tie,none
cec2017,30,21,egsk,5.029901e-08,1.156877e-06,loss,3.151330e-10,7.248059e-09,loss,none
cec2017,30,22,egsk,1.000000e+00,1.000000e+00,tie,1.000000e+00,1.000000e+00,tie,none
cec2017,30,23,egsk,2.957083e-08,7.392707e-07,loss,2.629829e-11,6.311590e-10,loss,none
cec2017,30,24,egsk,9.897106e-06,1.979421e-04,loss,1.490127e-07,2.980254e-06,loss,none
cec2017,30,25,egsk,3.701507e-02,5.552261e-01,tie,1.082180e-01,1.000000e+00,tie,none
cec2017,30,26,egsk,8.552874e-10,2.394805e-08,loss,2.440717e-16,7.078079e-15,loss,none
cec2017,30,27,egsk,7.393170e-01,1.000000e+00,tie,7.278246e-01,1.000000e+00,tie,none
cec2017,30,28,egsk,8.002597e-02,1.000000e+00,tie,1.501815e-01,1.000000e+00,tie,none
cec2017,30,29,egsk,2.141246e-08,5.781364e-07,loss,6.906428e-13,1.933800e-11,loss,none
cec2017,30,30,egsk,9.141583e-01,1.000000e+00,tie,9.893203e-01,1.000000e+00,tie,none
cec2017,50,1,gsk,5.322937e-10,1.543652e-08,win,3.303682e-18,9.244294e-17,win,none
cec2017,50,3,gsk,5.322937e-10,1.543652e-08,win,3.421036e-19,9.921005e-18,win,none
cec2017,50,4,gsk,4.791335e-01,9.582669e-01,tie,2.267780e-01,6.803341e-01,tie,none
cec2017,50,5,gsk,5.322937e-10,1.543652e-08,win,3.303682e-18,9.244294e-17,win,none
cec2017,50,6,gsk,5.322937e-10,1.543652e-08,loss,3.301534e-18,9.244294e-17,loss,none
cec2017,50,7,gsk,5.322937e-10,1.543652e-08,win,3.303682e-18,9.244294e-17,win,none
cec2017,50,8,gsk,5.322937e-10,1.543652e-08,win,3.303682e-18,9.244294e-17,win,none
cec2017,50,9,gsk,9.223262e-04,8.300936e-03,loss,1.736920e-05,1.736920e-04,loss,none
cec2017,50,10,gsk,5.322937e-10,1.543652e-08,win,3.303682e-18,9.244294e-17,win,none
cec2017,50,11,gsk,3.359406e-05,4.031287e-04,loss,8.291585e-09,9.949902e-08,loss,none
cec2017,50,12,gsk,7.882827e-02,3.153131e-01,tie,5.475604e-02,3.285363e-01,tie,none
cec2017,50,13,gsk,1.935570e-09,3.096912e-08,win,2.941444e-12,4.118022e-11,win,none
cec2017,50,14,gsk,7.164009e-10,1.543652e-08,win,3.394628e-16,5.770868e-15,win,none
cec2017,50,15,gsk,8.329630e-01,9.582669e-01,tie,5.558893e-01,1.000000e+00,tie,none
cec2017,50,16,gsk,8.552874e-10,1.543652e-08,win,1.199745e-15,1.919592e-14,win,none
cec2017,50,17,gsk,5.322937e-10,1.543652e-08,win,1.065249e-17,2.130497e-16,win,none
cec2017,50,18,gsk,5.322937e-10,1.543652e-08,win,1.423520e-17,2.704688e-16,win,none
cec2017,50,19,gsk,4.557729e-09,5.925048e-08,win,3.781517e-11,4.915972e-10,win,none
cec2017,50,20,gsk,5.322937e-10,1.543652e-08,win,3.716972e-18,9.244294e-17,win,none
cec2017,50,21,gsk,5.322937e-10,1.543652e-08,win,3.303682e-18,9.244294e-17,win,none
cec2017,50,22,gsk,2.796742e-09,3.915438e-08,win,1.377064e-12,2.065596e-11,win,none
cec2017,50,23,gsk,1.035805e-02,6.214831e-02,tie,8.829429e-01,1.000000e+00,tie,none
cec2017,50,24,gsk,1.942101e-01,5.826303e-01,tie,1.270255e-01,5.081019e-01,tie,none
cec2017,50,25,gsk,1.147446e-04,1.147446e-03,win,6.454525e-05,5.809072e-04,win,none
cec2017,50,26,gsk,5.678442e-05,6.246286e-04,loss,1.112507e-07,1.223757e-06,loss,none
cec2017,50,27,gsk,5.065759e-02,2.532880e-01,tie,4.684111e-02,3.278878e-01,tie,none
cec2017,50,28,gsk,3.779855e-03,2.645898e-02,win,8.172163e-03,6.537731e-02,tie,sig_to_ns
cec2017,50,29,gsk,1.935570e-09,3.096912e-08,loss,7.484964e-17,1.347294e-15,loss,none
cec2017,50,30,gsk,2.352679e-03,1.882143e-02,loss,7.286976e-02,3.643488e-01,tie,sig_to_ns
cec2017,50,1,agsk,1.396344e-05,6.850224e-05,win,6.835188e-07,4.101113e-06,win,none
cec2017,50,3,agsk,5.322937e-10,1.543652e-08,win,3.421036e-19,9.921005e-18,win,none
cec2017,50,4,agsk,8.744268e-05,2.623280e-04,loss,1.118691e-04,4.382346e-04,loss,none
cec2017,50,5,agsk,5.322937e-10,1.543652e-08,win,3.303682e-18,8.919940e-17,win,none
cec2017,50,6,agsk,7.549138e-09,7.549138e-08,win,5.444050e-12,5.444050e-11,win,none
cec2017,50,7,agsk,5.322937e-10,1.543652e-08,win,3.303682e-18,8.919940e-17,win,none
cec2017,50,8,agsk,5.322937e-10,1.543652e-08,win,3.303682e-18,8.919940e-17,win,none
cec2017,50,9,agsk,5.322937e-10,1.543652e-08,win,1.561885e-18,4.373279e-17,win,none
cec2017,50,10,agsk,5.322937e-10,1.543652e-08,win,3.303682e-18,8.919940e-17,win,none
cec2017,50,11,agsk,5.322937e-10,1.543652e-08,win,3.303682e-18,8.919940e-17,win,none
cec2017,50,12,agsk,6.363059e-10,1.543652e-08,win,1.111126e-16,1.666689e-15,win,none
cec2017,50,13,agsk,6.302901e-07,5.042321e-06,win,3.018265e-10,2.716438e-09,win,none
cec2017,50,14,agsk,6.889674e-08,6.200707e-07,win,2.430224e-12,2.673247e-11,win,none
cec2017,50,15,agsk,6.037671e-09,6.641438e-08,win,2.478591e-14,2.974309e-13,win,none
cec2017,50,16,agsk,5.322937e-10,1.543652e-08,win,2.258526e-17,4.065346e-16,win,none
cec2017,50,17,agsk,1.935570e-09,2.516241e-08,win,2.699037e-15,3.508748e-14,win,none
cec2017,50,18,agsk,5.322937e-10,1.543652e-08,win,3.303682e-18,8.919940e-17,win,none
cec2017,50,19,agsk,5.649717e-10,1.543652e-08,win,3.783339e-17,6.053342e-16,win,none
cec2017,50,20,agsk,8.552874e-10,1.543652e-08,win,1.661325e-15,2.325855e-14,win,none
cec2017,50,21,agsk,5.322937e-10,1.543652e-08,win,3.303682e-18,8.919940e-17,win,none
cec2017,50,22,agsk,1.370045e-05,6.850224e-05,win,6.128918e-09,4.290242e-08,win,none
cec2017,50,23,agsk,5.649717e-10,1.543652e-08,win,4.434369e-18,8.919940e-17,win,none
cec2017,50,24,agsk,5.322937e-10,1.543652e-08,win,3.303682e-18,8.919940e-17,win,none
cec2017,50,25,agsk,3.657093e-01,7.314186e-01,tie,2.903073e-01,5.806146e-01,tie,none
cec2017,50,26,agsk,4.822220e-09,5.786664e-08,win,2.374064e-09,1.899251e-08,win,none
cec2017,50,27,agsk,6.111419e-06,3.666851e-05,loss,1.950225e-06,9.751124e-06,loss,none
cec2017,50,28,agsk,5.957549e-01,7.314186e-01,tie,9.102749e-01,9.102749e-01,tie,none
cec2017,50,29,agsk,5.996047e-10,1.543652e-08,win,3.009466e-17,5.116091e-16,win,none
cec2017,50,30,agsk,8.021611e-07,5.615128e-06,loss,1.095587e-04,4.382346e-04,loss,none
cec2017,50,1,apgsk,5.649717e-10,1.543652e-08,win,8.440635e-18,1.519314e-16,win,none
cec2017,50,3,apgsk,5.322937e-10,1.543652e-08,win,3.421036e-19,9.921005e-18,win,none
cec2017,50,4,apgsk,5.821569e-01,8.676246e-01,tie,1.000000e+00,1.000000e+00,tie,none
cec2017,50,5,apgsk,5.322937e-10,1.543652e-08,win,3.303682e-18,8.919940e-17,win,none
cec2017,50,6,apgsk,1.216238e-09,1.581109e-08,win,5.369626e-14,5.906589e-13,win,none
cec2017,50,7,apgsk,5.322937e-10,1.543652e-08,win,3.303682e-18,8.919940e-17,win,none
cec2017,50,8,apgsk,5.322937e-10,1.543652e-08,win,3.303682e-18,8.919940e-17,win,none
cec2017,50,9,apgsk,5.322937e-10,1.543652e-08,win,1.561885e-18,4.373279e-17,win,none
cec2017,50,10,apgsk,7.981076e-09,7.981076e-08,win,4.139140e-11,3.403365e-10,win,none
cec2017,50,11,apgsk,5.322937e-10,1.543652e-08,win,3.303682e-18,8.919940e-17,win,none
cec2017,50,12,apgsk,5.649717e-10,1.543652e-08,win,4.702631e-18,8.934998e-17,win,none
cec2017,50,13,apgsk,1.792361e-06,1.254653e-05,win,1.011948e-10,7.083638e-10,win,none
cec2017,50,14,apgsk,8.552874e-10,1.543652e-08,win,8.259072e-15,9.910887e-14,win,none
cec2017,50,15,apgsk,1.366751e-09,1.640101e-08,win,2.718945e-16,4.078418e-15,win,none
cec2017,50,16,apgsk,4.071231e-08,3.664108e-07,win,3.781517e-11,3.403365e-10,win,none
cec2017,50,17,apgsk,2.172123e-09,2.389335e-08,win,9.895427e-14,9.895427e-13,win,none
cec2017,50,18,apgsk,5.322937e-10,1.543652e-08,win,3.303682e-18,8.919940e-17,win,none
cec2017,50,19,apgsk,5.649717e-10,1.543652e-08,win,2.533660e-17,4.307222e-16,win,none
cec2017,50,20,apgsk,7.600557e-10,1.543652e-08,win,7.430808e-15,9.660051e-14,win,none
cec2017,50,21,apgsk,5.322937e-10,1.543652e-08,win,3.303682e-18,8.919940e-17,win,none
cec2017,50,22,apgsk,1.280794e-07,1.024635e-06,win,3.566897e-15,4.993656e-14,win,none
cec2017,50,23,apgsk,5.322937e-10,1.543652e-08,win,3.303682e-18,8.919940e-17,win,none
cec2017,50,24,apgsk,5.322937e-10,1.543652e-08,win,3.303682e-18,8.919940e-17,win,none
cec2017,50,25,apgsk,9.836915e-05,4.918458e-04,win,3.296386e-06,1.977832e-05,win,none
cec2017,50,26,apgsk,1.614644e-04,6.458575e-04,win,8.067262e-02,2.420179e-01,tie,sig_to_ns
cec2017,50,27,apgsk,1.461473e-02,4.384418e-02,win,1.231203e-02,4.924812e-02,win,none
cec2017,50,28,apgsk,4.338123e-01,8.676246e-01,tie,1.385027e-01,2.770054e-01,tie,none
cec2017,50,29,apgsk,5.996047e-10,1.543652e-08,win,3.374588e-17,5.399340e-16,win,none
cec2017,50,30,apgsk,1.228033e-05,7.368200e-05,loss,4.266079e-03,2.133040e-02,loss,none
cec2017,50,1,fdb-agsk,4.174776e-01,1.000000e+00,tie,1.391167e-01,5.564668e-01,tie,none
cec2017,50,3,fdb-agsk,5.322937e-10,1.543652e-08,win,3.421036e-19,9.921005e-18,win,none
cec2017,50,4,fdb-agsk,8.620549e-01,1.000000e+00,tie,5.136617e-01,1.000000e+00,tie,none
cec2017,50,5,fdb-agsk,5.322937e-10,1.543652e-08,win,3.303682e-18,8.919940e-17,win,none
cec2017,50,6,fdb-agsk,5.293654e-03,2.646827e-02,win,7.394511e-02,3.697255e-01,tie,sig_to_ns
cec2017,50,7,fdb-agsk,5.322937e-10,1.543652e-08,win,3.716972e-18,8.919940e-17,win,none
cec2017,50,8,fdb-agsk,5.322937e-10,1.543652e-08,win,3.303682e-18,8.919940e-17,win,none
cec2017,50,9,fdb-agsk,5.322937e-10,1.543652e-08,win,1.561885e-18,4.373279e-17,win,none
cec2017,50,10,fdb-agsk,5.322937e-10,1.543652e-08,win,3.942357e-18,8.919940e-17,win,none
cec2017,50,11,fdb-agsk,5.322937e-10,1.543652e-08,win,3.716972e-18,8.919940e-17,win,none
cec2017,50,12,fdb-agsk,5.322937e-10,1.543652e-08,win,2.533660e-17,4.560588e-16,win,none
cec2017,50,13,fdb-agsk,6.387906e-06,4.471534e-05,win,1.932772e-09,1.546218e-08,win,none
cec2017,50,14,fdb-agsk,3.290782e-08,2.961704e-07,win,2.430224e-12,2.430224e-11,win,none
cec2017,50,15,fdb-agsk,3.846183e-09,4.230801e-08,win,1.040961e-13,1.353249e-12,win,none
cec2017,50,16,fdb-agsk,5.649717e-10,1.543652e-08,win,5.894254e-16,8.841380e-15,win,none
cec2017,50,17,fdb-agsk,1.724188e-09,2.241444e-08,win,8.397591e-13,9.237350e-12,win,none
cec2017,50,18,fdb-agsk,5.322937e-10,1.543652e-08,win,3.303682e-18,8.919940e-17,win,none
cec2017,50,19,fdb-agsk,5.322937e-10,1.543652e-08,win,1.598064e-17,3.036321e-16,win,none
cec2017,50,20,fdb-agsk,9.961999e-09,9.961999e-08,win,6.569588e-12,5.912629e-11,win,none
cec2017,50,21,fdb-agsk,5.322937e-10,1.543652e-08,win,3.303682e-18,8.919940e-17,win,none
cec2017,50,22,fdb-agsk,2.732681e-09,3.279217e-08,win,6.988969e-16,9.784556e-15,win,none
cec2017,50,23,fdb-agsk,5.649717e-10,1.543652e-08,win,3.573202e-17,6.074443e-16,win,none
cec2017,50,24,fdb-agsk,5.322937e-10,1.543652e-08,win,3.303682e-18,8.919940e-17,win,none
cec2017,50,25,fdb-agsk,7.606423e-01,1.000000e+00,tie,7.278246e-01,1.000000e+00,tie,none
cec2017,50,26,fdb-agsk,6.363059e-10,1.543652e-08,win,5.280256e-16,8.448409e-15,win,none
cec2017,50,27,fdb-agsk,1.147446e-04,6.884673e-04,loss,3.516956e-04,2.110174e-03,loss,none
cec2017,50,28,fdb-agsk,6.224973e-01,1.000000e+00,tie,4.247102e-01,1.000000e+00,tie,none
cec2017,50,29,fdb-agsk,1.366751e-09,1.913451e-08,win,1.151799e-13,1.382158e-12,win,none
cec2017,50,30,fdb-agsk,8.021611e-07,6.417289e-06,loss,1.645645e-04,1.151952e-03,loss,none
cec2017,50,1,atmals-gsk,5.322937e-10,1.543652e-08,loss,1.390589e-20,4.032707e-19,loss,none
cec2017,50,3,atmals-gsk,6.764582e-05,6.088124e-04,win,3.473448e-06,3.473448e-05,win,none
cec2017,50,4,atmals-gsk,1.046932e-03,5.234658e-03,loss,5.803342e-04,3.482005e-03,loss,none
cec2017,50,5,atmals-gsk,5.322937e-10,1.543652e-08,win,3.303682e-18,9.250308e-17,win,none
cec2017,50,6,atmals-gsk,9.621213e-10,1.849800e-08,win,9.648545e-16,1.929709e-14,win,none
cec2017,50,7,atmals-gsk,1.020312e-09,1.849800e-08,win,5.126244e-15,9.739864e-14,win,none
cec2017,50,8,atmals-gsk,5.322937e-10,1.543652e-08,win,6.683315e-18,1.670829e-16,win,none
cec2017,50,9,atmals-gsk,8.808572e-10,1.849800e-08,win,5.682676e-16,1.193362e-14,win,none
cec2017,50,10,atmals-gsk,3.094884e-05,3.404372e-04,win,1.318859e-05,1.055087e-04,win,none
cec2017,50,11,atmals-gsk,5.322937e-10,1.543652e-08,win,1.343444e-17,3.089920e-16,win,none
cec2017,50,12,atmals-gsk,4.147694e-02,1.659078e-01,tie,2.767232e-02,1.106893e-01,tie,none
cec2017,50,13,atmals-gsk,1.104252e-04,8.834016e-04,win,1.077472e-02,5.387359e-02,tie,sig_to_ns
cec2017,50,14,atmals-gsk,1.081929e-09,1.849800e-08,win,9.674541e-15,1.741417e-13,win,none
cec2017,50,15,atmals-gsk,3.063501e-09,4.901601e-08,win,6.260010e-14,9.390016e-13,win,none
cec2017,50,16,atmals-gsk,1.570564e-07,1.884677e-06,win,5.345581e-09,6.414697e-08,win,none
cec2017,50,17,atmals-gsk,3.860777e-08,5.019010e-07,win,1.448772e-11,1.883403e-10,win,none
cec2017,50,18,atmals-gsk,5.649717e-10,1.543652e-08,win,7.072980e-17,1.556056e-15,win,none
cec2017,50,19,atmals-gsk,5.322937e-10,1.543652e-08,win,1.065249e-17,2.556596e-16,win,none
cec2017,50,20,atmals-gsk,3.243223e-09,4.901601e-08,win,2.610486e-14,4.176778e-13,win,none
cec2017,50,21,atmals-gsk,5.322937e-10,1.543652e-08,win,3.303682e-18,9.250308e-17,win,none
cec2017,50,22,atmals-gsk,4.975945e-04,2.985567e-03,win,6.000871e-06,5.400784e-05,win,none
cec2017,50,23,atmals-gsk,9.071719e-10,1.849800e-08,win,1.074816e-14,1.827187e-13,win,none
cec2017,50,24,atmals-gsk,5.649717e-10,1.543652e-08,win,5.607288e-18,1.457895e-16,win,none
cec2017,50,25,atmals-gsk,4.117847e-05,4.117847e-04,win,1.765261e-06,1.941787e-05,win,none
cec2017,50,26,atmals-gsk,2.385323e-08,3.339452e-07,win,1.094828e-13,1.532760e-12,win,none
cec2017,50,27,atmals-gsk,2.613238e-04,1.829266e-03,win,1.157299e-04,8.101093e-04,win,none
cec2017,50,28,atmals-gsk,6.643703e-02,1.993111e-01,tie,1.916080e-01,5.748239e-01,tie,none
cec2017,50,29,atmals-gsk,5.963887e-01,1.000000e+00,tie,7.177958e-01,1.000000e+00,tie,none
cec2017,50,30,atmals-gsk,9.588839e-01,1.000000e+00,tie,5.469454e-01,1.000000e+00,tie,none
cec2017,50,1,egsk,3.115254e-06,6.230507e-05,win,4.419593e-04,6.187430e-03,win,none
cec2017,50,3,egsk,2.526313e-03,3.284207e-02,loss,2.579604e-04,3.869406e-03,loss,none
cec2017,50,4,egsk,2.025503e-08,5.063756e-07,loss,8.822283e-12,2.117348e-10,loss,none
cec2017,50,5,egsk,3.181464e-01,1.000000e+00,tie,1.618707e-01,8.347003e-01,tie,none
cec2017,50,6,egsk,9.961999e-09,2.689740e-07,loss,9.927463e-17,2.779690e-15,loss,none
cec2017,50,7,egsk,4.536691e-02,3.175684e-01,tie,1.141135e-02,1.178220e-01,tie,none
cec2017,50,8,egsk,7.606423e-01,1.000000e+00,tie,7.837705e-01,1.000000e+00,tie,none
cec2017,50,9,egsk,1.305482e-02,1.436031e-01,tie,3.600257e-02,2.880206e-01,tie,none
cec2017,50,10,egsk,5.322937e-10,1.543652e-08,win,3.303682e-18,9.580676e-17,win,none
cec2017,50,11,egsk,2.478040e-06,5.203884e-05,loss,4.406010e-06,7.490216e-05,loss,none
cec2017,50,12,egsk,5.708468e-09,1.598371e-07,win,1.124432e-12,2.923523e-11,win,none
cec2017,50,13,egsk,9.897106e-06,1.781479e-04,loss,7.843648e-07,1.490293e-05,loss,none
cec2017,50,14,egsk,3.145947e-02,2.516757e-01,tie,1.987922e-03,2.385507e-02,win,ns_to_sig
cec2017,50,15,egsk,1.253839e-01,6.269195e-01,tie,1.391167e-01,8.347003e-01,tie,none
cec2017,50,16,egsk,4.475819e-04,6.713728e-03,loss,2.063316e-07,4.332963e-06,loss,none
cec2017,50,17,egsk,4.276517e-06,8.125382e-05,win,1.444609e-06,2.600297e-05,win,none
cec2017,50,18,egsk,8.329630e-01,1.000000e+00,tie,2.083090e-01,8.347003e-01,tie,none
cec2017,50,19,egsk,1.819983e-08,4.731957e-07,win,9.546718e-12,2.195745e-10,win,none
cec2017,50,20,egsk,1.828521e-07,4.022746e-06,win,3.014550e-11,6.632010e-10,win,none
cec2017,50,21,egsk,4.955996e-02,3.175684e-01,tie,7.180724e-02,5.026507e-01,tie,none
cec2017,50,22,egsk,2.385323e-08,5.486243e-07,win,4.500283e-13,1.215076e-11,win,none
cec2017,50,23,egsk,5.521818e-04,7.730545e-03,loss,5.534916e-04,7.195391e-03,loss,none
cec2017,50,24,egsk,1.441964e-04,2.307143e-03,loss,3.968219e-05,6.349151e-04,loss,none
cec2017,50,25,egsk,3.954226e-05,6.722184e-04,win,3.521623e-07,7.043246e-06,win,none
cec2017,50,26,egsk,8.796043e-03,1.055525e-01,tie,1.071109e-02,1.178220e-01,tie,none
cec2017,50,27,egsk,2.138106e-02,2.138106e-01,tie,1.985577e-02,1.787020e-01,tie,none
cec2017,50,28,egsk,7.606423e-01,1.000000e+00,tie,5.808198e-01,1.000000e+00,tie,none
cec2017,50,29,egsk,2.028479e-08,5.063756e-07,loss,2.006442e-12,5.016104e-11,loss,none
cec2017,50,30,egsk,2.302215e-02,2.138106e-01,tie,2.156601e-01,8.347003e-01,tie,none
cec2017,100,1,gsk,5.322937e-10,1.543652e-08,win,3.303682e-18,9.580676e-17,win,none
cec2017,100,3,gsk,5.322937e-10,1.543652e-08,win,3.303682e-18,9.580676e-17,win,none
cec2017,100,4,gsk,5.525381e-02,3.546032e-01,tie,6.668342e-02,4.001005e-01,tie,none
cec2017,100,5,gsk,2.259941e-06,2.711929e-05,win,3.341312e-04,3.675443e-03,win,none
cec2017,100,6,gsk,7.393170e-01,1.000000e+00,tie,9.429249e-02,4.714624e-01,tie,none
cec2017,100,7,gsk,5.322937e-10,1.543652e-08,win,3.303682e-18,9.580676e-17,win,none
cec2017,100,8,gsk,4.941943e-07,6.918720e-06,win,5.141762e-05,6.170115e-04,win,none
cec2017,100,9,gsk,5.322937e-10,1.543652e-08,win,4.071464e-18,9.580676e-17,win,none
cec2017,100,10,gsk,5.322937e-10,1.543652e-08,win,3.303682e-18,9.580676e-17,win,none
cec2017,100,11,gsk,1.888155e-03,1.699340e-02,win,4.266079e-03,3.412864e-02,win,none
cec2017,100,12,gsk,1.710728e-06,2.223946e-05,loss,2.672515e-08,3.741520e-07,loss,none
cec2017,100,13,gsk,3.509955e-01,1.000000e+00,tie,1.373370e-01,5.493482e-01,tie,none
cec2017,100,14,gsk,5.322937e-10,1.543652e-08,win,7.085436e-18,1.417087e-16,win,none
cec2017,100,15,gsk,5.918311e-04,5.918311e-03,win,2.814868e-02,1.970408e-01,tie,sig_to_ns
cec2017,100,16,gsk,7.181904e-01,1.000000e+00,tie,3.428082e-04,3.675443e-03,loss,ns_to_sig
cec2017,100,17,gsk,5.322937e-10,1.543652e-08,win,3.303682e-18,9.580676e-17,win,none
cec2017,100,18,gsk,5.322937e-10,1.543652e-08,win,3.303682e-18,9.580676e-17,win,none
cec2017,100,19,gsk,2.594531e-06,2.853984e-05,win,2.014708e-05,2.619120e-04,win,none
cec2017,100,20,gsk,5.322937e-10,1.543652e-08,win,3.303682e-18,9.580676e-17,win,none
cec2017,100,21,gsk,8.542671e-02,4.271335e-01,tie,2.903073e-01,8.709219e-01,tie,none
cec2017,100,22,gsk,5.322937e-10,1.543652e-08,win,3.303682e-18,9.580676e-17,win,none
cec2017,100,23,gsk,5.649717e-10,1.543652e-08,loss,1.343444e-17,2.418198e-16,loss,none
cec2017,100,24,gsk,5.322937e-10,1.543652e-08,loss,8.440635e-18,1.603721e-16,loss,none
cec2017,100,25,gsk,3.558579e-01,1.000000e+00,tie,3.219197e-01,8.709219e-01,tie,none
cec2017,100,26,gsk,1.921487e-08,3.074380e-07,loss,8.106075e-11,1.296972e-09,loss,none
cec2017,100,27,gsk,2.732697e-07,4.099046e-06,win,3.743259e-10,5.614889e-09,win,none
cec2017,100,28,gsk,5.142452e-03,4.113962e-02,loss,1.198359e-03,1.078523e-02,loss,none
cec2017,100,29,gsk,1.020312e-09,1.734530e-08,loss,5.578937e-16,9.484193e-15,loss,none
cec2017,100,30,gsk,5.065759e-02,3.546032e-01,tie,5.558893e-01,8.709219e-01,tie,none
cec2017,100,1,agsk,1.088390e-03,7.618730e-03,win,1.443899e-03,1.010730e-02,win,none
cec2017,100,3,agsk,5.322937e-10,1.543652e-08,win,3.303682e-18,9.250308e-17,win,none
cec2017,100,4,agsk,1.216225e-02,7.297350e-02,tie,5.826385e-03,3.495831e-02,loss,ns_to_sig
cec2017,100,5,agsk,5.322937e-10,1.543652e-08,win,3.303682e-18,9.250308e-17,win,none
cec2017,100,6,agsk,5.322937e-10,1.543652e-08,win,3.303682e-18,9.250308e-17,win,none
cec2017,100,7,agsk,5.322937e-10,1.543652e-08,win,3.303682e-18,9.250308e-17,win,none
cec2017,100,8,agsk,5.322937e-10,1.543652e-08,win,3.303682e-18,9.250308e-17,win,none
cec2017,100,9,agsk,5.322937e-10,1.543652e-08,win,3.031333e-18,8.790867e-17,win,none
cec2017,100,10,agsk,5.322937e-10,1.543652e-08,win,3.303682e-18,9.250308e-17,win,none
cec2017,100,11,agsk,5.322937e-10,1.543652e-08,win,3.303682e-18,9.250308e-17,win,none
cec2017,100,12,agsk,5.396753e-09,5.396753e-08,win,3.748019e-14,3.748019e-13,win,none
cec2017,100,13,agsk,1.501996e-01,6.007984e-01,tie,2.580267e-01,7.740800e-01,tie,none
cec2017,100,14,agsk,5.322937e-10,1.543652e-08,win,3.303682e-18,9.250308e-17,win,none
cec2017,100,15,agsk,1.062596e-04,8.500765e-04,win,5.510548e-06,4.408438e-05,win,none
cec2017,100,16,agsk,5.322937e-10,1.543652e-08,win,3.303682e-18,9.250308e-17,win,none
cec2017,100,17,agsk,6.363059e-10,1.543652e-08,win,3.573202e-17,4.287842e-16,win,none
cec2017,100,18,agsk,5.322937e-10,1.543652e-08,win,3.303682e-18,9.250308e-17,win,none
cec2017,100,19,agsk,3.000995e-02,1.500498e-01,tie,1.598820e-01,7.136462e-01,tie,none
cec2017,100,20,agsk,5.649717e-10,1.543652e-08,win,8.381210e-17,9.219331e-16,win,none
cec2017,100,21,agsk,5.322937e-10,1.543652e-08,win,3.303682e-18,9.250308e-17,win,none
cec2017,100,22,agsk,5.322937e-10,1.543652e-08,win,3.303682e-18,9.250308e-17,win,none
cec2017,100,23,agsk,5.322937e-10,1.543652e-08,win,3.303682e-18,9.250308e-17,win,none
cec2017,100,24,agsk,5.322937e-10,1.543652e-08,win,3.303682e-18,9.250308e-17,win,none
cec2017,100,25,agsk,9.290437e-01,1.000000e+00,tie,6.346571e-01,1.000000e+00,tie,none
cec2017,100,26,agsk,5.322937e-10,1.543652e-08,win,3.303682e-18,9.250308e-17,win,none
cec2017,100,27,agsk,8.918882e-01,1.000000e+00,tie,8.252020e-01,1.000000e+00,tie,none
cec2017,100,28,agsk,1.611145e-01,6.007984e-01,tie,1.427292e-01,7.136462e-01,tie,none
cec2017,100,29,agsk,5.322937e-10,1.543652e-08,win,3.303682e-18,9.250308e-17,win,none
cec2017,100,30,agsk,1.291043e-06,1.161938e-05,win,1.824958e-06,1.642462e-05,win,none
cec2017,100,1,apgsk,5.322937e-10,1.543652e-08,win,3.303682e-18,9.250308e-17,win,none
cec2017,100,3,apgsk,5.322937e-10,1.543652e-08,win,3.303682e-18,9.250308e-17,win,none
cec2017,100,4,apgsk,1.611145e-01,4.833436e-01,tie,1.851194e-01,3.702388e-01,tie,none
cec2017,100,5,apgsk,5.322937e-10,1.543652e-08,win,3.303682e-18,9.250308e-17,win,none
cec2017,100,6,apgsk,5.322937e-10,1.543652e-08,win,3.303682e-18,9.250308e-17,win,none
cec2017,100,7,apgsk,5.322937e-10,1.543652e-08,win,3.303682e-18,9.250308e-17,win,none
cec2017,100,8,apgsk,5.322937e-10,1.543652e-08,win,3.303682e-18,9.250308e-17,win,none
cec2017,100,9,apgsk,5.322937e-10,1.543652e-08,win,3.031333e-18,8.790867e-17,win,none
cec2017,100,10,apgsk,5.322937e-10,1.543652e-08,win,3.303682e-18,9.250308e-17,win,none
cec2017,100,11,apgsk,5.322937e-10,1.543652e-08,win,3.303682e-18,9.250308e-17,win,none
cec2017,100,12,apgsk,5.322937e-10,1.543652e-08,win,8.440635e-18,9.284698e-17,win,none
cec2017,100,13,apgsk,7.524406e-04,3.762203e-03,win,4.532255e-04,2.266128e-03,win,none
cec2017,100,14,apgsk,5.322937e-10,1.543652e-08,win,3.303682e-18,9.250308e-17,win,none
cec2017,100,15,apgsk,2.957083e-08,2.365666e-07,win,2.327177e-13,2.094459e-12,win,none
cec2017,100,16,apgsk,1.652371e-07,9.914223e-07,win,3.151330e-10,1.890798e-09,win,none
cec2017,100,17,apgsk,4.071231e-08,2.849862e-07,win,3.014550e-11,2.110185e-10,win,none
cec2017,100,18,apgsk,5.322937e-10,1.543652e-08,win,3.303682e-18,9.250308e-17,win,none
cec2017,100,19,apgsk,2.470180e-01,4.940359e-01,tie,8.788892e-02,2.636667e-01,tie,none
cec2017,100,20,apgsk,1.311799e-08,1.180619e-07,win,9.546718e-12,7.637374e-11,win,none
cec2017,100,21,apgsk,5.322937e-10,1.543652e-08,win,3.303682e-18,9.250308e-17,win,none
cec2017,100,22,apgsk,5.322937e-10,1.543652e-08,win,3.303682e-18,9.250308e-17,win,none
cec2017,100,23,apgsk,5.322937e-10,1.543652e-08,win,3.303682e-18,9.250308e-17,win,none
cec2017,100,24,apgsk,5.322937e-10,1.543652e-08,win,3.303682e-18,9.250308e-17,win,none
cec2017,100,25,apgsk,4.054982e-02,1.621993e-01,tie,3.678659e-02,1.471464e-01,tie,none
cec2017,100,26,apgsk,5.322937e-10,1.543652e-08,win,3.303682e-18,9.250308e-17,win,none
cec2017,100,27,apgsk,5.322937e-10,1.543652e-08,win,3.303682e-18,9.250308e-17,win,none
cec2017,100,28,apgsk,4.228818e-01,4.940359e-01,tie,6.394346e-01,6.394346e-01,tie,none
cec2017,100,29,apgsk,5.322937e-10,1.543652e-08,win,3.303682e-18,9.250308e-17,win,none
cec2017,100,30,apgsk,1.448669e-09,1.543652e-08,win,3.380784e-14,3.380784e-13,win,none
cec2017,100,1,fdb-agsk,6.971367e-02,4.182820e-01,tie,2.912263e-02,2.038584e-01,tie,none
cec2017,100,3,fdb-agsk,5.322937e-10,1.543652e-08,win,3.303682e-18,9.250308e-17,win,none
cec2017,100,4,fdb-agsk,3.413978e-01,1.000000e+00,tie,1.659331e-01,8.296656e-01,tie,none
cec2017,100,5,fdb-agsk,5.322937e-10,1.543652e-08,win,3.303682e-18,9.250308e-17,win,none
cec2017,100,6,fdb-agsk,5.322937e-10,1.543652e-08,win,3.303682e-18,9.250308e-17,win,none
cec2017,100,7,fdb-agsk,5.322937e-10,1.543652e-08,win,3.303682e-18,9.250308e-17,win,none
cec2017,100,8,fdb-agsk,5.322937e-10,1.543652e-08,win,3.303682e-18,9.250308e-17,win,none
cec2017,100,9,fdb-agsk,5.322937e-10,1.543652e-08,win,3.031333e-18,8.790867e-17,win,none
cec2017,100,10,fdb-agsk,5.322937e-10,1.543652e-08,win,3.303682e-18,9.250308e-17,win,none
cec2017,100,11,fdb-agsk,5.322937e-10,1.543652e-08,win,3.303682e-18,9.250308e-17,win,none
cec2017,100,12,fdb-agsk,5.322937e-10,1.543652e-08,win,2.392194e-17,2.870632e-16,win,none
cec2017,100,13,fdb-agsk,1.501996e-01,7.509979e-01,tie,2.608540e-01,9.446880e-01,tie,none
cec2017,100,14,fdb-agsk,5.322937e-10,1.543652e-08,win,3.303682e-18,9.250308e-17,win,none
cec2017,100,15,fdb-agsk,2.599617e-07,2.599617e-06,win,1.261217e-11,1.261217e-10,win,none
cec2017,100,16,fdb-agsk,5.649717e-10,1.543652e-08,win,1.793692e-17,2.331800e-16,win,none
cec2017,100,17,fdb-agsk,3.433194e-09,3.776513e-08,win,5.369626e-14,5.906589e-13,win,none
cec2017,100,18,fdb-agsk,5.322937e-10,1.543652e-08,win,3.303682e-18,9.250308e-17,win,none
cec2017,100,19,fdb-agsk,3.273195e-01,1.000000e+00,tie,7.581854e-01,1.000000e+00,tie,none
cec2017,100,20,fdb-agsk,4.061809e-07,3.655628e-06,win,1.287994e-07,1.159195e-06,win,none
cec2017,100,21,fdb-agsk,5.322937e-10,1.543652e-08,win,3.303682e-18,9.250308e-17,win,none
cec2017,100,22,fdb-agsk,5.322937e-10,1.543652e-08,win,3.303682e-18,9.250308e-17,win,none
cec2017,100,23,fdb-agsk,5.322937e-10,1.543652e-08,win,3.303682e-18,9.250308e-17,win,none
cec2017,100,24,fdb-agsk,5.322937e-10,1.543652e-08,win,3.303682e-18,9.250308e-17,win,none
cec2017,100,25,fdb-agsk,3.374617e-02,2.362232e-01,tie,4.758663e-02,2.855198e-01,tie,none
cec2017,100,26,fdb-agsk,5.322937e-10,1.543652e-08,win,3.303682e-18,9.250308e-17,win,none
cec2017,100,27,fdb-agsk,6.226437e-01,1.000000e+00,tie,7.889239e-01,1.000000e+00,tie,none
cec2017,100,28,fdb-agsk,3.657093e-01,1.000000e+00,tie,2.361720e-01,9.446880e-01,tie,none
cec2017,100,29,fdb-agsk,5.649717e-10,1.543652e-08,win,7.511418e-18,1.051599e-16,win,none
cec2017,100,30,fdb-agsk,1.740380e-04,1.392304e-03,win,8.784379e-05,7.027503e-04,win,none
cec2017,100,1,atmals-gsk,1.726182e-01,1.000000e+00,tie,4.990639e-01,1.000000e+00,tie,none
cec2017,100,3,atmals-gsk,9.141583e-01,1.000000e+00,tie,3.916292e-01,1.000000e+00,tie,none
cec2017,100,4,atmals-gsk,7.393170e-01,1.000000e+00,tie,9.466398e-01,1.000000e+00,tie,none
cec2017,100,5,atmals-gsk,5.322937e-10,1.543652e-08,win,3.716972e-18,9.664127e-17,win,none
cec2017,100,6,atmals-gsk,5.322937e-10,1.543652e-08,win,3.303682e-18,9.250308e-17,win,none
cec2017,100,7,atmals-gsk,5.322937e-10,1.543652e-08,win,3.716972e-18,9.664127e-17,win,none
cec2017,100,8,atmals-gsk,5.322937e-10,1.543652e-08,win,3.942357e-18,9.664127e-17,win,none
cec2017,100,9,atmals-gsk,5.322937e-10,1.543652e-08,win,3.031333e-18,8.790867e-17,win,none
cec2017,100,10,atmals-gsk,5.242733e-05,5.767007e-04,win,8.994662e-07,1.079359e-05,win,none
cec2017,100,11,atmals-gsk,5.322937e-10,1.543652e-08,win,1.005104e-17,2.211228e-16,win,none
cec2017,100,12,atmals-gsk,8.697031e-01,1.000000e+00,tie,6.346571e-01,1.000000e+00,tie,none
cec2017,100,13,atmals-gsk,1.000000e+00,1.000000e+00,tie,2.388299e-01,1.000000e+00,tie,none
cec2017,100,14,atmals-gsk,5.322937e-10,1.543652e-08,win,1.900186e-17,3.990390e-16,win,none
cec2017,100,15,atmals-gsk,4.706071e-07,6.588500e-06,win,2.291573e-08,2.979044e-07,win,none
cec2017,100,16,atmals-gsk,3.831592e-03,2.682115e-02,win,8.302261e-02,5.811583e-01,tie,sig_to_ns
cec2017,100,17,atmals-gsk,1.175358e-08,1.880574e-07,win,2.804534e-12,4.487254e-11,win,none
cec2017,100,18,atmals-gsk,5.996047e-10,1.543652e-08,win,1.740588e-16,3.307117e-15,win,none
cec2017,100,19,atmals-gsk,4.061809e-07,6.092714e-06,win,8.975392e-09,1.256555e-07,win,none
cec2017,100,20,atmals-gsk,2.732681e-09,4.645557e-08,win,2.699037e-15,4.858266e-14,win,none
cec2017,100,21,atmals-gsk,5.322937e-10,1.543652e-08,win,3.186872e-17,6.373744e-16,win,none
cec2017,100,22,atmals-gsk,5.115753e-06,6.138903e-05,win,8.291585e-09,1.243738e-07,win,none
cec2017,100,23,atmals-gsk,2.478040e-06,3.221452e-05,win,1.396931e-06,1.536624e-05,win,none
cec2017,100,24,atmals-gsk,1.935570e-09,3.484026e-08,win,7.047900e-15,1.198143e-13,win,none
cec2017,100,25,atmals-gsk,3.657093e-01,1.000000e+00,tie,7.530978e-01,1.000000e+00,tie,none
cec2017,100,26,atmals-gsk,5.649717e-10,1.543652e-08,win,5.288121e-18,1.216268e-16,win,none
cec2017,100,27,atmals-gsk,5.322937e-10,1.543652e-08,win,3.504317e-18,9.461655e-17,win,none
cec2017,100,28,atmals-gsk,1.088390e-03,8.707120e-03,loss,3.994571e-04,3.595114e-03,loss,none
cec2017,100,29,atmals-gsk,1.022425e-04,9.201828e-04,win,2.789093e-04,2.789093e-03,win,none
cec2017,100,30,atmals-gsk,5.456469e-05,5.767007e-04,loss,6.908052e-04,5.526442e-03,loss,none
cec2017,100,1,egsk,2.580588e-09,4.128940e-08,win,7.917977e-12,1.029337e-10,win,none
cec2017,100,3,egsk,5.322937e-10,1.543652e-08,loss,3.303682e-18,9.248303e-17,loss,none
cec2017,100,4,egsk,5.322937e-10,1.543652e-08,loss,3.302965e-18,9.248303e-17,loss,none
cec2017,100,5,egsk,6.765913e-01,1.000000e+00,tie,8.147939e-01,1.000000e+00,tie,none
cec2017,100,6,egsk,9.071719e-10,1.814344e-08,win,8.259072e-15,1.569224e-13,win,none
cec2017,100,7,egsk,9.103423e-05,8.193080e-04,win,1.063703e-05,9.694408e-05,win,none
cec2017,100,8,egsk,1.142377e-01,5.711883e-01,tie,6.569490e-02,3.284745e-01,tie,none
cec2017,100,9,egsk,5.322937e-10,1.543652e-08,win,3.031333e-18,8.790867e-17,win,none
cec2017,100,10,egsk,1.216238e-09,2.189228e-08,win,2.105828e-13,3.579907e-12,win,none
cec2017,100,11,egsk,3.094884e-05,3.404372e-04,loss,9.694408e-06,9.694408e-05,loss,none
cec2017,100,12,egsk,5.322937e-10,1.543652e-08,win,3.303682e-18,9.248303e-17,win,none
cec2017,100,13,egsk,5.322937e-10,1.543652e-08,loss,3.303682e-18,9.248303e-17,loss,none
cec2017,100,14,egsk,3.461755e-01,1.000000e+00,tie,5.118979e-01,1.000000e+00,tie,none
cec2017,100,15,egsk,5.322937e-10,1.543652e-08,loss,5.325716e-17,1.278172e-15,loss,none
cec2017,100,16,egsk,5.322937e-10,1.543652e-08,loss,1.243402e-16,2.859825e-15,loss,none
cec2017,100,17,egsk,5.454523e-01,1.000000e+00,tie,9.893203e-01,1.000000e+00,tie,none
cec2017,100,18,egsk,1.738290e-07,2.259777e-06,loss,2.673879e-12,3.743430e-11,loss,none
cec2017,100,19,egsk,4.287878e-05,4.287878e-04,loss,5.293145e-08,6.351775e-07,loss,none
cec2017,100,20,egsk,2.580588e-09,4.128940e-08,win,1.364803e-12,2.183685e-11,win,none
cec2017,100,21,egsk,1.184345e-02,7.106071e-02,tie,9.050098e-03,5.430059e-02,tie,none
cec2017,100,22,egsk,6.751958e-10,1.543652e-08,win,1.490766e-15,3.130608e-14,win,none
cec2017,100,23,egsk,5.649717e-10,1.543652e-08,loss,1.946423e-16,4.282130e-15,loss,none
cec2017,100,24,egsk,1.241759e-08,1.738463e-07,loss,1.912378e-12,2.868567e-11,loss,none
cec2017,100,25,egsk,5.963887e-01,1.000000e+00,tie,4.296799e-01,1.000000e+00,tie,none
cec2017,100,26,egsk,5.521818e-04,4.417454e-03,loss,1.831035e-04,1.281725e-03,loss,none
cec2017,100,27,egsk,1.535364e-09,2.610119e-08,win,7.430808e-15,1.486162e-13,win,none
cec2017,100,28,egsk,9.071719e-10,1.814344e-08,loss,2.270918e-14,4.087653e-13,loss,none
cec2017,100,29,egsk,6.302901e-07,7.563482e-06,loss,2.949997e-07,3.244997e-06,loss,none
cec2017,100,30,egsk,5.716864e-04,4.417454e-03,win,1.157299e-04,9.258392e-04,win,none
