suite,dimension,function,algorithm,best,median,mean,worst,sd,source_path
cec2017,30,1,gsk,0.000000e+00,0.000000e+00,0.000000e+00,0.000000e+00,0.000000e+00,cec2017/gsk/gsk_cec2017_D30.csv
cec2017,30,1,agsk,0.000000e+00,0.000000e+00,0.000000e+00,0.000000e+00,0.000000e+00,cec2017/agsk/agsk_cec2017_D30.csv
cec2017,30,1,apgsk,0.000000e+00,7.825602e-08,5.445915e-06,1.225353e-04,1.825254e-05,cec2017/apgsk/apgsk_cec2017_D30.csv
cec2017,30,1,fdb-agsk,0.000000e+00,0.000000e+00,0.000000e+00,0.000000e+00,0.000000e+00,cec2017/fdb-agsk/fdb-agsk_cec2017_D30.csv
cec2017,30,1,atmals-gsk,0.000000e+00,0.000000e+00,0.000000e+00,0.000000e+00,0.000000e+00,cec2017/atmals-gsk/atmals-gsk_cec2017_D30.csv
cec2017,30,1,egsk,0.000000e+00,0.000000e+00,1.408343e-01,7.182543e+00,1.005757e+00,cec2017/egsk/egsk_cec2017_D30.csv
cec2017,30,1,dt-gsk,0.000000e+00,0.000000e+00,0.000000e+00,0.000000e+00,0.000000e+00,cec2017/dt-gsk/dt-gsk_cec2017_D30.csv
cec2017,30,3,gsk,0.000000e+00,1.301240e-08,3.360805e-08,3.376965e-07,6.217708e-08,cec2017/gsk/gsk_cec2017_D30.csv
cec2017,30,3,agsk,0.000000e+00,1.936441e-04,1.242266e-02,2.522497e-01,4.624697e-02,cec2017/agsk/agsk_cec2017_D30.csv
cec2017,30,3,apgsk,9.305791e-05,1.392759e-01,6.837591e-01,5.623211e+00,1.182863e+00,cec2017/apgsk/apgsk_cec2017_D30.csv
cec2017,30,3,fdb-agsk,3.834794e-07,1.464090e-03,7.824140e-02,2.083084e+00,3.164833e-01,cec2017/fdb-agsk/fdb-agsk_cec2017_D30.csv
cec2017,30,3,atmals-gsk,0.000000e+00,0.000000e+00,0.000000e+00,0.000000e+00,0.000000e+00,cec2017/atmals-gsk/atmals-gsk_cec2017_D30.csv
cec2017,30,3,egsk,0.000000e+00,0.000000e+00,0.000000e+00,0.000000e+00,0.000000e+00,cec2017/egsk/egsk_cec2017_D30.csv
cec2017,30,3,dt-gsk,0.000000e+00,0.000000e+00,0.000000e+00,0.000000e+00,0.000000e+00,cec2017/dt-gsk/dt-gsk_cec2017_D30.csv
cec2017,30,4,gsk,3.687634e-06,3.987931e+00,5.032587e+00,7.235846e+01,1.387453e+01,cec2017/gsk/gsk_cec2017_D30.csv
cec2017,30,4,agsk,3.679519e-07,3.986624e+00,7.935848e+00,5.856156e+01,1.629388e+01,cec2017/agsk/agsk_cec2017_D30.csv
cec2017,30,4,apgsk,1.691509e-04,5.444887e-01,4.605692e+00,6.933112e+01,1.336090e+01,cec2017/apgsk/apgsk_cec2017_D30.csv
cec2017,30,4,fdb-agsk,1.237324e-05,5.856156e+01,3.617866e+01,1.110140e+02,3.323491e+01,cec2017/fdb-agsk/fdb-agsk_cec2017_D30.csv
cec2017,30,4,atmals-gsk,0.000000e+00,3.986624e+00,5.929577e+00,6.411740e+01,1.436613e+01,cec2017/atmals-gsk/atmals-gsk_cec2017_D30.csv
cec2017,30,4,egsk,0.000000e+00,3.986624e+00,6.499621e+00,7.188897e+01,1.599080e+01,cec2017/egsk/egsk_cec2017_D30.csv
cec2017,30,4,dt-gsk,1.155591e-03,4.011175e+00,1.514117e+01,7.362884e+01,2.564513e+01,cec2017/dt-gsk/dt-gsk_cec2017_D30.csv
cec2017,30,5,gsk,1.159407e+02,1.617959e+02,1.587908e+02,1.752183e+02,1.231623e+01,cec2017/gsk/gsk_cec2017_D30.csv
cec2017,30,5,agsk,6.980499e+01,9.240314e+01,9.219351e+01,1.143736e+02,1.080798e+01,cec2017/agsk/agsk_cec2017_D30.csv
cec2017,30,5,apgsk,6.584468e+01,1.152644e+02,1.132089e+02,1.409701e+02,1.581431e+01,cec2017/apgsk/apgsk_cec2017_D30.csv
cec2017,30,5,fdb-agsk,5.667772e+01,7.052457e+01,7.159968e+01,9.418200e+01,8.178287e+00,cec2017/fdb-agsk/fdb-agsk_cec2017_D30.csv
cec2017,30,5,atmals-gsk,4.282808e+01,7.903931e+01,7.995498e+01,1.333475e+02,2.036074e+01,cec2017/atmals-gsk/atmals-gsk_cec2017_D30.csv
cec2017,30,5,egsk,8.954632e+00,1.890422e+01,2.040664e+01,4.377814e+01,6.917428e+00,cec2017/egsk/egsk_cec2017_D30.csv
cec2017,30,5,dt-gsk,2.135212e+01,2.971199e+01,3.141408e+01,8.656117e+01,9.220085e+00,cec2017/dt-gsk/dt-gsk_cec2017_D30.csv
cec2017,30,6,gsk,0.000000e+00,1.368736e-07,8.163106e-07,4.674389e-06,1.246479e-06,cec2017/gsk/gsk_cec2017_D30.csv
cec2017,30,6,agsk,0.000000e+00,1.065910e-05,2.563776e-05,2.026597e-04,3.758840e-05,cec2017/agsk/agsk_cec2017_D30.csv
cec2017,30,6,apgsk,4.890080e-08,2.129327e-05,4.660671e-05,5.476394e-04,9.461765e-05,cec2017/apgsk/apgsk_cec2017_D30.csv
cec2017,30,6,fdb-agsk,0.000000e+00,1.556822e-06,1.023504e-05,1.107268e-04,2.462478e-05,cec2017/fdb-agsk/fdb-agsk_cec2017_D30.csv
cec2017,30,6,atmals-gsk,2.771690e-06,4.132358e-05,8.848600e-05,4.394475e-04,1.104506e-04,cec2017/atmals-gsk/atmals-gsk_cec2017_D30.csv
cec2017,30,6,egsk,0.000000e+00,1.676701e-06,4.767868e-06,5.520720e-05,9.138450e-06,cec2017/egsk/egsk_cec2017_D30.csv
cec2017,30,6,dt-gsk,0.000000e+00,3.302391e-06,4.895485e-06,4.001185e-05,6.472282e-06,cec2017/dt-gsk/dt-gsk_cec2017_D30.csv
cec2017,30,7,gsk,1.478229e+02,1.891491e+02,1.869531e+02,2.037402e+02,1.132546e+01,cec2017/gsk/gsk_cec2017_D30.csv
cec2017,30,7,agsk,9.340493e+01,1.246584e+02,1.241094e+02,1.394913e+02,8.841676e+00,cec2017/agsk/agsk_cec2017_D30.csv
cec2017,30,7,apgsk,1.028144e+02,1.475832e+02,1.475641e+02,2.026750e+02,2.271233e+01,cec2017/apgsk/apgsk_cec2017_D30.csv
cec2017,30,7,fdb-agsk,7.521332e+01,1.048213e+02,1.042025e+02,1.289318e+02,1.200555e+01,cec2017/fdb-agsk/fdb-agsk_cec2017_D30.csv
cec2017,30,7,atmals-gsk,6.264164e+01,8.404409e+01,8.660768e+01,1.248866e+02,1.507099e+01,cec2017/atmals-gsk/atmals-gsk_cec2017_D30.csv
cec2017,30,7,egsk,3.712575e+01,5.097502e+01,5.178693e+01,6.503890e+01,6.653638e+00,cec2017/egsk/egsk_cec2017_D30.csv
cec2017,30,7,dt-gsk,5.372293e+01,6.391667e+01,6.936381e+01,1.436321e+02,1.923646e+01,cec2017/dt-gsk/dt-gsk_cec2017_D30.csv
cec2017,30,8,gsk,1.217024e+02,1.626235e+02,1.592095e+02,1.722457e+02,1.075543e+01,cec2017/gsk/gsk_cec2017_D30.csv
cec2017,30,8,agsk,7.273021e+01,9.981527e+01,9.659713e+01,1.179759e+02,1.192123e+01,cec2017/agsk/agsk_cec2017_D30.csv
cec2017,30,8,apgsk,7.407725e+01,1.138650e+02,1.114289e+02,1.386771e+02,1.442357e+01,cec2017/apgsk/apgsk_cec2017_D30.csv
cec2017,30,8,fdb-agsk,4.825920e+01,7.878139e+01,7.791659e+01,1.046755e+02,1.142051e+01,cec2017/fdb-agsk/fdb-agsk_cec2017_D30.csv
cec2017,30,8,atmals-gsk,4.284922e+01,8.462938e+01,8.324469e+01,1.274270e+02,2.014780e+01,cec2017/atmals-gsk/atmals-gsk_cec2017_D30.csv
cec2017,30,8,egsk,9.949591e+00,2.288405e+01,2.390742e+01,5.074276e+01,7.825659e+00,cec2017/egsk/egsk_cec2017_D30.csv
cec2017,30,8,dt-gsk,2.275978e+01,3.160975e+01,3.212385e+01,5.969746e+01,6.354848e+00,cec2017/dt-gsk/dt-gsk_cec2017_D30.csv
cec2017,30,9,gsk,0.000000e+00,0.000000e+00,0.000000e+00,0.000000e+00,0.000000e+00,cec2017/gsk/gsk_cec2017_D30.csv
cec2017,30,9,agsk,3.581130e-01,4.088874e+00,5.798967e+00,3.098687e+01,5.766212e+00,cec2017/agsk/agsk_cec2017_D30.csv
cec2017,30,9,apgsk,2.685848e-01,1.808838e+01,3.547060e+01,4.962407e+02,7.209725e+01,cec2017/apgsk/apgsk_cec2017_D30.csv
cec2017,30,9,fdb-agsk,2.752011e-01,1.540200e+00,2.934280e+00,2.064062e+01,3.551050e+00,cec2017/fdb-agsk/fdb-agsk_cec2017_D30.csv
cec2017,30,9,atmals-gsk,0.000000e+00,0.000000e+00,1.314762e-01,9.086480e-01,2.381299e-01,cec2017/atmals-gsk/atmals-gsk_cec2017_D30.csv
cec2017,30,9,egsk,0.000000e+00,0.000000e+00,1.755456e-03,8.952825e-02,1.253646e-02,cec2017/egsk/egsk_cec2017_D30.csv
cec2017,30,9,dt-gsk,0.000000e+00,0.000000e+00,3.510912e-03,8.952825e-02,1.755105e-02,cec2017/dt-gsk/dt-gsk_cec2017_D30.csv
cec2017,30,10,gsk,5.946057e+03,6.764853e+03,6.722522e+03,7.160448e+03,2.998146e+02,cec2017/gsk/gsk_cec2017_D30.csv
cec2017,30,10,agsk,2.728084e+03,3.227811e+03,3.261640e+03,3.793086e+03,2.408196e+02,cec2017/agsk/agsk_cec2017_D30.csv
cec2017,30,10,apgsk,2.311814e+03,2.854189e+03,2.853811e+03,3.149217e+03,1.900446e+02,cec2017/apgsk/apgsk_cec2017_D30.csv
cec2017,30,10,fdb-agsk,2.547642e+03,3.247923e+03,3.213577e+03,3.713297e+03,3.070783e+02,cec2017/fdb-agsk/fdb-agsk_cec2017_D30.csv
cec2017,30,10,atmals-gsk,1.852223e+03,3.190285e+03,3.225911e+03,4.724339e+03,6.246213e+02,cec2017/atmals-gsk/atmals-gsk_cec2017_D30.csv
cec2017,30,10,egsk,3.560880e+03,5.255216e+03,5.158749e+03,6.386231e+03,7.884660e+02,cec2017/egsk/egsk_cec2017_D30.csv
cec2017,30,10,dt-gsk,1.539719e+03,4.028998e+03,3.934407e+03,5.314709e+03,7.710090e+02,cec2017/dt-gsk/dt-gsk_cec2017_D30.csv
cec2017,30,11,gsk,9.949875e-01,7.100521e+00,3.248816e+01,1.025105e+02,3.836986e+01,cec2017/gsk/gsk_cec2017_D30.csv
cec2017,30,11,agsk,7.429929e+00,2.112421e+01,2.078549e+01,3.787726e+01,6.968462e+00,cec2017/agsk/agsk_cec2017_D30.csv
cec2017,30,11,apgsk,7.575564e+00,2.949600e+01,3.137623e+01,5.347468e+01,1.105025e+01,cec2017/apgsk/apgsk_cec2017_D30.csv
cec2017,30,11,fdb-agsk,6.667319e+00,1.738868e+01,2.441520e+01,8.260443e+01,1.880819e+01,cec2017/fdb-agsk/fdb-agsk_cec2017_D30.csv
cec2017,30,11,atmals-gsk,3.979836e+00,1.692108e+01,2.616528e+01,9.649088e+01,2.310915e+01,cec2017/atmals-gsk/atmals-gsk_cec2017_D30.csv
cec2017,30,11,egsk,1.989918e+00,5.969755e+00,1.222865e+01,6.694385e+01,1.900477e+01,cec2017/egsk/egsk_cec2017_D30.csv
cec2017,30,11,dt-gsk,3.442091e+00,1.141708e+01,1.659028e+01,7.241929e+01,1.677101e+01,cec2017/dt-gsk/dt-gsk_cec2017_D30.csv
cec2017,30,12,gsk,7.851985e+02,4.627670e+03,6.259332e+03,2.202329e+04,4.511303e+03,cec2017/gsk/gsk_cec2017_D30.csv
cec2017,30,12,agsk,1.463541e+03,7.773933e+03,8.015123e+03,2.296529e+04,5.021011e+03,cec2017/agsk/agsk_cec2017_D30.csv
cec2017,30,12,apgsk,3.791563e+03,9.913380e+03,1.336781e+04,5.224117e+04,9.349680e+03,cec2017/apgsk/apgsk_cec2017_D30.csv
cec2017,30,12,fdb-agsk,1.864324e+03,8.458474e+03,1.008618e+04,3.975106e+04,7.111533e+03,cec2017/fdb-agsk/fdb-agsk_cec2017_D30.csv
cec2017,30,12,atmals-gsk,2.962795e+02,5.482569e+03,6.268750e+03,2.239328e+04,4.972008e+03,cec2017/atmals-gsk/atmals-gsk_cec2017_D30.csv
cec2017,30,12,egsk,2.406016e+02,3.034433e+03,3.712648e+03,1.336942e+04,3.236383e+03,cec2017/egsk/egsk_cec2017_D30.csv
cec2017,30,12,dt-gsk,2.773600e+02,6.024057e+03,6.680450e+03,1.794263e+04,4.172776e+03,cec2017/dt-gsk/dt-gsk_cec2017_D30.csv
cec2017,30,13,gsk,5.186243e+01,7.920756e+01,9.605273e+01,1.874448e+02,3.718347e+01,cec2017/gsk/gsk_cec2017_D30.csv
cec2017,30,13,agsk,2.515602e+01,5.017886e+01,5.196252e+01,1.328638e+02,1.985455e+01,cec2017/agsk/agsk_cec2017_D30.csv
cec2017,30,13,apgsk,1.667580e+01,4.500949e+01,4.787469e+01,8.804394e+01,1.583670e+01,cec2017/apgsk/apgsk_cec2017_D30.csv
cec2017,30,13,fdb-agsk,2.764838e+01,4.997697e+01,5.992100e+01,1.548879e+02,2.994764e+01,cec2017/fdb-agsk/fdb-agsk_cec2017_D30.csv
cec2017,30,13,atmals-gsk,9.583867e+00,4.340500e+01,6.829553e+01,2.629263e+02,6.154089e+01,cec2017/atmals-gsk/atmals-gsk_cec2017_D30.csv
cec2017,30,13,egsk,4.096317e+00,2.367194e+01,2.357971e+01,7.279235e+01,1.096117e+01,cec2017/egsk/egsk_cec2017_D30.csv
cec2017,30,13,dt-gsk,6.916727e+00,2.189052e+01,2.202102e+01,6.784460e+01,9.945186e+00,cec2017/dt-gsk/dt-gsk_cec2017_D30.csv
cec2017,30,14,gsk,4.056763e+01,5.594349e+01,5.594696e+01,6.628923e+01,5.158134e+00,cec2017/gsk/gsk_cec2017_D30.csv
cec2017,30,14,agsk,2.937605e+01,3.832420e+01,3.832669e+01,4.525041e+01,3.407600e+00,cec2017/agsk/agsk_cec2017_D30.csv
cec2017,30,14,apgsk,2.148924e+01,4.370890e+01,4.448456e+01,7.703723e+01,1.057246e+01,cec2017/apgsk/apgsk_cec2017_D30.csv
cec2017,30,14,fdb-agsk,2.943136e+01,3.743526e+01,3.691319e+01,4.448822e+01,4.034317e+00,cec2017/fdb-agsk/fdb-agsk_cec2017_D30.csv
cec2017,30,14,atmals-gsk,2.740437e+01,3.839589e+01,3.942668e+01,5.507670e+01,7.488558e+00,cec2017/atmals-gsk/atmals-gsk_cec2017_D30.csv
cec2017,30,14,egsk,3.980628e+00,2.399562e+01,2.383840e+01,2.898983e+01,3.353695e+00,cec2017/egsk/egsk_cec2017_D30.csv
cec2017,30,14,dt-gsk,5.824446e+00,2.843498e+01,3.141591e+01,6.786899e+01,1.001977e+01,cec2017/dt-gsk/dt-gsk_cec2017_D30.csv
cec2017,30,15,gsk,9.301117e-01,1.002256e+01,1.411506e+01,6.192266e+01,1.142847e+01,cec2017/gsk/gsk_cec2017_D30.csv
cec2017,30,15,agsk,6.934521e+00,1.529216e+01,1.550087e+01,2.813296e+01,4.533594e+00,cec2017/agsk/agsk_cec2017_D30.csv
cec2017,30,15,apgsk,5.739746e+00,1.610997e+01,2.304132e+01,8.248836e+01,2.026763e+01,cec2017/apgsk/apgsk_cec2017_D30.csv
cec2017,30,15,fdb-agsk,6.552576e+00,1.516149e+01,1.495464e+01,2.552597e+01,4.257878e+00,cec2017/fdb-agsk/fdb-agsk_cec2017_D30.csv
cec2017,30,15,atmals-gsk,6.431259e+00,1.436632e+01,1.723649e+01,8.215285e+01,1.199408e+01,cec2017/atmals-gsk/atmals-gsk_cec2017_D30.csv
cec2017,30,15,egsk,1.374703e+00,4.436811e+00,5.487054e+00,1.602642e+01,3.210428e+00,cec2017/egsk/egsk_cec2017_D30.csv
cec2017,30,15,dt-gsk,9.730331e-01,4.519961e+00,5.636604e+00,3.285211e+01,4.602701e+00,cec2017/dt-gsk/dt-gsk_cec2017_D30.csv
cec2017,30,16,gsk,3.335691e+02,8.042290e+02,7.854463e+02,1.212115e+03,1.947580e+02,cec2017/gsk/gsk_cec2017_D30.csv
cec2017,30,16,agsk,4.236538e+02,6.847664e+02,6.822078e+02,8.809270e+02,8.850438e+01,cec2017/agsk/agsk_cec2017_D30.csv
cec2017,30,16,apgsk,1.585389e+02,5.586635e+02,5.315834e+02,7.945698e+02,1.369995e+02,cec2017/apgsk/apgsk_cec2017_D30.csv
cec2017,30,16,fdb-agsk,2.964515e+02,6.238374e+02,6.128863e+02,8.810504e+02,1.287207e+02,cec2017/fdb-agsk/fdb-agsk_cec2017_D30.csv
cec2017,30,16,atmals-gsk,1.894488e+01,5.857371e+02,5.797799e+02,1.091919e+03,2.834033e+02,cec2017/atmals-gsk/atmals-gsk_cec2017_D30.csv
cec2017,30,16,egsk,3.670177e+00,3.464771e+02,4.007040e+02,1.099838e+03,2.476006e+02,cec2017/egsk/egsk_cec2017_D30.csv
cec2017,30,16,dt-gsk,6.799949e+00,3.409981e+02,3.508026e+02,7.699857e+02,1.968433e+02,cec2017/dt-gsk/dt-gsk_cec2017_D30.csv
cec2017,30,17,gsk,5.367133e+01,2.012359e+02,1.758858e+02,3.153398e+02,8.390345e+01,cec2017/gsk/gsk_cec2017_D30.csv
cec2017,30,17,agsk,3.519077e+01,1.714142e+02,1.722059e+02,3.603006e+02,7.952977e+01,cec2017/agsk/agsk_cec2017_D30.csv
cec2017,30,17,apgsk,3.872570e+01,1.798744e+02,1.798032e+02,3.225970e+02,7.313011e+01,cec2017/apgsk/apgsk_cec2017_D30.csv
cec2017,30,17,fdb-agsk,5.520236e+01,1.669003e+02,1.640825e+02,2.737576e+02,6.465419e+01,cec2017/fdb-agsk/fdb-agsk_cec2017_D30.csv
cec2017,30,17,atmals-gsk,3.269867e+01,1.026705e+02,1.250828e+02,3.046625e+02,5.893849e+01,cec2017/atmals-gsk/atmals-gsk_cec2017_D30.csv
cec2017,30,17,egsk,2.530776e+01,4.278813e+01,5.859302e+01,2.234527e+02,4.432580e+01,cec2017/egsk/egsk_cec2017_D30.csv
cec2017,30,17,dt-gsk,2.337363e+01,3.958612e+01,4.929638e+01,1.637882e+02,2.907334e+01,cec2017/dt-gsk/dt-gsk_cec2017_D30.csv
cec2017,30,18,gsk,2.400577e+01,3.495857e+01,3.626300e+01,6.244721e+01,8.216239e+00,cec2017/gsk/gsk_cec2017_D30.csv
cec2017,30,18,agsk,3.884771e+01,9.491102e+01,1.322684e+02,5.162915e+02,1.076364e+02,cec2017/agsk/agsk_cec2017_D30.csv
cec2017,30,18,apgsk,1.326346e+02,8.514593e+02,1.423486e+03,7.563061e+03,1.473636e+03,cec2017/apgsk/apgsk_cec2017_D30.csv
cec2017,30,18,fdb-agsk,3.399961e+01,1.819478e+02,3.057418e+02,1.413388e+03,2.904353e+02,cec2017/fdb-agsk/fdb-agsk_cec2017_D30.csv
cec2017,30,18,atmals-gsk,2.286160e+01,3.147138e+01,3.591526e+01,1.040859e+02,1.312312e+01,cec2017/atmals-gsk/atmals-gsk_cec2017_D30.csv
cec2017,30,18,egsk,2.077615e+01,2.518404e+01,2.707232e+01,1.058324e+02,1.188276e+01,cec2017/egsk/egsk_cec2017_D30.csv
cec2017,30,18,dt-gsk,2.884842e+00,2.566034e+01,2.590842e+01,3.853703e+01,6.119581e+00,cec2017/dt-gsk/dt-gsk_cec2017_D30.csv
cec2017,30,19,gsk,5.506654e+00,1.330045e+01,1.344604e+01,2.267328e+01,5.486727e+00,cec2017/gsk/gsk_cec2017_D30.csv
cec2017,30,19,agsk,9.558414e+00,1.395675e+01,1.408876e+01,2.018127e+01,1.779481e+00,cec2017/agsk/agsk_cec2017_D30.csv
cec2017,30,19,apgsk,7.412943e+00,1.407227e+01,1.479751e+01,2.828612e+01,4.382169e+00,cec2017/apgsk/apgsk_cec2017_D30.csv
cec2017,30,19,fdb-agsk,1.080197e+01,1.386821e+01,1.417851e+01,1.985369e+01,1.801423e+00,cec2017/fdb-agsk/fdb-agsk_cec2017_D30.csv
cec2017,30,19,atmals-gsk,6.420083e+00,1.262254e+01,1.275748e+01,2.401515e+01,3.741424e+00,cec2017/atmals-gsk/atmals-gsk_cec2017_D30.csv
cec2017,30,19,egsk,3.459019e+00,6.301564e+00,6.680143e+00,1.172991e+01,1.868035e+00,cec2017/egsk/egsk_cec2017_D30.csv
cec2017,30,19,dt-gsk,2.143470e+00,5.295663e+00,5.322418e+00,8.444891e+00,1.499083e+00,cec2017/dt-gsk/dt-gsk_cec2017_D30.csv
cec2017,30,20,gsk,2.082839e+01,5.969609e+01,1.182995e+02,5.603799e+02,1.207042e+02,cec2017/gsk/gsk_cec2017_D30.csv
cec2017,30,20,agsk,1.173328e+02,2.441693e+02,2.496797e+02,3.873421e+02,7.066760e+01,cec2017/agsk/agsk_cec2017_D30.csv
cec2017,30,20,apgsk,8.580908e+01,2.953211e+02,2.763719e+02,4.681746e+02,8.957646e+01,cec2017/apgsk/apgsk_cec2017_D30.csv
cec2017,30,20,fdb-agsk,3.057320e+01,2.131082e+02,2.111215e+02,3.681554e+02,8.204491e+01,cec2017/fdb-agsk/fdb-agsk_cec2017_D30.csv
cec2017,30,20,atmals-gsk,3.375656e+01,1.226648e+02,1.580863e+02,4.211010e+02,9.320929e+01,cec2017/atmals-gsk/atmals-gsk_cec2017_D30.csv
cec2017,30,20,egsk,2.246460e+01,3.905805e+01,7.807551e+01,3.183175e+02,8.342361e+01,cec2017/egsk/egsk_cec2017_D30.csv
cec2017,30,20,dt-gsk,2.125374e+01,2.986876e+01,5.953963e+01,2.339248e+02,6.486009e+01,cec2017/dt-gsk/dt-gsk_cec2017_D30.csv
cec2017,30,21,gsk,3.244325e+02,3.514238e+02,3.512208e+02,3.738441e+02,1.034523e+01,cec2017/gsk/gsk_cec2017_D30.csv
cec2017,30,21,agsk,1.064077e+02,2.897454e+02,2.757255e+02,3.205732e+02,4.172341e+01,cec2017/agsk/agsk_cec2017_D30.csv
cec2017,30,21,apgsk,1.000000e+02,2.975902e+02,2.655014e+02,3.322354e+02,7.861501e+01,cec2017/apgsk/apgsk_cec2017_D30.csv
cec2017,30,21,fdb-agsk,1.196540e+02,2.722559e+02,2.621933e+02,3.197643e+02,3.388325e+01,cec2017/fdb-agsk/fdb-agsk_cec2017_D30.csv
cec2017,30,21,atmals-gsk,2.335117e+02,2.816548e+02,2.838698e+02,3.370285e+02,2.544395e+01,cec2017/atmals-gsk/atmals-gsk_cec2017_D30.csv
cec2017,30,21,egsk,2.091911e+02,2.177525e+02,2.193488e+02,2.345960e+02,5.430335e+00,cec2017/egsk/egsk_cec2017_D30.csv
cec2017,30,21,dt-gsk,2.177537e+02,2.272000e+02,2.289004e+02,2.706039e+02,9.556449e+00,cec2017/dt-gsk/dt-gsk_cec2017_D30.csv
cec2017,30,22,gsk,1.000000e+02,1.000000e+02,1.000000e+02,1.000000e+02,2.541797e-13,cec2017/gsk/gsk_cec2017_D30.csv
cec2017,30,22,agsk,1.000000e+02,1.000000e+02,1.000661e+02,1.033700e+02,4.718967e-01,cec2017/agsk/agsk_cec2017_D30.csv
cec2017,30,22,apgsk,1.000000e+02,1.000000e+02,1.702670e+02,3.457622e+03,4.697027e+02,cec2017/apgsk/apgsk_cec2017_D30.csv
cec2017,30,22,fdb-agsk,1.000000e+02,1.000000e+02,1.006116e+02,1.053917e+02,1.389028e+00,cec2017/fdb-agsk/fdb-agsk_cec2017_D30.csv
cec2017,30,22,atmals-gsk,1.000000e+02,1.000000e+02,1.000000e+02,1.000000e+02,4.916052e-13,cec2017/atmals-gsk/atmals-gsk_cec2017_D30.csv
cec2017,30,22,egsk,1.000000e+02,1.000000e+02,1.000000e+02,1.000000e+02,6.091337e-13,cec2017/egsk/egsk_cec2017_D30.csv
cec2017,30,22,dt-gsk,1.000000e+02,1.000000e+02,1.000000e+02,1.000000e+02,6.431601e-13,cec2017/dt-gsk/dt-gsk_cec2017_D30.csv
cec2017,30,23,gsk,3.392559e+02,4.973992e+02,4.765959e+02,5.143968e+02,5.282963e+01,cec2017/gsk/gsk_cec2017_D30.csv
cec2017,30,23,agsk,4.032847e+02,4.366431e+02,4.363773e+02,4.681302e+02,1.239056e+01,cec2017/agsk/agsk_cec2017_D30.csv
cec2017,30,23,apgsk,3.703510e+02,4.643410e+02,4.587167e+02,5.077951e+02,3.351404e+01,cec2017/apgsk/apgsk_cec2017_D30.csv
cec2017,30,23,fdb-agsk,3.918441e+02,4.174755e+02,4.185694e+02,4.440046e+02,1.143805e+01,cec2017/fdb-agsk/fdb-agsk_cec2017_D30.csv
cec2017,30,23,atmals-gsk,3.804107e+02,4.197499e+02,4.249641e+02,4.712278e+02,2.239151e+01,cec2017/atmals-gsk/atmals-gsk_cec2017_D30.csv
cec2017,30,23,egsk,3.458704e+02,3.592095e+02,3.606440e+02,3.819102e+02,8.247793e+00,cec2017/egsk/egsk_cec2017_D30.csv
cec2017,30,23,dt-gsk,3.601287e+02,3.744771e+02,3.748734e+02,4.181963e+02,9.492544e+00,cec2017/dt-gsk/dt-gsk_cec2017_D30.csv
cec2017,30,24,gsk,4.240354e+02,5.665755e+02,5.598903e+02,5.872068e+02,3.187955e+01,cec2017/gsk/gsk_cec2017_D30.csv
cec2017,30,24,agsk,4.803985e+02,5.045310e+02,5.063375e+02,5.425921e+02,1.532161e+01,cec2017/agsk/agsk_cec2017_D30.csv
cec2017,30,24,apgsk,4.854139e+02,5.667148e+02,5.621159e+02,6.176272e+02,2.829957e+01,cec2017/apgsk/apgsk_cec2017_D30.csv
cec2017,30,24,fdb-agsk,4.679179e+02,4.920753e+02,4.930546e+02,5.213804e+02,1.443260e+01,cec2017/fdb-agsk/fdb-agsk_cec2017_D30.csv
cec2017,30,24,atmals-gsk,4.383518e+02,4.811833e+02,4.852464e+02,5.379249e+02,2.080245e+01,cec2017/atmals-gsk/atmals-gsk_cec2017_D30.csv
cec2017,30,24,egsk,4.182406e+02,4.319416e+02,4.329312e+02,4.568536e+02,6.937394e+00,cec2017/egsk/egsk_cec2017_D30.csv
cec2017,30,24,dt-gsk,4.236053e+02,4.420829e+02,4.411228e+02,4.789745e+02,8.097316e+00,cec2017/dt-gsk/dt-gsk_cec2017_D30.csv
cec2017,30,25,gsk,3.867041e+02,3.869804e+02,3.869776e+02,3.874286e+02,1.951287e-01,cec2017/gsk/gsk_cec2017_D30.csv
cec2017,30,25,agsk,3.834264e+02,3.868233e+02,3.867477e+02,3.871383e+02,6.865747e-01,cec2017/agsk/agsk_cec2017_D30.csv
cec2017,30,25,apgsk,3.834522e+02,3.869307e+02,3.862501e+02,3.888420e+02,1.547930e+00,cec2017/apgsk/apgsk_cec2017_D30.csv
cec2017,30,25,fdb-agsk,3.833991e+02,3.867946e+02,3.866118e+02,3.870668e+02,8.105552e-01,cec2017/fdb-agsk/fdb-agsk_cec2017_D30.csv
cec2017,30,25,atmals-gsk,3.834199e+02,3.869966e+02,3.869258e+02,3.962551e+02,1.736208e+00,cec2017/atmals-gsk/atmals-gsk_cec2017_D30.csv
cec2017,30,25,egsk,3.834400e+02,3.869646e+02,3.876471e+02,3.970257e+02,2.873727e+00,cec2017/egsk/egsk_cec2017_D30.csv
cec2017,30,25,dt-gsk,3.837580e+02,3.869474e+02,3.867423e+02,3.874414e+02,8.111257e-01,cec2017/dt-gsk/dt-gsk_cec2017_D30.csv
cec2017,30,26,gsk,3.000000e+02,9.372730e+02,9.954437e+02,2.023849e+03,2.692618e+02,cec2017/gsk/gsk_cec2017_D30.csv
cec2017,30,26,agsk,2.000000e+02,3.000000e+02,4.432963e+02,2.296283e+03,5.125753e+02,cec2017/agsk/agsk_cec2017_D30.csv
cec2017,30,26,apgsk,2.000000e+02,3.000000e+02,3.008166e+02,2.161561e+03,2.737744e+02,cec2017/apgsk/apgsk_cec2017_D30.csv
cec2017,30,26,fdb-agsk,2.000001e+02,3.000072e+02,7.477560e+02,2.220069e+03,6.401529e+02,cec2017/fdb-agsk/fdb-agsk_cec2017_D30.csv
cec2017,30,26,atmals-gsk,2.000000e+02,1.581051e+03,1.322564e+03,2.501849e+03,6.966188e+02,cec2017/atmals-gsk/atmals-gsk_cec2017_D30.csv
cec2017,30,26,egsk,2.000000e+02,9.418072e+02,7.696789e+02,1.117165e+03,3.299429e+02,cec2017/egsk/egsk_cec2017_D30.csv
cec2017,30,26,dt-gsk,9.845559e+02,1.159473e+03,1.159393e+03,1.309545e+03,7.530591e+01,cec2017/dt-gsk/dt-gsk_cec2017_D30.csv
cec2017,30,27,gsk,4.779376e+02,4.931893e+02,4.941092e+02,5.139590e+02,7.395110e+00,cec2017/gsk/gsk_cec2017_D30.csv
cec2017,30,27,agsk,4.660670e+02,4.974274e+02,4.962618e+02,5.148268e+02,1.230225e+01,cec2017/agsk/agsk_cec2017_D30.csv
cec2017,30,27,apgsk,4.871163e+02,5.135785e+02,5.128008e+02,5.320120e+02,9.441900e+00,cec2017/apgsk/apgsk_cec2017_D30.csv
cec2017,30,27,fdb-agsk,4.636628e+02,5.039748e+02,5.026704e+02,5.142384e+02,9.051319e+00,cec2017/fdb-agsk/fdb-agsk_cec2017_D30.csv
cec2017,30,27,atmals-gsk,4.741331e+02,5.030663e+02,5.005517e+02,5.231652e+02,1.076699e+01,cec2017/atmals-gsk/atmals-gsk_cec2017_D30.csv
cec2017,30,27,egsk,4.841883e+02,4.959751e+02,4.960240e+02,5.219578e+02,7.186088e+00,cec2017/egsk/egsk_cec2017_D30.csv
cec2017,30,27,dt-gsk,4.791387e+02,4.949663e+02,4.953546e+02,5.115781e+02,7.040634e+00,cec2017/dt-gsk/dt-gsk_cec2017_D30.csv
cec2017,30,28,gsk,3.000000e+02,3.000000e+02,3.133675e+02,4.618451e+02,3.778246e+01,cec2017/gsk/gsk_cec2017_D30.csv
cec2017,30,28,agsk,3.000000e+02,3.000000e+02,3.143822e+02,4.139752e+02,3.650764e+01,cec2017/agsk/agsk_cec2017_D30.csv
cec2017,30,28,apgsk,3.000000e+02,3.000000e+02,3.154317e+02,4.198476e+02,3.375014e+01,cec2017/apgsk/apgsk_cec2017_D30.csv
cec2017,30,28,fdb-agsk,3.000000e+02,3.000000e+02,3.255241e+02,4.493458e+02,4.543036e+01,cec2017/fdb-agsk/fdb-agsk_cec2017_D30.csv
cec2017,30,28,atmals-gsk,3.000000e+02,3.000000e+02,3.265373e+02,4.139752e+02,4.584535e+01,cec2017/atmals-gsk/atmals-gsk_cec2017_D30.csv
cec2017,30,28,egsk,3.000000e+02,3.000000e+02,3.072347e+02,4.517113e+02,2.966654e+01,cec2017/egsk/egsk_cec2017_D30.csv
cec2017,30,28,dt-gsk,3.000000e+02,3.000000e+02,3.199127e+02,4.484181e+02,4.380589e+01,cec2017/dt-gsk/dt-gsk_cec2017_D30.csv
cec2017,30,29,gsk,3.947343e+02,5.168528e+02,5.617280e+02,8.534614e+02,1.246996e+02,cec2017/gsk/gsk_cec2017_D30.csv
cec2017,30,29,agsk,4.920809e+02,6.112458e+02,6.183969e+02,7.688302e+02,5.038390e+01,cec2017/agsk/agsk_cec2017_D30.csv
cec2017,30,29,apgsk,3.982368e+02,6.261400e+02,6.234600e+02,7.726514e+02,7.283789e+01,cec2017/apgsk/apgsk_cec2017_D30.csv
cec2017,30,29,fdb-agsk,4.470942e+02,5.849476e+02,5.912797e+02,7.510334e+02,6.273869e+01,cec2017/fdb-agsk/fdb-agsk_cec2017_D30.csv
cec2017,30,29,atmals-gsk,3.798228e+02,5.014466e+02,5.458108e+02,8.969397e+02,1.072594e+02,cec2017/atmals-gsk/atmals-gsk_cec2017_D30.csv
cec2017,30,29,egsk,3.374746e+02,4.383394e+02,4.378829e+02,6.538847e+02,3.996887e+01,cec2017/egsk/egsk_cec2017_D30.csv
cec2017,30,29,dt-gsk,3.765502e+02,5.262345e+02,5.435706e+02,7.539759e+02,8.140980e+01,cec2017/dt-gsk/dt-gsk_cec2017_D30.csv
cec2017,30,30,gsk,1.946301e+03,2.061412e+03,2.067970e+03,2.363297e+03,8.152890e+01,cec2017/gsk/gsk_cec2017_D30.csv
cec2017,30,30,agsk,1.969943e+03,2.123399e+03,2.144009e+03,2.859076e+03,1.348941e+02,cec2017/agsk/agsk_cec2017_D30.csv
cec2017,30,30,apgsk,1.976333e+03,2.210644e+03,2.249889e+03,2.907143e+03,1.867356e+02,cec2017/apgsk/apgsk_cec2017_D30.csv
cec2017,30,30,fdb-agsk,1.969622e+03,2.113108e+03,2.136930e+03,2.408777e+03,1.065946e+02,cec2017/fdb-agsk/fdb-agsk_cec2017_D30.csv
cec2017,30,30,atmals-gsk,1.944175e+03,2.072368e+03,2.097691e+03,2.501748e+03,1.270633e+02,cec2017/atmals-gsk/atmals-gsk_cec2017_D30.csv
cec2017,30,30,egsk,1.944853e+03,2.066709e+03,2.090551e+03,2.523676e+03,1.172414e+02,cec2017/egsk/egsk_cec2017_D30.csv
cec2017,30,30,dt-gsk,1.945207e+03,2.066248e+03,2.087588e+03,2.449018e+03,1.029487e+02,cec2017/dt-gsk/dt-gsk_cec2017_D30.csv
