suite,dimension,function,comparator,n_runs,mean_diff,ci_low,ci_high,B,seed_scheme,availability
cec2017,10,1,gsk,51,0.000000e+00,n/a,n/a,n/a,n/a,no CI (degenerate cell)
cec2017,10,1,agsk,51,0.000000e+00,n/a,n/a,n/a,n/a,no CI (degenerate cell)
cec2017,10,1,apgsk,51,0.000000e+00,n/a,n/a,n/a,n/a,no CI (degenerate cell)
cec2017,10,1,fdb-agsk,51,0.000000e+00,n/a,n/a,n/a,n/a,no CI (degenerate cell)
cec2017,10,1,atmals-gsk,51,0.000000e+00,n/a,n/a,n/a,n/a,no CI (degenerate cell)
cec2017,10,1,egsk,51,0.000000e+00,n/a,n/a,n/a,n/a,no CI (degenerate cell)
cec2017,10,3,gsk,51,0.000000e+00,n/a,n/a,n/a,n/a,no CI (degenerate cell)
cec2017,10,3,agsk,51,0.000000e+00,n/a,n/a,n/a,n/a,no CI (degenerate cell)
cec2017,10,3,apgsk,51,0.000000e+00,n/a,n/a,n/a,n/a,no CI (degenerate cell)
cec2017,10,3,fdb-agsk,51,0.000000e+00,n/a,n/a,n/a,n/a,no CI (degenerate cell)
cec2017,10,3,atmals-gsk,51,0.000000e+00,n/a,n/a,n/a,n/a,no CI (degenerate cell)
cec2017,10,3,egsk,51,0.000000e+00,n/a,n/a,n/a,n/a,no CI (degenerate cell)
cec2017,10,4,gsk,51,0.000000e+00,n/a,n/a,n/a,n/a,no CI (degenerate cell)
cec2017,10,4,agsk,51,0.000000e+00,n/a,n/a,n/a,n/a,no CI (degenerate cell)
cec2017,10,4,apgsk,51,0.000000e+00,n/a,n/a,n/a,n/a,no CI (degenerate cell)
cec2017,10,4,fdb-agsk,51,-1.204807e-06,-6.055402e-06,-2.475984e-07,10000,"SS[20240620,suite,dim,func,cmpP1]",ok
cec2017,10,4,atmals-gsk,51,0.000000e+00,n/a,n/a,n/a,n/a,no CI (degenerate cell)
cec2017,10,4,egsk,51,0.000000e+00,n/a,n/a,n/a,n/a,no CI (degenerate cell)
cec2017,10,5,gsk,51,-1.753114e+01,-1.845602e+01,-1.668603e+01,10000,"SS[20240620,suite,dim,func,cmpP1]",ok
cec2017,10,5,agsk,51,-3.539663e+00,-4.118885e+00,-2.960798e+00,10000,"SS[20240620,suite,dim,func,cmpP1]",ok
cec2017,10,5,apgsk,51,-5.534335e+00,-6.437437e+00,-4.690791e+00,10000,"SS[20240620,suite,dim,func,cmpP1]",ok
cec2017,10,5,fdb-agsk,51,-3.173941e+00,-3.787904e+00,-2.541098e+00,10000,"SS[20240620,suite,dim,func,cmpP1]",ok
cec2017,10,5,atmals-gsk,51,-9.246653e+00,-1.069266e+01,-7.902334e+00,10000,"SS[20240620,suite,dim,func,cmpP1]",ok
cec2017,10,5,egsk,51,-1.986232e+00,-2.801847e+00,-1.284059e+00,10000,"SS[20240620,suite,dim,func,cmpP1]",ok
cec2017,10,6,gsk,51,1.602242e-07,7.662898e-08,3.204485e-07,10000,"SS[20240620,suite,dim,func,cmpP1]",ok
cec2017,10,6,agsk,51,-7.190810e-06,-1.659261e-05,-3.551109e-06,10000,"SS[20240620,suite,dim,func,cmpP1]",ok
cec2017,10,6,apgsk,51,-1.763900e-05,-4.934716e-05,-8.331751e-06,10000,"SS[20240620,suite,dim,func,cmpP1]",ok
cec2017,10,6,fdb-agsk,51,-2.122676e-05,-6.098837e-05,-4.683719e-06,10000,"SS[20240620,suite,dim,func,cmpP1]",ok
cec2017,10,6,atmals-gsk,51,1.602242e-07,6.966271e-08,3.204485e-07,10000,"SS[20240620,suite,dim,func,cmpP1]",ok
cec2017,10,6,egsk,51,1.602242e-07,7.662898e-08,3.274148e-07,10000,"SS[20240620,suite,dim,func,cmpP1]",ok
cec2017,10,7,gsk,51,-1.780753e+01,-1.872530e+01,-1.684768e+01,10000,"SS[20240620,suite,dim,func,cmpP1]",ok
cec2017,10,7,agsk,51,-7.061585e+00,-7.841630e+00,-6.308426e+00,10000,"SS[20240620,suite,dim,func,cmpP1]",ok
cec2017,10,7,apgsk,51,-8.318780e+00,-9.406235e+00,-7.296654e+00,10000,"SS[20240620,suite,dim,func,cmpP1]",ok
cec2017,10,7,fdb-agsk,51,-6.437223e+00,-7.215752e+00,-5.697835e+00,10000,"SS[20240620,suite,dim,func,cmpP1]",ok
cec2017,10,7,atmals-gsk,51,-8.459162e+00,-9.746576e+00,-7.514090e+00,10000,"SS[20240620,suite,dim,func,cmpP1]",ok
cec2017,10,7,egsk,51,-2.372667e+00,-2.885130e+00,-1.936152e+00,10000,"SS[20240620,suite,dim,func,cmpP1]",ok
cec2017,10,8,gsk,51,-1.882609e+01,-1.989135e+01,-1.779438e+01,10000,"SS[20240620,suite,dim,func,cmpP1]",ok
cec2017,10,8,agsk,51,-5.478084e+00,-6.126859e+00,-4.842437e+00,10000,"SS[20240620,suite,dim,func,cmpP1]",ok
cec2017,10,8,apgsk,51,-6.525128e+00,-7.499523e+00,-5.658361e+00,10000,"SS[20240620,suite,dim,func,cmpP1]",ok
cec2017,10,8,fdb-agsk,51,-4.909641e+00,-5.701938e+00,-4.105215e+00,10000,"SS[20240620,suite,dim,func,cmpP1]",ok
cec2017,10,8,atmals-gsk,51,-1.049969e+01,-1.191463e+01,-9.156671e+00,10000,"SS[20240620,suite,dim,func,cmpP1]",ok
cec2017,10,8,egsk,51,-1.934489e+00,-2.539485e+00,-1.260638e+00,10000,"SS[20240620,suite,dim,func,cmpP1]",ok
cec2017,10,9,gsk,51,0.000000e+00,n/a,n/a,n/a,n/a,no CI (degenerate cell)
cec2017,10,9,agsk,51,-1.755456e-03,-1.228510e-02,0.000000e+00,10000,"SS[20240620,suite,dim,func,cmpP1]",ok
cec2017,10,9,apgsk,51,0.000000e+00,n/a,n/a,n/a,n/a,no CI (degenerate cell)
cec2017,10,9,fdb-agsk,51,-1.755456e-03,-1.228506e-02,0.000000e+00,10000,"SS[20240620,suite,dim,func,cmpP1]",ok
cec2017,10,9,atmals-gsk,51,0.000000e+00,n/a,n/a,n/a,n/a,no CI (degenerate cell)
cec2017,10,9,egsk,51,0.000000e+00,n/a,n/a,n/a,n/a,no CI (degenerate cell)
cec2017,10,10,gsk,51,-9.006224e+02,-9.419309e+02,-8.567426e+02,10000,"SS[20240620,suite,dim,func,cmpP1]",ok
cec2017,10,10,agsk,51,-1.940484e+02,-2.255958e+02,-1.576499e+02,10000,"SS[20240620,suite,dim,func,cmpP1]",ok
cec2017,10,10,apgsk,51,-2.133959e+02,-2.494972e+02,-1.737037e+02,10000,"SS[20240620,suite,dim,func,cmpP1]",ok
cec2017,10,10,fdb-agsk,51,-1.754196e+02,-2.106427e+02,-1.387014e+02,10000,"SS[20240620,suite,dim,func,cmpP1]",ok
cec2017,10,10,atmals-gsk,51,-3.816045e+02,-4.634150e+02,-2.977123e+02,10000,"SS[20240620,suite,dim,func,cmpP1]",ok
cec2017,10,10,egsk,51,-4.918834e+02,-5.554010e+02,-4.296539e+02,10000,"SS[20240620,suite,dim,func,cmpP1]",ok
cec2017,10,11,gsk,51,3.901800e-02,-6.491673e-09,1.170540e-01,10000,"SS[20240620,suite,dim,func,cmpP1]",ok
cec2017,10,11,agsk,51,-1.445039e-01,-2.732907e-01,-6.159095e-02,10000,"SS[20240620,suite,dim,func,cmpP1]",ok
cec2017,10,11,apgsk,51,-1.286988e+00,-1.675837e+00,-9.573758e-01,10000,"SS[20240620,suite,dim,func,cmpP1]",ok
cec2017,10,11,fdb-agsk,51,-8.185005e-01,-1.222043e+00,-5.259202e-01,10000,"SS[20240620,suite,dim,func,cmpP1]",ok
cec2017,10,11,atmals-gsk,51,-2.448405e+00,-2.661514e+00,-2.228736e+00,10000,"SS[20240620,suite,dim,func,cmpP1]",ok
cec2017,10,11,egsk,51,3.901800e-02,0.000000e+00,1.170540e-01,10000,"SS[20240620,suite,dim,func,cmpP1]",ok
cec2017,10,12,gsk,51,1.560326e+01,-1.527165e+01,5.052653e+01,10000,"SS[20240620,suite,dim,func,cmpP1]",ok
cec2017,10,12,agsk,51,7.583508e+01,5.004977e+01,1.036300e+02,10000,"SS[20240620,suite,dim,func,cmpP1]",ok
cec2017,10,12,apgsk,51,2.704882e+01,-6.969786e+00,6.401061e+01,10000,"SS[20240620,suite,dim,func,cmpP1]",ok
cec2017,10,12,fdb-agsk,51,4.816326e+01,1.959454e+01,7.928098e+01,10000,"SS[20240620,suite,dim,func,cmpP1]",ok
cec2017,10,12,atmals-gsk,51,-1.893743e+01,-5.723775e+01,2.009058e+01,10000,"SS[20240620,suite,dim,func,cmpP1]",ok
cec2017,10,12,egsk,51,3.814154e+01,3.588603e+00,7.571569e+01,10000,"SS[20240620,suite,dim,func,cmpP1]",ok
cec2017,10,13,gsk,51,-3.887761e+00,-4.615830e+00,-3.182881e+00,10000,"SS[20240620,suite,dim,func,cmpP1]",ok
cec2017,10,13,agsk,51,-2.432074e-01,-1.181360e+00,6.917416e-01,10000,"SS[20240620,suite,dim,func,cmpP1]",ok
cec2017,10,13,apgsk,51,-9.452254e-01,-2.046100e+00,1.854273e-01,10000,"SS[20240620,suite,dim,func,cmpP1]",ok
cec2017,10,13,fdb-agsk,51,-1.232501e+00,-2.203270e+00,-3.343357e-01,10000,"SS[20240620,suite,dim,func,cmpP1]",ok
cec2017,10,13,atmals-gsk,51,-2.536571e+00,-3.508720e+00,-1.620512e+00,10000,"SS[20240620,suite,dim,func,cmpP1]",ok
cec2017,10,13,egsk,51,-2.136439e+00,-2.850387e+00,-1.363109e+00,10000,"SS[20240620,suite,dim,func,cmpP1]",ok
cec2017,10,14,gsk,51,-5.242886e+00,-6.154087e+00,-4.375293e+00,10000,"SS[20240620,suite,dim,func,cmpP1]",ok
cec2017,10,14,agsk,51,-2.651889e-02,-1.195296e-01,5.546458e-02,10000,"SS[20240620,suite,dim,func,cmpP1]",ok
cec2017,10,14,apgsk,51,-5.938332e-01,-8.031158e-01,-4.087840e-01,10000,"SS[20240620,suite,dim,func,cmpP1]",ok
cec2017,10,14,fdb-agsk,51,-4.886715e-02,-1.285075e-01,1.579187e-02,10000,"SS[20240620,suite,dim,func,cmpP1]",ok
cec2017,10,14,atmals-gsk,51,-6.130104e+00,-7.784561e+00,-4.967879e+00,10000,"SS[20240620,suite,dim,func,cmpP1]",ok
cec2017,10,14,egsk,51,-1.457116e-01,-2.839325e-01,-6.102574e-02,10000,"SS[20240620,suite,dim,func,cmpP1]",ok
cec2017,10,15,gsk,51,-1.149770e-01,-1.965879e-01,-2.384913e-02,10000,"SS[20240620,suite,dim,func,cmpP1]",ok
cec2017,10,15,agsk,51,8.494848e-02,3.608561e-02,1.700570e-01,10000,"SS[20240620,suite,dim,func,cmpP1]",ok
cec2017,10,15,apgsk,51,-2.985555e-02,-9.225713e-02,5.050545e-02,10000,"SS[20240620,suite,dim,func,cmpP1]",ok
cec2017,10,15,fdb-agsk,51,6.143361e-02,1.102176e-02,1.488375e-01,10000,"SS[20240620,suite,dim,func,cmpP1]",ok
cec2017,10,15,atmals-gsk,51,-3.566261e-01,-4.657024e-01,-2.412804e-01,10000,"SS[20240620,suite,dim,func,cmpP1]",ok
cec2017,10,15,egsk,51,-1.568165e-01,-2.317466e-01,-6.094961e-02,10000,"SS[20240620,suite,dim,func,cmpP1]",ok
cec2017,10,16,gsk,51,-3.253778e+00,-4.706594e+00,-2.103462e+00,10000,"SS[20240620,suite,dim,func,cmpP1]",ok
cec2017,10,16,agsk,51,-3.463910e-01,-5.699015e-01,-1.974652e-01,10000,"SS[20240620,suite,dim,func,cmpP1]",ok
cec2017,10,16,apgsk,51,-2.826360e-01,-4.134355e-01,-1.633708e-01,10000,"SS[20240620,suite,dim,func,cmpP1]",ok
cec2017,10,16,fdb-agsk,51,-9.068931e-01,-1.193569e+00,-6.978162e-01,10000,"SS[20240620,suite,dim,func,cmpP1]",ok
cec2017,10,16,atmals-gsk,51,-3.139398e+00,-4.535526e+00,-2.117253e+00,10000,"SS[20240620,suite,dim,func,cmpP1]",ok
cec2017,10,16,egsk,51,-4.540138e+00,-6.052320e+00,-3.146834e+00,10000,"SS[20240620,suite,dim,func,cmpP1]",ok
cec2017,10,17,gsk,51,-9.540978e+00,-1.151890e+01,-7.791605e+00,10000,"SS[20240620,suite,dim,func,cmpP1]",ok
cec2017,10,17,agsk,51,-7.232125e-01,-9.754627e-01,-5.465162e-01,10000,"SS[20240620,suite,dim,func,cmpP1]",ok
cec2017,10,17,apgsk,51,-1.093040e+00,-1.331826e+00,-8.610842e-01,10000,"SS[20240620,suite,dim,func,cmpP1]",ok
cec2017,10,17,fdb-agsk,51,-9.536375e-01,-1.137736e+00,-7.919839e-01,10000,"SS[20240620,suite,dim,func,cmpP1]",ok
cec2017,10,17,atmals-gsk,51,-2.050905e+01,-2.328733e+01,-1.758503e+01,10000,"SS[20240620,suite,dim,func,cmpP1]",ok
cec2017,10,17,egsk,51,-7.297218e+00,-9.480932e+00,-5.498269e+00,10000,"SS[20240620,suite,dim,func,cmpP1]",ok
cec2017,10,18,gsk,51,-2.759937e-01,-1.825439e+00,1.582473e-01,10000,"SS[20240620,suite,dim,func,cmpP1]",ok
cec2017,10,18,agsk,51,3.027682e-01,1.733402e-01,5.657966e-01,10000,"SS[20240620,suite,dim,func,cmpP1]",ok
cec2017,10,18,apgsk,51,-1.249854e-01,-3.409027e-01,1.561162e-01,10000,"SS[20240620,suite,dim,func,cmpP1]",ok
cec2017,10,18,fdb-agsk,51,3.320426e-01,2.105042e-01,6.088303e-01,10000,"SS[20240620,suite,dim,func,cmpP1]",ok
cec2017,10,18,atmals-gsk,51,-3.012902e+00,-5.175771e+00,-1.547278e+00,10000,"SS[20240620,suite,dim,func,cmpP1]",ok
cec2017,10,18,egsk,51,-3.141150e-01,-1.934172e+00,1.439480e-01,10000,"SS[20240620,suite,dim,func,cmpP1]",ok
cec2017,10,19,gsk,51,-7.066890e-02,-9.954774e-02,-5.142071e-02,10000,"SS[20240620,suite,dim,func,cmpP1]",ok
cec2017,10,19,agsk,51,-4.838221e-02,-6.681704e-02,-3.463928e-02,10000,"SS[20240620,suite,dim,func,cmpP1]",ok
cec2017,10,19,apgsk,51,-6.423320e-02,-8.331802e-02,-4.929063e-02,10000,"SS[20240620,suite,dim,func,cmpP1]",ok
cec2017,10,19,fdb-agsk,51,-7.431115e-02,-9.003704e-02,-6.121526e-02,10000,"SS[20240620,suite,dim,func,cmpP1]",ok
cec2017,10,19,atmals-gsk,51,-4.425592e-01,-5.663670e-01,-3.503392e-01,10000,"SS[20240620,suite,dim,func,cmpP1]",ok
cec2017,10,19,egsk,51,-2.990080e-02,-4.803863e-02,-1.778694e-02,10000,"SS[20240620,suite,dim,func,cmpP1]",ok
cec2017,10,20,gsk,51,-6.626298e-01,-2.467475e+00,-2.398662e-01,10000,"SS[20240620,suite,dim,func,cmpP1]",ok
cec2017,10,20,agsk,51,1.346633e-01,7.345293e-02,1.897527e-01,10000,"SS[20240620,suite,dim,func,cmpP1]",ok
cec2017,10,20,apgsk,51,1.346633e-01,6.733182e-02,2.019945e-01,10000,"SS[20240620,suite,dim,func,cmpP1]",ok
cec2017,10,20,fdb-agsk,51,8.569499e-02,1.836317e-02,1.530261e-01,10000,"SS[20240620,suite,dim,func,cmpP1]",ok
cec2017,10,20,atmals-gsk,51,-1.394016e+01,-1.663746e+01,-1.128943e+01,10000,"SS[20240620,suite,dim,func,cmpP1]",ok
cec2017,10,20,egsk,51,-1.436291e+00,-3.225351e+00,-6.425679e-01,10000,"SS[20240620,suite,dim,func,cmpP1]",ok
cec2017,10,21,gsk,51,-3.609499e+01,-5.325964e+01,-1.677764e+01,10000,"SS[20240620,suite,dim,func,cmpP1]",ok
cec2017,10,21,agsk,51,5.862674e+01,4.415589e+01,7.249073e+01,10000,"SS[20240620,suite,dim,func,cmpP1]",ok
cec2017,10,21,apgsk,51,6.277769e+01,4.837068e+01,7.697783e+01,10000,"SS[20240620,suite,dim,func,cmpP1]",ok
cec2017,10,21,fdb-agsk,51,6.085831e+01,4.660765e+01,7.480304e+01,10000,"SS[20240620,suite,dim,func,cmpP1]",ok
cec2017,10,21,atmals-gsk,51,1.467639e+01,-3.732310e+00,3.311908e+01,10000,"SS[20240620,suite,dim,func,cmpP1]",ok
cec2017,10,21,egsk,51,-1.368817e+01,-3.192601e+01,4.924061e+00,10000,"SS[20240620,suite,dim,func,cmpP1]",ok
cec2017,10,22,gsk,51,-5.389834e+00,-1.404642e+01,-1.860716e+00,10000,"SS[20240620,suite,dim,func,cmpP1]",ok
cec2017,10,22,agsk,51,1.151211e+01,7.186550e-01,2.282205e+01,10000,"SS[20240620,suite,dim,func,cmpP1]",ok
cec2017,10,22,apgsk,51,4.614728e+01,3.176862e+01,5.883489e+01,10000,"SS[20240620,suite,dim,func,cmpP1]",ok
cec2017,10,22,fdb-agsk,51,5.261841e+01,3.872566e+01,6.431317e+01,10000,"SS[20240620,suite,dim,func,cmpP1]",ok
cec2017,10,22,atmals-gsk,51,1.627412e+01,3.714433e+00,2.953256e+01,10000,"SS[20240620,suite,dim,func,cmpP1]",ok
cec2017,10,22,egsk,51,-5.005525e+00,-1.337796e+01,-1.485456e+00,10000,"SS[20240620,suite,dim,func,cmpP1]",ok
cec2017,10,23,gsk,51,-1.477376e+01,-1.587597e+01,-1.361696e+01,10000,"SS[20240620,suite,dim,func,cmpP1]",ok
cec2017,10,23,agsk,51,1.208326e+01,-9.984718e-01,4.328482e+01,10000,"SS[20240620,suite,dim,func,cmpP1]",ok
cec2017,10,23,apgsk,51,8.948180e+00,-3.528810e+00,3.866102e+01,10000,"SS[20240620,suite,dim,func,cmpP1]",ok
cec2017,10,23,fdb-agsk,51,1.725115e+00,-4.884200e+00,1.746485e+01,10000,"SS[20240620,suite,dim,func,cmpP1]",ok
cec2017,10,23,atmals-gsk,51,-8.053506e+00,-9.739568e+00,-6.687007e+00,10000,"SS[20240620,suite,dim,func,cmpP1]",ok
cec2017,10,23,egsk,51,-1.197318e+00,-1.961762e+00,-4.272711e-01,10000,"SS[20240620,suite,dim,func,cmpP1]",ok
cec2017,10,24,gsk,51,-4.392229e+01,-7.123993e+01,-2.081095e+01,10000,"SS[20240620,suite,dim,func,cmpP1]",ok
cec2017,10,24,agsk,51,1.956966e+02,1.679340e+02,2.141019e+02,10000,"SS[20240620,suite,dim,func,cmpP1]",ok
cec2017,10,24,apgsk,51,2.012151e+02,1.749283e+02,2.190425e+02,10000,"SS[20240620,suite,dim,func,cmpP1]",ok
cec2017,10,24,fdb-agsk,51,1.937099e+02,1.679465e+02,2.114555e+02,10000,"SS[20240620,suite,dim,func,cmpP1]",ok
cec2017,10,24,atmals-gsk,51,2.114043e+01,-1.928811e+01,6.281529e+01,10000,"SS[20240620,suite,dim,func,cmpP1]",ok
cec2017,10,24,egsk,51,-1.171056e+01,-3.911059e+01,1.573566e+01,10000,"SS[20240620,suite,dim,func,cmpP1]",ok
cec2017,10,25,gsk,51,-1.398146e+01,-2.099291e+01,-6.735364e+00,10000,"SS[20240620,suite,dim,func,cmpP1]",ok
cec2017,10,25,agsk,51,6.424231e+01,3.541679e+01,1.048490e+02,10000,"SS[20240620,suite,dim,func,cmpP1]",ok
cec2017,10,25,apgsk,51,6.989589e+01,3.985544e+01,1.094625e+02,10000,"SS[20240620,suite,dim,func,cmpP1]",ok
cec2017,10,25,fdb-agsk,51,2.335356e+01,9.199456e+00,5.437783e+01,10000,"SS[20240620,suite,dim,func,cmpP1]",ok
cec2017,10,25,atmals-gsk,51,-1.060979e+01,-1.796729e+01,-3.251272e+00,10000,"SS[20240620,suite,dim,func,cmpP1]",ok
cec2017,10,25,egsk,51,-6.270250e+00,-1.247352e+01,-7.371182e-01,10000,"SS[20240620,suite,dim,func,cmpP1]",ok
cec2017,10,26,gsk,51,-1.960784e+00,-1.372190e+01,0.000000e+00,10000,"SS[20240620,suite,dim,func,cmpP1]",ok
cec2017,10,26,agsk,51,3.921569e+01,1.372549e+01,7.058824e+01,10000,"SS[20240620,suite,dim,func,cmpP1]",ok
cec2017,10,26,apgsk,51,1.771695e+02,1.503778e+02,2.046215e+02,10000,"SS[20240620,suite,dim,func,cmpP1]",ok
cec2017,10,26,fdb-agsk,51,1.000000e+02,6.470588e+01,1.372549e+02,10000,"SS[20240620,suite,dim,func,cmpP1]",ok
cec2017,10,26,atmals-gsk,51,-1.960784e+00,-1.176471e+01,0.000000e+00,10000,"SS[20240620,suite,dim,func,cmpP1]",ok
cec2017,10,26,egsk,51,-1.960784e+00,-1.372298e+01,0.000000e+00,10000,"SS[20240620,suite,dim,func,cmpP1]",ok
cec2017,10,27,gsk,51,-5.190003e-01,-7.520152e-01,-3.480383e-01,10000,"SS[20240620,suite,dim,func,cmpP1]",ok
cec2017,10,27,agsk,51,1.801190e-01,-1.148712e-01,4.657637e-01,10000,"SS[20240620,suite,dim,func,cmpP1]",ok
cec2017,10,27,apgsk,51,-2.312707e-01,-5.914112e-01,6.164500e-02,10000,"SS[20240620,suite,dim,func,cmpP1]",ok
cec2017,10,27,fdb-agsk,51,4.298247e-01,1.553681e-01,6.823092e-01,10000,"SS[20240620,suite,dim,func,cmpP1]",ok
cec2017,10,27,atmals-gsk,51,-4.779043e-01,-7.142535e-01,-2.957102e-01,10000,"SS[20240620,suite,dim,func,cmpP1]",ok
cec2017,10,27,egsk,51,-5.190003e-01,-7.434903e-01,-3.508334e-01,10000,"SS[20240620,suite,dim,func,cmpP1]",ok
cec2017,10,28,gsk,51,-5.882335e+00,-3.529412e+01,1.814176e-05,10000,"SS[20240620,suite,dim,func,cmpP1]",ok
cec2017,10,28,agsk,51,7.058825e+01,3.529412e+01,1.117647e+02,10000,"SS[20240620,suite,dim,func,cmpP1]",ok
cec2017,10,28,apgsk,51,8.235296e+01,4.705884e+01,1.176471e+02,10000,"SS[20240620,suite,dim,func,cmpP1]",ok
cec2017,10,28,fdb-agsk,51,8.235296e+01,4.705884e+01,1.235294e+02,10000,"SS[20240620,suite,dim,func,cmpP1]",ok
cec2017,10,28,atmals-gsk,51,-1.578347e+01,-4.399716e+01,-3.786985e+00,10000,"SS[20240620,suite,dim,func,cmpP1]",ok
cec2017,10,28,egsk,51,-1.144575e+01,-4.021965e+01,1.814176e-05,10000,"SS[20240620,suite,dim,func,cmpP1]",ok
cec2017,10,29,gsk,51,-1.526574e+01,-1.669210e+01,-1.388901e+01,10000,"SS[20240620,suite,dim,func,cmpP1]",ok
cec2017,10,29,agsk,51,-1.016839e+01,-1.207203e+01,-8.036349e+00,10000,"SS[20240620,suite,dim,func,cmpP1]",ok
cec2017,10,29,apgsk,51,-1.174690e+01,-1.575827e+01,-8.736126e+00,10000,"SS[20240620,suite,dim,func,cmpP1]",ok
cec2017,10,29,fdb-agsk,51,-1.155358e+01,-1.393603e+01,-5.897323e+00,10000,"SS[20240620,suite,dim,func,cmpP1]",ok
cec2017,10,29,atmals-gsk,51,-8.441829e+00,-1.023858e+01,-6.937039e+00,10000,"SS[20240620,suite,dim,func,cmpP1]",ok
cec2017,10,29,egsk,51,5.987025e-01,-4.699539e-01,1.832132e+00,10000,"SS[20240620,suite,dim,func,cmpP1]",ok
cec2017,10,30,gsk,51,-5.563636e+00,-2.134099e+01,1.487882e+01,10000,"SS[20240620,suite,dim,func,cmpP1]",ok
cec2017,10,30,agsk,51,-3.365821e+01,-7.012912e+01,-9.759623e+00,10000,"SS[20240620,suite,dim,func,cmpP1]",ok
cec2017,10,30,apgsk,51,-6.940510e+01,-1.044172e+02,-3.702289e+01,10000,"SS[20240620,suite,dim,func,cmpP1]",ok
cec2017,10,30,fdb-agsk,51,-5.291408e+01,-7.778457e+01,-2.891358e+01,10000,"SS[20240620,suite,dim,func,cmpP1]",ok
cec2017,10,30,atmals-gsk,51,-4.495770e+00,-2.176370e+01,1.551571e+01,10000,"SS[20240620,suite,dim,func,cmpP1]",ok
cec2017,10,30,egsk,51,-1.688801e+00,-1.802615e+01,1.835373e+01,10000,"SS[20240620,suite,dim,func,cmpP1]",ok
cec2017,30,1,gsk,51,0.000000e+00,n/a,n/a,n/a,n/a,no CI (degenerate cell)
cec2017,30,1,agsk,51,0.000000e+00,n/a,n/a,n/a,n/a,no CI (degenerate cell)
cec2017,30,1,apgsk,51,-5.445915e-06,-1.529163e-05,-2.336214e-06,10000,"SS[20240620,suite,dim,func,cmpP1]",ok
cec2017,30,1,fdb-agsk,51,0.000000e+00,n/a,n/a,n/a,n/a,no CI (degenerate cell)
cec2017,30,1,atmals-gsk,51,0.000000e+00,n/a,n/a,n/a,n/a,no CI (degenerate cell)
cec2017,30,1,egsk,51,-1.408343e-01,-9.858393e-01,-4.765330e-09,10000,"SS[20240620,suite,dim,func,cmpP1]",ok
cec2017,30,3,gsk,51,-3.360805e-08,-5.845185e-08,-2.111549e-08,10000,"SS[20240620,suite,dim,func,cmpP1]",ok
cec2017,30,3,agsk,51,-1.242266e-02,-3.405109e-02,-3.790225e-03,10000,"SS[20240620,suite,dim,func,cmpP1]",ok
cec2017,30,3,apgsk,51,-6.837591e-01,-1.102886e+00,-4.286136e-01,10000,"SS[20240620,suite,dim,func,cmpP1]",ok
cec2017,30,3,fdb-agsk,51,-7.824140e-02,-2.554149e-01,-2.514215e-02,10000,"SS[20240620,suite,dim,func,cmpP1]",ok
cec2017,30,3,atmals-gsk,51,0.000000e+00,n/a,n/a,n/a,n/a,no CI (degenerate cell)
cec2017,30,3,egsk,51,0.000000e+00,n/a,n/a,n/a,n/a,no CI (degenerate cell)
cec2017,30,4,gsk,51,1.010858e+01,3.536576e+00,1.820764e+01,10000,"SS[20240620,suite,dim,func,cmpP1]",ok
cec2017,30,4,agsk,51,7.205318e+00,-1.313710e+00,1.631481e+01,10000,"SS[20240620,suite,dim,func,cmpP1]",ok
cec2017,30,4,apgsk,51,1.053547e+01,3.966357e+00,1.824162e+01,10000,"SS[20240620,suite,dim,func,cmpP1]",ok
cec2017,30,4,fdb-agsk,51,-2.103750e+01,-3.239754e+01,-9.287095e+00,10000,"SS[20240620,suite,dim,func,cmpP1]",ok
cec2017,30,4,atmals-gsk,51,9.211589e+00,1.189632e+00,1.799719e+01,10000,"SS[20240620,suite,dim,func,cmpP1]",ok
cec2017,30,4,egsk,51,8.641545e+00,4.300214e-01,1.740750e+01,10000,"SS[20240620,suite,dim,func,cmpP1]",ok
cec2017,30,5,gsk,51,-1.273767e+02,-1.308753e+02,-1.225437e+02,10000,"SS[20240620,suite,dim,func,cmpP1]",ok
cec2017,30,5,agsk,51,-6.077943e+01,-6.403353e+01,-5.689473e+01,10000,"SS[20240620,suite,dim,func,cmpP1]",ok
cec2017,30,5,apgsk,51,-8.179480e+01,-8.635654e+01,-7.659038e+01,10000,"SS[20240620,suite,dim,func,cmpP1]",ok
cec2017,30,5,fdb-agsk,51,-4.018560e+01,-4.310015e+01,-3.629837e+01,10000,"SS[20240620,suite,dim,func,cmpP1]",ok
cec2017,30,5,atmals-gsk,51,-4.854090e+01,-5.445041e+01,-4.322801e+01,10000,"SS[20240620,suite,dim,func,cmpP1]",ok
cec2017,30,5,egsk,51,1.100744e+01,8.225287e+00,1.507145e+01,10000,"SS[20240620,suite,dim,func,cmpP1]",ok
cec2017,30,6,gsk,51,4.079174e-06,2.798183e-06,6.817292e-06,10000,"SS[20240620,suite,dim,func,cmpP1]",ok
cec2017,30,6,agsk,51,-2.074228e-05,-3.553623e-05,-1.277358e-05,10000,"SS[20240620,suite,dim,func,cmpP1]",ok
cec2017,30,6,apgsk,51,-4.171123e-05,-8.448724e-05,-2.360828e-05,10000,"SS[20240620,suite,dim,func,cmpP1]",ok
cec2017,30,6,fdb-agsk,51,-5.339559e-06,-1.373849e-05,-7.976809e-07,10000,"SS[20240620,suite,dim,func,cmpP1]",ok
cec2017,30,6,atmals-gsk,51,-8.359052e-05,-1.223026e-04,-5.910918e-05,10000,"SS[20240620,suite,dim,func,cmpP1]",ok
cec2017,30,6,egsk,51,1.276166e-07,-3.507706e-06,2.879107e-06,10000,"SS[20240620,suite,dim,func,cmpP1]",ok
cec2017,30,7,gsk,51,-1.175892e+02,-1.224555e+02,-1.106837e+02,10000,"SS[20240620,suite,dim,func,cmpP1]",ok
cec2017,30,7,agsk,51,-5.474554e+01,-5.936449e+01,-4.790086e+01,10000,"SS[20240620,suite,dim,func,cmpP1]",ok
cec2017,30,7,apgsk,51,-7.820030e+01,-8.616019e+01,-6.932583e+01,10000,"SS[20240620,suite,dim,func,cmpP1]",ok
cec2017,30,7,fdb-agsk,51,-3.483867e+01,-3.998063e+01,-2.828079e+01,10000,"SS[20240620,suite,dim,func,cmpP1]",ok
cec2017,30,7,atmals-gsk,51,-1.724387e+01,-2.370359e+01,-8.795853e+00,10000,"SS[20240620,suite,dim,func,cmpP1]",ok
cec2017,30,7,egsk,51,1.757688e+01,1.325382e+01,2.462699e+01,10000,"SS[20240620,suite,dim,func,cmpP1]",ok
cec2017,30,8,gsk,51,-1.270857e+02,-1.301211e+02,-1.231629e+02,10000,"SS[20240620,suite,dim,func,cmpP1]",ok
cec2017,30,8,agsk,51,-6.447328e+01,-6.803691e+01,-6.053598e+01,10000,"SS[20240620,suite,dim,func,cmpP1]",ok
cec2017,30,8,apgsk,51,-7.930507e+01,-8.326333e+01,-7.457017e+01,10000,"SS[20240620,suite,dim,func,cmpP1]",ok
cec2017,30,8,fdb-agsk,51,-4.579274e+01,-4.921720e+01,-4.222411e+01,10000,"SS[20240620,suite,dim,func,cmpP1]",ok
cec2017,30,8,atmals-gsk,51,-5.112084e+01,-5.682325e+01,-4.493464e+01,10000,"SS[20240620,suite,dim,func,cmpP1]",ok
cec2017,30,8,egsk,51,8.216431e+00,5.357831e+00,1.112326e+01,10000,"SS[20240620,suite,dim,func,cmpP1]",ok
cec2017,30,9,gsk,51,3.510912e-03,0.000000e+00,8.777279e-03,10000,"SS[20240620,suite,dim,func,cmpP1]",ok
cec2017,30,9,agsk,51,-5.795456e+00,-7.770562e+00,-4.525507e+00,10000,"SS[20240620,suite,dim,func,cmpP1]",ok
cec2017,30,9,apgsk,51,-3.546709e+01,-7.339800e+01,-2.324933e+01,10000,"SS[20240620,suite,dim,func,cmpP1]",ok
cec2017,30,9,fdb-agsk,51,-2.930769e+00,-4.294488e+00,-2.214430e+00,10000,"SS[20240620,suite,dim,func,cmpP1]",ok
cec2017,30,9,atmals-gsk,51,-1.279652e-01,-2.081401e-01,-7.289093e-02,10000,"SS[20240620,suite,dim,func,cmpP1]",ok
cec2017,30,9,egsk,51,1.755456e-03,-5.266368e-03,7.021824e-03,10000,"SS[20240620,suite,dim,func,cmpP1]",ok
cec2017,30,10,gsk,51,-2.788114e+03,-3.045860e+03,-2.583531e+03,10000,"SS[20240620,suite,dim,func,cmpP1]",ok
cec2017,30,10,agsk,51,6.727677e+02,4.202102e+02,8.670327e+02,10000,"SS[20240620,suite,dim,func,cmpP1]",ok
cec2017,30,10,apgsk,51,1.080597e+03,8.490873e+02,1.273111e+03,10000,"SS[20240620,suite,dim,func,cmpP1]",ok
cec2017,30,10,fdb-agsk,51,7.208305e+02,4.837926e+02,9.123867e+02,10000,"SS[20240620,suite,dim,func,cmpP1]",ok
cec2017,30,10,atmals-gsk,51,7.084959e+02,4.044329e+02,9.700566e+02,10000,"SS[20240620,suite,dim,func,cmpP1]",ok
cec2017,30,10,egsk,51,-1.224342e+03,-1.545565e+03,-9.319858e+02,10000,"SS[20240620,suite,dim,func,cmpP1]",ok
cec2017,30,11,gsk,51,-1.589788e+01,-2.706153e+01,-5.973688e+00,10000,"SS[20240620,suite,dim,func,cmpP1]",ok
cec2017,30,11,agsk,51,-4.195209e+00,-8.489068e+00,2.420514e+00,10000,"SS[20240620,suite,dim,func,cmpP1]",ok
cec2017,30,11,apgsk,51,-1.478595e+01,-1.941915e+01,-8.105040e+00,10000,"SS[20240620,suite,dim,func,cmpP1]",ok
cec2017,30,11,fdb-agsk,51,-7.824919e+00,-1.438970e+01,-1.642526e+00,10000,"SS[20240620,suite,dim,func,cmpP1]",ok
cec2017,30,11,atmals-gsk,51,-9.575004e+00,-1.747666e+01,-2.454875e+00,10000,"SS[20240620,suite,dim,func,cmpP1]",ok
cec2017,30,11,egsk,51,4.361628e+00,-2.980171e+00,1.143015e+01,10000,"SS[20240620,suite,dim,func,cmpP1]",ok
cec2017,30,12,gsk,51,4.211184e+02,-1.125634e+03,1.898764e+03,10000,"SS[20240620,suite,dim,func,cmpP1]",ok
cec2017,30,12,agsk,51,-1.334673e+03,-3.226420e+03,4.561972e+02,10000,"SS[20240620,suite,dim,func,cmpP1]",ok
cec2017,30,12,apgsk,51,-6.687358e+03,-9.642711e+03,-4.350850e+03,10000,"SS[20240620,suite,dim,func,cmpP1]",ok
cec2017,30,12,fdb-agsk,51,-3.405729e+03,-5.538660e+03,-1.523928e+03,10000,"SS[20240620,suite,dim,func,cmpP1]",ok
cec2017,30,12,atmals-gsk,51,4.117006e+02,-1.225126e+03,1.997707e+03,10000,"SS[20240620,suite,dim,func,cmpP1]",ok
cec2017,30,12,egsk,51,2.967802e+03,1.531421e+03,4.506362e+03,10000,"SS[20240620,suite,dim,func,cmpP1]",ok
cec2017,30,13,gsk,51,-7.403171e+01,-8.482780e+01,-6.499907e+01,10000,"SS[20240620,suite,dim,func,cmpP1]",ok
cec2017,30,13,agsk,51,-2.994149e+01,-3.643143e+01,-2.499409e+01,10000,"SS[20240620,suite,dim,func,cmpP1]",ok
cec2017,30,13,apgsk,51,-2.585367e+01,-3.112947e+01,-2.036853e+01,10000,"SS[20240620,suite,dim,func,cmpP1]",ok
cec2017,30,13,fdb-agsk,51,-3.789997e+01,-4.777265e+01,-2.980078e+01,10000,"SS[20240620,suite,dim,func,cmpP1]",ok
cec2017,30,13,atmals-gsk,51,-4.627451e+01,-6.659777e+01,-3.221670e+01,10000,"SS[20240620,suite,dim,func,cmpP1]",ok
cec2017,30,13,egsk,51,-1.558691e+00,-5.800081e+00,2.156009e+00,10000,"SS[20240620,suite,dim,func,cmpP1]",ok
cec2017,30,14,gsk,51,-2.453105e+01,-2.728600e+01,-2.073526e+01,10000,"SS[20240620,suite,dim,func,cmpP1]",ok
cec2017,30,14,agsk,51,-6.910780e+00,-9.381575e+00,-3.552981e+00,10000,"SS[20240620,suite,dim,func,cmpP1]",ok
cec2017,30,14,apgsk,51,-1.306865e+01,-1.701689e+01,-8.801914e+00,10000,"SS[20240620,suite,dim,func,cmpP1]",ok
cec2017,30,14,fdb-agsk,51,-5.497283e+00,-7.813781e+00,-2.274160e+00,10000,"SS[20240620,suite,dim,func,cmpP1]",ok
cec2017,30,14,atmals-gsk,51,-8.010774e+00,-1.131800e+01,-4.257398e+00,10000,"SS[20240620,suite,dim,func,cmpP1]",ok
cec2017,30,14,egsk,51,7.577511e+00,5.277276e+00,1.080253e+01,10000,"SS[20240620,suite,dim,func,cmpP1]",ok
cec2017,30,15,gsk,51,-8.478460e+00,-1.203716e+01,-5.490933e+00,10000,"SS[20240620,suite,dim,func,cmpP1]",ok
cec2017,30,15,agsk,51,-9.864271e+00,-1.146814e+01,-7.529769e+00,10000,"SS[20240620,suite,dim,func,cmpP1]",ok
cec2017,30,15,apgsk,51,-1.740472e+01,-2.443069e+01,-1.261368e+01,10000,"SS[20240620,suite,dim,func,cmpP1]",ok
cec2017,30,15,fdb-agsk,51,-9.318035e+00,-1.081612e+01,-7.251321e+00,10000,"SS[20240620,suite,dim,func,cmpP1]",ok
cec2017,30,15,atmals-gsk,51,-1.159989e+01,-1.599442e+01,-8.828581e+00,10000,"SS[20240620,suite,dim,func,cmpP1]",ok
cec2017,30,15,egsk,51,1.495502e-01,-1.066313e+00,1.714801e+00,10000,"SS[20240620,suite,dim,func,cmpP1]",ok
cec2017,30,16,gsk,51,-4.346437e+02,-5.020843e+02,-3.644619e+02,10000,"SS[20240620,suite,dim,func,cmpP1]",ok
cec2017,30,16,agsk,51,-3.314052e+02,-3.854708e+02,-2.706600e+02,10000,"SS[20240620,suite,dim,func,cmpP1]",ok
cec2017,30,16,apgsk,51,-1.807808e+02,-2.441200e+02,-1.143936e+02,10000,"SS[20240620,suite,dim,func,cmpP1]",ok
cec2017,30,16,fdb-agsk,51,-2.620837e+02,-3.233497e+02,-1.959689e+02,10000,"SS[20240620,suite,dim,func,cmpP1]",ok
cec2017,30,16,atmals-gsk,51,-2.289773e+02,-3.285384e+02,-1.234496e+02,10000,"SS[20240620,suite,dim,func,cmpP1]",ok
cec2017,30,16,egsk,51,-4.990140e+01,-1.389120e+02,2.518619e+01,10000,"SS[20240620,suite,dim,func,cmpP1]",ok
cec2017,30,17,gsk,51,-1.265894e+02,-1.500000e+02,-1.025284e+02,10000,"SS[20240620,suite,dim,func,cmpP1]",ok
cec2017,30,17,agsk,51,-1.229095e+02,-1.458972e+02,-9.822494e+01,10000,"SS[20240620,suite,dim,func,cmpP1]",ok
cec2017,30,17,apgsk,51,-1.305069e+02,-1.535416e+02,-1.067744e+02,10000,"SS[20240620,suite,dim,func,cmpP1]",ok
cec2017,30,17,fdb-agsk,51,-1.147861e+02,-1.330451e+02,-9.730372e+01,10000,"SS[20240620,suite,dim,func,cmpP1]",ok
cec2017,30,17,atmals-gsk,51,-7.578646e+01,-9.456175e+01,-5.891494e+01,10000,"SS[20240620,suite,dim,func,cmpP1]",ok
cec2017,30,17,egsk,51,-9.296637e+00,-2.461734e+01,4.383815e+00,10000,"SS[20240620,suite,dim,func,cmpP1]",ok
cec2017,30,18,gsk,51,-1.035457e+01,-1.368775e+01,-7.528248e+00,10000,"SS[20240620,suite,dim,func,cmpP1]",ok
cec2017,30,18,agsk,51,-1.063600e+02,-1.437981e+02,-8.227340e+01,10000,"SS[20240620,suite,dim,func,cmpP1]",ok
cec2017,30,18,apgsk,51,-1.397578e+03,-1.926262e+03,-1.081654e+03,10000,"SS[20240620,suite,dim,func,cmpP1]",ok
cec2017,30,18,fdb-agsk,51,-2.798334e+02,-3.766899e+02,-2.147858e+02,10000,"SS[20240620,suite,dim,func,cmpP1]",ok
cec2017,30,18,atmals-gsk,51,-1.000683e+01,-1.468724e+01,-6.938928e+00,10000,"SS[20240620,suite,dim,func,cmpP1]",ok
cec2017,30,18,egsk,51,-1.163892e+00,-7.583168e+00,1.258944e+00,10000,"SS[20240620,suite,dim,func,cmpP1]",ok
cec2017,30,19,gsk,51,-8.123625e+00,-9.696455e+00,-6.537746e+00,10000,"SS[20240620,suite,dim,func,cmpP1]",ok
cec2017,30,19,agsk,51,-8.766338e+00,-9.343351e+00,-8.177652e+00,10000,"SS[20240620,suite,dim,func,cmpP1]",ok
cec2017,30,19,apgsk,51,-9.475090e+00,-1.081001e+01,-8.281080e+00,10000,"SS[20240620,suite,dim,func,cmpP1]",ok
cec2017,30,19,fdb-agsk,51,-8.856092e+00,-9.556522e+00,-8.212238e+00,10000,"SS[20240620,suite,dim,func,cmpP1]",ok
cec2017,30,19,atmals-gsk,51,-7.435059e+00,-8.696833e+00,-6.368346e+00,10000,"SS[20240620,suite,dim,func,cmpP1]",ok
cec2017,30,19,egsk,51,-1.357725e+00,-1.954186e+00,-8.084425e-01,10000,"SS[20240620,suite,dim,func,cmpP1]",ok
cec2017,30,20,gsk,51,-5.875991e+01,-9.932197e+01,-2.853652e+01,10000,"SS[20240620,suite,dim,func,cmpP1]",ok
cec2017,30,20,agsk,51,-1.901400e+02,-2.136154e+02,-1.631649e+02,10000,"SS[20240620,suite,dim,func,cmpP1]",ok
cec2017,30,20,apgsk,51,-2.168323e+02,-2.476399e+02,-1.804730e+02,10000,"SS[20240620,suite,dim,func,cmpP1]",ok
cec2017,30,20,fdb-agsk,51,-1.515819e+02,-1.768949e+02,-1.211626e+02,10000,"SS[20240620,suite,dim,func,cmpP1]",ok
cec2017,30,20,atmals-gsk,51,-9.854671e+01,-1.304483e+02,-6.515785e+01,10000,"SS[20240620,suite,dim,func,cmpP1]",ok
cec2017,30,20,egsk,51,-1.853587e+01,-4.758877e+01,8.410837e+00,10000,"SS[20240620,suite,dim,func,cmpP1]",ok
cec2017,30,21,gsk,51,-1.223204e+02,-1.258451e+02,-1.180226e+02,10000,"SS[20240620,suite,dim,func,cmpP1]",ok
cec2017,30,21,agsk,51,-4.682503e+01,-5.660056e+01,-3.188769e+01,10000,"SS[20240620,suite,dim,func,cmpP1]",ok
cec2017,30,21,apgsk,51,-3.660094e+01,-5.607687e+01,-1.213771e+01,10000,"SS[20240620,suite,dim,func,cmpP1]",ok
cec2017,30,21,fdb-agsk,51,-3.329289e+01,-4.063003e+01,-2.106982e+01,10000,"SS[20240620,suite,dim,func,cmpP1]",ok
cec2017,30,21,atmals-gsk,51,-5.496935e+01,-6.245878e+01,-4.754936e+01,10000,"SS[20240620,suite,dim,func,cmpP1]",ok
cec2017,30,21,egsk,51,9.551653e+00,7.041331e+00,1.355020e+01,10000,"SS[20240620,suite,dim,func,cmpP1]",ok
cec2017,30,22,gsk,51,0.000000e+00,n/a,n/a,n/a,n/a,no CI (degenerate cell)
cec2017,30,22,agsk,51,-6.607876e-02,-3.964725e-01,0.000000e+00,10000,"SS[20240620,suite,dim,func,cmpP1]",ok
cec2017,30,22,apgsk,51,-7.026696e+01,-3.998779e+02,-3.489152e+00,10000,"SS[20240620,suite,dim,func,cmpP1]",ok
cec2017,30,22,fdb-agsk,51,-6.116319e-01,-1.089057e+00,-3.018482e-01,10000,"SS[20240620,suite,dim,func,cmpP1]",ok
cec2017,30,22,atmals-gsk,51,0.000000e+00,n/a,n/a,n/a,n/a,no CI (degenerate cell)
cec2017,30,22,egsk,51,0.000000e+00,n/a,n/a,n/a,n/a,no CI (degenerate cell)
cec2017,30,23,gsk,51,-1.017225e+02,-1.135579e+02,-8.444191e+01,10000,"SS[20240620,suite,dim,func,cmpP1]",ok
cec2017,30,23,agsk,51,-6.150388e+01,-6.558817e+01,-5.689952e+01,10000,"SS[20240620,suite,dim,func,cmpP1]",ok
cec2017,30,23,apgsk,51,-8.384326e+01,-9.302579e+01,-7.393351e+01,10000,"SS[20240620,suite,dim,func,cmpP1]",ok
cec2017,30,23,fdb-agsk,51,-4.369601e+01,-4.794724e+01,-3.895073e+01,10000,"SS[20240620,suite,dim,func,cmpP1]",ok
cec2017,30,23,atmals-gsk,51,-5.009073e+01,-5.620995e+01,-4.432096e+01,10000,"SS[20240620,suite,dim,func,cmpP1]",ok
cec2017,30,23,egsk,51,1.422944e+01,1.090307e+01,1.754215e+01,10000,"SS[20240620,suite,dim,func,cmpP1]",ok
cec2017,30,24,gsk,51,-1.187675e+02,-1.256026e+02,-1.058111e+02,10000,"SS[20240620,suite,dim,func,cmpP1]",ok
cec2017,30,24,agsk,51,-6.521463e+01,-7.010319e+01,-6.042519e+01,10000,"SS[20240620,suite,dim,func,cmpP1]",ok
cec2017,30,24,apgsk,51,-1.209930e+02,-1.288989e+02,-1.125377e+02,10000,"SS[20240620,suite,dim,func,cmpP1]",ok
cec2017,30,24,fdb-agsk,51,-5.193172e+01,-5.591767e+01,-4.835138e+01,10000,"SS[20240620,suite,dim,func,cmpP1]",ok
cec2017,30,24,atmals-gsk,51,-4.412355e+01,-5.035073e+01,-3.817643e+01,10000,"SS[20240620,suite,dim,func,cmpP1]",ok
cec2017,30,24,egsk,51,8.191669e+00,5.409810e+00,1.115946e+01,10000,"SS[20240620,suite,dim,func,cmpP1]",ok
cec2017,30,25,gsk,51,-2.352869e-01,-5.613924e-01,-5.251521e-02,10000,"SS[20240620,suite,dim,func,cmpP1]",ok
cec2017,30,25,agsk,51,-5.470076e-03,-3.003843e-01,2.843368e-01,10000,"SS[20240620,suite,dim,func,cmpP1]",ok
cec2017,30,25,apgsk,51,4.921588e-01,8.565885e-03,1.021070e+00,10000,"SS[20240620,suite,dim,func,cmpP1]",ok
cec2017,30,25,fdb-agsk,51,1.304304e-01,-1.829383e-01,4.632019e-01,10000,"SS[20240620,suite,dim,func,cmpP1]",ok
cec2017,30,25,atmals-gsk,51,-1.835060e-01,-8.362380e-01,2.622098e-01,10000,"SS[20240620,suite,dim,func,cmpP1]",ok
cec2017,30,25,egsk,51,-9.047856e-01,-1.889122e+00,-2.617591e-01,10000,"SS[20240620,suite,dim,func,cmpP1]",ok
cec2017,30,26,gsk,51,1.639492e+02,5.998166e+01,2.266680e+02,10000,"SS[20240620,suite,dim,func,cmpP1]",ok
cec2017,30,26,agsk,51,7.160966e+02,5.255867e+02,8.255564e+02,10000,"SS[20240620,suite,dim,func,cmpP1]",ok
cec2017,30,26,apgsk,51,8.585763e+02,6.911516e+02,9.087850e+02,10000,"SS[20240620,suite,dim,func,cmpP1]",ok
cec2017,30,26,fdb-agsk,51,4.116370e+02,2.209226e+02,5.698995e+02,10000,"SS[20240620,suite,dim,func,cmpP1]",ok
cec2017,30,26,atmals-gsk,51,-1.631714e+02,-3.411423e+02,3.416277e+01,10000,"SS[20240620,suite,dim,func,cmpP1]",ok
cec2017,30,26,egsk,51,3.897140e+02,3.050780e+02,4.837545e+02,10000,"SS[20240620,suite,dim,func,cmpP1]",ok
cec2017,30,27,gsk,51,1.245407e+00,-1.557118e+00,4.137222e+00,10000,"SS[20240620,suite,dim,func,cmpP1]",ok
cec2017,30,27,agsk,51,-9.071720e-01,-4.399706e+00,3.085315e+00,10000,"SS[20240620,suite,dim,func,cmpP1]",ok
cec2017,30,27,apgsk,51,-1.744621e+01,-2.064425e+01,-1.415680e+01,10000,"SS[20240620,suite,dim,func,cmpP1]",ok
cec2017,30,27,fdb-agsk,51,-7.315815e+00,-9.527282e+00,-4.363359e+00,10000,"SS[20240620,suite,dim,func,cmpP1]",ok
cec2017,30,27,atmals-gsk,51,-5.197056e+00,-8.905647e+00,-1.283526e+00,10000,"SS[20240620,suite,dim,func,cmpP1]",ok
cec2017,30,27,egsk,51,-6.693939e-01,-3.466619e+00,2.211157e+00,10000,"SS[20240620,suite,dim,func,cmpP1]",ok
cec2017,30,28,gsk,51,6.545179e+00,-6.860524e+00,2.169491e+01,10000,"SS[20240620,suite,dim,func,cmpP1]",ok
cec2017,30,28,agsk,51,5.530528e+00,-9.784875e+00,2.233279e+01,10000,"SS[20240620,suite,dim,func,cmpP1]",ok
cec2017,30,28,apgsk,51,4.480982e+00,-9.831200e+00,1.972565e+01,10000,"SS[20240620,suite,dim,func,cmpP1]",ok
cec2017,30,28,fdb-agsk,51,-5.611374e+00,-2.244988e+01,1.217145e+01,10000,"SS[20240620,suite,dim,func,cmpP1]",ok
cec2017,30,28,atmals-gsk,51,-6.624641e+00,-2.226653e+01,1.089052e+01,10000,"SS[20240620,suite,dim,func,cmpP1]",ok
cec2017,30,28,egsk,51,1.267793e+01,-2.903006e+00,2.784163e+01,10000,"SS[20240620,suite,dim,func,cmpP1]",ok
cec2017,30,29,gsk,51,-1.815749e+01,-6.041027e+01,2.301575e+01,10000,"SS[20240620,suite,dim,func,cmpP1]",ok
cec2017,30,29,agsk,51,-7.482631e+01,-9.934695e+01,-4.896034e+01,10000,"SS[20240620,suite,dim,func,cmpP1]",ok
cec2017,30,29,apgsk,51,-7.988946e+01,-1.094484e+02,-4.993482e+01,10000,"SS[20240620,suite,dim,func,cmpP1]",ok
cec2017,30,29,fdb-agsk,51,-4.770919e+01,-7.611932e+01,-1.505549e+01,10000,"SS[20240620,suite,dim,func,cmpP1]",ok
cec2017,30,29,atmals-gsk,51,-2.240234e+00,-3.508859e+01,3.349256e+01,10000,"SS[20240620,suite,dim,func,cmpP1]",ok
cec2017,30,29,egsk,51,1.056877e+02,8.112909e+01,1.329652e+02,10000,"SS[20240620,suite,dim,func,cmpP1]",ok
cec2017,30,30,gsk,51,1.961824e+01,-1.553299e+01,5.545813e+01,10000,"SS[20240620,suite,dim,func,cmpP1]",ok
cec2017,30,30,agsk,51,-5.642041e+01,-1.111028e+02,-1.190804e+01,10000,"SS[20240620,suite,dim,func,cmpP1]",ok
cec2017,30,30,apgsk,51,-1.623006e+02,-2.265729e+02,-1.060321e+02,10000,"SS[20240620,suite,dim,func,cmpP1]",ok
cec2017,30,30,fdb-agsk,51,-4.934200e+01,-8.934866e+01,-8.348498e+00,10000,"SS[20240620,suite,dim,func,cmpP1]",ok
cec2017,30,30,atmals-gsk,51,-1.010282e+01,-5.245937e+01,2.437340e+01,10000,"SS[20240620,suite,dim,func,cmpP1]",ok
cec2017,30,30,egsk,51,-2.962215e+00,-4.504438e+01,4.017391e+01,10000,"SS[20240620,suite,dim,func,cmpP1]",ok
cec2017,50,1,gsk,51,-1.697414e+03,-2.228987e+03,-1.256483e+03,10000,"SS[20240620,suite,dim,func,cmpP1]",ok
cec2017,50,1,agsk,51,-1.749269e+00,-3.122399e+00,-9.657810e-01,10000,"SS[20240620,suite,dim,func,cmpP1]",ok
cec2017,50,1,apgsk,51,-1.124759e+03,-1.697711e+03,-8.278525e+02,10000,"SS[20240620,suite,dim,func,cmpP1]",ok
cec2017,50,1,fdb-agsk,51,8.210959e-02,-2.501584e-02,2.732311e-01,10000,"SS[20240620,suite,dim,func,cmpP1]",ok
cec2017,50,1,atmals-gsk,51,1.759871e-01,9.308191e-02,3.791639e-01,10000,"SS[20240620,suite,dim,func,cmpP1]",ok
cec2017,50,1,egsk,51,-8.452447e+01,-1.957137e+02,-3.561877e+01,10000,"SS[20240620,suite,dim,func,cmpP1]",ok
cec2017,50,3,gsk,51,-4.020190e+03,-4.547091e+03,-3.605721e+03,10000,"SS[20240620,suite,dim,func,cmpP1]",ok
cec2017,50,3,agsk,51,-4.520986e+03,-5.331574e+03,-3.886919e+03,10000,"SS[20240620,suite,dim,func,cmpP1]",ok
cec2017,50,3,apgsk,51,-3.835785e+03,-4.396285e+03,-3.394551e+03,10000,"SS[20240620,suite,dim,func,cmpP1]",ok
cec2017,50,3,fdb-agsk,51,-5.010224e+02,-6.262787e+02,-4.018501e+02,10000,"SS[20240620,suite,dim,func,cmpP1]",ok
cec2017,50,3,atmals-gsk,51,-4.525487e-07,-1.453065e-06,-1.587542e-07,10000,"SS[20240620,suite,dim,func,cmpP1]",ok
cec2017,50,3,egsk,51,3.459705e-08,6.298680e-09,1.439492e-07,10000,"SS[20240620,suite,dim,func,cmpP1]",ok
cec2017,50,4,gsk,51,-6.089649e+00,-2.491417e+01,1.180982e+01,10000,"SS[20240620,suite,dim,func,cmpP1]",ok
cec2017,50,4,agsk,51,3.784793e+01,2.147071e+01,5.357565e+01,10000,"SS[20240620,suite,dim,func,cmpP1]",ok
cec2017,50,4,apgsk,51,6.415015e+00,-1.286975e+01,2.473330e+01,10000,"SS[20240620,suite,dim,func,cmpP1]",ok
cec2017,50,4,fdb-agsk,51,-7.331764e-01,-1.966690e+01,1.785799e+01,10000,"SS[20240620,suite,dim,func,cmpP1]",ok
cec2017,50,4,atmals-gsk,51,3.540714e+01,1.584351e+01,5.253074e+01,10000,"SS[20240620,suite,dim,func,cmpP1]",ok
cec2017,50,4,egsk,51,5.637035e+01,4.289372e+01,6.960216e+01,10000,"SS[20240620,suite,dim,func,cmpP1]",ok
cec2017,50,5,gsk,51,-2.778690e+02,-2.822534e+02,-2.724529e+02,10000,"SS[20240620,suite,dim,func,cmpP1]",ok
cec2017,50,5,agsk,51,-1.993181e+02,-2.045668e+02,-1.928578e+02,10000,"SS[20240620,suite,dim,func,cmpP1]",ok
cec2017,50,5,apgsk,51,-2.379417e+02,-2.446915e+02,-2.317930e+02,10000,"SS[20240620,suite,dim,func,cmpP1]",ok
cec2017,50,5,fdb-agsk,51,-1.538672e+02,-1.604521e+02,-1.475058e+02,10000,"SS[20240620,suite,dim,func,cmpP1]",ok
cec2017,50,5,atmals-gsk,51,-1.497495e+02,-1.611877e+02,-1.379717e+02,10000,"SS[20240620,suite,dim,func,cmpP1]",ok
cec2017,50,5,egsk,51,7.140961e-01,-2.818351e+00,3.712395e+00,10000,"SS[20240620,suite,dim,func,cmpP1]",ok
cec2017,50,6,gsk,51,7.979849e-05,7.007045e-05,8.908388e-05,10000,"SS[20240620,suite,dim,func,cmpP1]",ok
cec2017,50,6,agsk,51,-4.350471e-04,-5.646168e-04,-3.269401e-04,10000,"SS[20240620,suite,dim,func,cmpP1]",ok
cec2017,50,6,apgsk,51,-7.129591e-04,-9.873369e-04,-5.208718e-04,10000,"SS[20240620,suite,dim,func,cmpP1]",ok
cec2017,50,6,fdb-agsk,51,-1.202533e-04,-2.065091e-04,-6.478950e-05,10000,"SS[20240620,suite,dim,func,cmpP1]",ok
cec2017,50,6,atmals-gsk,51,-6.917371e-04,-9.401399e-04,-5.347907e-04,10000,"SS[20240620,suite,dim,func,cmpP1]",ok
cec2017,50,6,egsk,51,-4.925642e-04,-2.758522e-03,7.563197e-05,10000,"SS[20240620,suite,dim,func,cmpP1]",ok
cec2017,50,7,gsk,51,-2.798552e+02,-2.869525e+02,-2.679276e+02,10000,"SS[20240620,suite,dim,func,cmpP1]",ok
cec2017,50,7,agsk,51,-2.018792e+02,-2.113330e+02,-1.882435e+02,10000,"SS[20240620,suite,dim,func,cmpP1]",ok
cec2017,50,7,apgsk,51,-2.569685e+02,-2.692412e+02,-2.405145e+02,10000,"SS[20240620,suite,dim,func,cmpP1]",ok
cec2017,50,7,fdb-agsk,51,-1.645896e+02,-1.729578e+02,-1.531516e+02,10000,"SS[20240620,suite,dim,func,cmpP1]",ok
cec2017,50,7,atmals-gsk,51,-8.337794e+01,-9.287369e+01,-7.043471e+01,10000,"SS[20240620,suite,dim,func,cmpP1]",ok
cec2017,50,7,egsk,51,2.948517e+00,-4.386006e+00,1.470170e+01,10000,"SS[20240620,suite,dim,func,cmpP1]",ok
cec2017,50,8,gsk,51,-2.795587e+02,-2.851214e+02,-2.708649e+02,10000,"SS[20240620,suite,dim,func,cmpP1]",ok
cec2017,50,8,agsk,51,-2.026991e+02,-2.105354e+02,-1.919535e+02,10000,"SS[20240620,suite,dim,func,cmpP1]",ok
cec2017,50,8,apgsk,51,-2.361066e+02,-2.438792e+02,-2.247961e+02,10000,"SS[20240620,suite,dim,func,cmpP1]",ok
cec2017,50,8,fdb-agsk,51,-1.593951e+02,-1.663674e+02,-1.502409e+02,10000,"SS[20240620,suite,dim,func,cmpP1]",ok
cec2017,50,8,atmals-gsk,51,-1.441521e+02,-1.580526e+02,-1.314469e+02,10000,"SS[20240620,suite,dim,func,cmpP1]",ok
cec2017,50,8,egsk,51,2.289479e+00,-2.685368e+00,1.118555e+01,10000,"SS[20240620,suite,dim,func,cmpP1]",ok
cec2017,50,9,gsk,51,8.114407e-02,3.835796e-02,1.290655e-01,10000,"SS[20240620,suite,dim,func,cmpP1]",ok
cec2017,50,9,agsk,51,-3.360247e+01,-4.239091e+01,-2.756382e+01,10000,"SS[20240620,suite,dim,func,cmpP1]",ok
cec2017,50,9,apgsk,51,-1.500256e+03,-2.977494e+03,-1.083172e+03,10000,"SS[20240620,suite,dim,func,cmpP1]",ok
cec2017,50,9,fdb-agsk,51,-3.153167e+01,-3.798059e+01,-2.580195e+01,10000,"SS[20240620,suite,dim,func,cmpP1]",ok
cec2017,50,9,atmals-gsk,51,-2.484533e+00,-3.204572e+00,-1.957458e+00,10000,"SS[20240620,suite,dim,func,cmpP1]",ok
cec2017,50,9,egsk,51,-1.320003e-01,-2.296309e-01,-4.610221e-02,10000,"SS[20240620,suite,dim,func,cmpP1]",ok
cec2017,50,10,gsk,51,-7.695138e+03,-7.911347e+03,-7.484057e+03,10000,"SS[20240620,suite,dim,func,cmpP1]",ok
cec2017,50,10,agsk,51,-2.536983e+03,-2.762986e+03,-2.330730e+03,10000,"SS[20240620,suite,dim,func,cmpP1]",ok
cec2017,50,10,apgsk,51,-8.872667e+02,-1.094356e+03,-6.953952e+02,10000,"SS[20240620,suite,dim,func,cmpP1]",ok
cec2017,50,10,fdb-agsk,51,-2.331627e+03,-2.566274e+03,-2.092576e+03,10000,"SS[20240620,suite,dim,func,cmpP1]",ok
cec2017,50,10,atmals-gsk,51,-7.002905e+02,-9.835337e+02,-4.311290e+02,10000,"SS[20240620,suite,dim,func,cmpP1]",ok
cec2017,50,10,egsk,51,-5.511056e+03,-5.877747e+03,-5.137314e+03,10000,"SS[20240620,suite,dim,func,cmpP1]",ok
cec2017,50,11,gsk,51,5.648656e-01,-1.085856e+01,5.651646e+00,10000,"SS[20240620,suite,dim,func,cmpP1]",ok
cec2017,50,11,agsk,51,-5.299551e+01,-5.807935e+01,-4.899619e+01,10000,"SS[20240620,suite,dim,func,cmpP1]",ok
cec2017,50,11,apgsk,51,-6.071630e+01,-6.640359e+01,-5.515608e+01,10000,"SS[20240620,suite,dim,func,cmpP1]",ok
cec2017,50,11,fdb-agsk,51,-4.182700e+01,-4.740065e+01,-3.748053e+01,10000,"SS[20240620,suite,dim,func,cmpP1]",ok
cec2017,50,11,atmals-gsk,51,-4.945010e+01,-5.559202e+01,-4.356031e+01,10000,"SS[20240620,suite,dim,func,cmpP1]",ok
cec2017,50,11,egsk,51,5.015579e+00,3.208867e+00,6.604685e+00,10000,"SS[20240620,suite,dim,func,cmpP1]",ok
cec2017,50,12,gsk,51,2.091973e+03,-9.239842e+02,4.838152e+03,10000,"SS[20240620,suite,dim,func,cmpP1]",ok
cec2017,50,12,agsk,51,-5.786703e+04,-7.296409e+04,-4.731719e+04,10000,"SS[20240620,suite,dim,func,cmpP1]",ok
cec2017,50,12,apgsk,51,-1.016517e+05,-1.254899e+05,-8.365480e+04,10000,"SS[20240620,suite,dim,func,cmpP1]",ok
cec2017,50,12,fdb-agsk,51,-1.034785e+05,-1.312433e+05,-8.328504e+04,10000,"SS[20240620,suite,dim,func,cmpP1]",ok
cec2017,50,12,atmals-gsk,51,2.256288e+03,-1.230869e+03,5.106608e+03,10000,"SS[20240620,suite,dim,func,cmpP1]",ok
cec2017,50,12,egsk,51,-2.626566e+04,-3.344724e+04,-2.044415e+04,10000,"SS[20240620,suite,dim,func,cmpP1]",ok
cec2017,50,13,gsk,51,-2.582696e+03,-3.636912e+03,-1.862142e+03,10000,"SS[20240620,suite,dim,func,cmpP1]",ok
cec2017,50,13,agsk,51,-1.708329e+02,-2.372778e+02,-1.173039e+02,10000,"SS[20240620,suite,dim,func,cmpP1]",ok
cec2017,50,13,apgsk,51,-1.524374e+02,-2.153884e+02,-1.030912e+02,10000,"SS[20240620,suite,dim,func,cmpP1]",ok
cec2017,50,13,fdb-agsk,51,-1.053406e+02,-1.397359e+02,-6.600475e+01,10000,"SS[20240620,suite,dim,func,cmpP1]",ok
cec2017,50,13,atmals-gsk,51,-1.596194e+03,-2.745147e+03,-8.828570e+02,10000,"SS[20240620,suite,dim,func,cmpP1]",ok
cec2017,50,13,egsk,51,7.915859e+01,4.953548e+01,1.169154e+02,10000,"SS[20240620,suite,dim,func,cmpP1]",ok
cec2017,50,14,gsk,51,-8.209638e+01,-8.911602e+01,-7.229853e+01,10000,"SS[20240620,suite,dim,func,cmpP1]",ok
cec2017,50,14,agsk,51,-4.236076e+01,-4.851852e+01,-3.266597e+01,10000,"SS[20240620,suite,dim,func,cmpP1]",ok
cec2017,50,14,apgsk,51,-8.630363e+01,-1.071898e+02,-7.255118e+01,10000,"SS[20240620,suite,dim,func,cmpP1]",ok
cec2017,50,14,fdb-agsk,51,-3.969769e+01,-4.587481e+01,-3.076679e+01,10000,"SS[20240620,suite,dim,func,cmpP1]",ok
cec2017,50,14,atmals-gsk,51,-7.333766e+01,-8.784386e+01,-6.068209e+01,10000,"SS[20240620,suite,dim,func,cmpP1]",ok
cec2017,50,14,egsk,51,2.540521e+00,-2.575313e+00,1.069737e+01,10000,"SS[20240620,suite,dim,func,cmpP1]",ok
cec2017,50,15,gsk,51,-1.394665e+00,-6.606986e+00,3.736063e+00,10000,"SS[20240620,suite,dim,func,cmpP1]",ok
cec2017,50,15,agsk,51,-2.741106e+01,-3.188982e+01,-2.211631e+01,10000,"SS[20240620,suite,dim,func,cmpP1]",ok
cec2017,50,15,apgsk,51,-5.997536e+01,-7.107995e+01,-4.972278e+01,10000,"SS[20240620,suite,dim,func,cmpP1]",ok
cec2017,50,15,fdb-agsk,51,-2.415505e+01,-2.931258e+01,-1.939091e+01,10000,"SS[20240620,suite,dim,func,cmpP1]",ok
cec2017,50,15,atmals-gsk,51,-6.131554e+01,-8.374271e+01,-4.674621e+01,10000,"SS[20240620,suite,dim,func,cmpP1]",ok
cec2017,50,15,egsk,51,-5.010641e+00,-1.131161e+01,1.073893e+00,10000,"SS[20240620,suite,dim,func,cmpP1]",ok
cec2017,50,16,gsk,51,-1.303613e+03,-1.441248e+03,-1.124797e+03,10000,"SS[20240620,suite,dim,func,cmpP1]",ok
cec2017,50,16,agsk,51,-6.689210e+02,-7.417981e+02,-5.930065e+02,10000,"SS[20240620,suite,dim,func,cmpP1]",ok
cec2017,50,16,apgsk,51,-3.163010e+02,-3.882859e+02,-2.429364e+02,10000,"SS[20240620,suite,dim,func,cmpP1]",ok
cec2017,50,16,fdb-agsk,51,-5.446998e+02,-6.180648e+02,-4.701297e+02,10000,"SS[20240620,suite,dim,func,cmpP1]",ok
cec2017,50,16,atmals-gsk,51,-5.821695e+02,-7.373622e+02,-4.271202e+02,10000,"SS[20240620,suite,dim,func,cmpP1]",ok
cec2017,50,16,egsk,51,2.489934e+02,8.399740e+01,3.701004e+02,10000,"SS[20240620,suite,dim,func,cmpP1]",ok
cec2017,50,17,gsk,51,-8.946002e+02,-9.714507e+02,-8.118954e+02,10000,"SS[20240620,suite,dim,func,cmpP1]",ok
cec2017,50,17,agsk,51,-5.295869e+02,-5.951200e+02,-4.430339e+02,10000,"SS[20240620,suite,dim,func,cmpP1]",ok
cec2017,50,17,apgsk,51,-4.342053e+02,-5.030658e+02,-3.568837e+02,10000,"SS[20240620,suite,dim,func,cmpP1]",ok
cec2017,50,17,fdb-agsk,51,-3.888208e+02,-4.462417e+02,-3.223903e+02,10000,"SS[20240620,suite,dim,func,cmpP1]",ok
cec2017,50,17,atmals-gsk,51,-4.849339e+02,-5.827095e+02,-3.694134e+02,10000,"SS[20240620,suite,dim,func,cmpP1]",ok
cec2017,50,17,egsk,51,-2.849391e+02,-3.814704e+02,-1.881867e+02,10000,"SS[20240620,suite,dim,func,cmpP1]",ok
cec2017,50,18,gsk,51,-6.317563e+02,-8.491679e+02,-5.003978e+02,10000,"SS[20240620,suite,dim,func,cmpP1]",ok
cec2017,50,18,agsk,51,-4.511335e+03,-5.608091e+03,-3.699787e+03,10000,"SS[20240620,suite,dim,func,cmpP1]",ok
cec2017,50,18,apgsk,51,-9.470445e+03,-1.116129e+04,-8.174696e+03,10000,"SS[20240620,suite,dim,func,cmpP1]",ok
cec2017,50,18,fdb-agsk,51,-3.713487e+03,-4.411108e+03,-3.100461e+03,10000,"SS[20240620,suite,dim,func,cmpP1]",ok
cec2017,50,18,atmals-gsk,51,-6.561470e+02,-9.520471e+02,-4.850265e+02,10000,"SS[20240620,suite,dim,func,cmpP1]",ok
cec2017,50,18,egsk,51,5.084362e+00,-1.633718e+01,2.956658e+01,10000,"SS[20240620,suite,dim,func,cmpP1]",ok
cec2017,50,19,gsk,51,-1.462752e+01,-1.819735e+01,-1.138768e+01,10000,"SS[20240620,suite,dim,func,cmpP1]",ok
cec2017,50,19,agsk,51,-2.022528e+01,-2.199305e+01,-1.827008e+01,10000,"SS[20240620,suite,dim,func,cmpP1]",ok
cec2017,50,19,apgsk,51,-1.817658e+01,-2.062367e+01,-1.582307e+01,10000,"SS[20240620,suite,dim,func,cmpP1]",ok
cec2017,50,19,fdb-agsk,51,-1.887553e+01,-2.081141e+01,-1.702658e+01,10000,"SS[20240620,suite,dim,func,cmpP1]",ok
cec2017,50,19,atmals-gsk,51,-3.975620e+01,-4.724700e+01,-3.347272e+01,10000,"SS[20240620,suite,dim,func,cmpP1]",ok
cec2017,50,19,egsk,51,-1.129433e+01,-1.547217e+01,-8.111618e+00,10000,"SS[20240620,suite,dim,func,cmpP1]",ok
cec2017,50,20,gsk,51,-9.855146e+02,-1.057298e+03,-9.061974e+02,10000,"SS[20240620,suite,dim,func,cmpP1]",ok
cec2017,50,20,agsk,51,-4.149861e+02,-4.703004e+02,-3.547759e+02,10000,"SS[20240620,suite,dim,func,cmpP1]",ok
cec2017,50,20,apgsk,51,-3.758848e+02,-4.317189e+02,-3.158613e+02,10000,"SS[20240620,suite,dim,func,cmpP1]",ok
cec2017,50,20,fdb-agsk,51,-2.846795e+02,-3.489691e+02,-2.227160e+02,10000,"SS[20240620,suite,dim,func,cmpP1]",ok
cec2017,50,20,atmals-gsk,51,-4.818574e+02,-5.669973e+02,-3.921806e+02,10000,"SS[20240620,suite,dim,func,cmpP1]",ok
cec2017,50,20,egsk,51,-3.512614e+02,-4.332307e+02,-2.519446e+02,10000,"SS[20240620,suite,dim,func,cmpP1]",ok
cec2017,50,21,gsk,51,-2.790733e+02,-2.827520e+02,-2.754258e+02,10000,"SS[20240620,suite,dim,func,cmpP1]",ok
cec2017,50,21,agsk,51,-2.007229e+02,-2.060865e+02,-1.947043e+02,10000,"SS[20240620,suite,dim,func,cmpP1]",ok
cec2017,50,21,apgsk,51,-2.210630e+02,-2.276105e+02,-2.142813e+02,10000,"SS[20240620,suite,dim,func,cmpP1]",ok
cec2017,50,21,fdb-agsk,51,-1.522681e+02,-1.587528e+02,-1.463140e+02,10000,"SS[20240620,suite,dim,func,cmpP1]",ok
cec2017,50,21,atmals-gsk,51,-1.264180e+02,-1.368648e+02,-1.170547e+02,10000,"SS[20240620,suite,dim,func,cmpP1]",ok
cec2017,50,21,egsk,51,2.648090e+00,-5.522794e-01,5.481622e+00,10000,"SS[20240620,suite,dim,func,cmpP1]",ok
cec2017,50,22,gsk,51,-8.679709e+03,-9.826084e+03,-7.180592e+03,10000,"SS[20240620,suite,dim,func,cmpP1]",ok
cec2017,50,22,agsk,51,-3.521062e+03,-4.653633e+03,-2.245085e+03,10000,"SS[20240620,suite,dim,func,cmpP1]",ok
cec2017,50,22,apgsk,51,-3.353321e+03,-4.277421e+03,-2.284626e+03,10000,"SS[20240620,suite,dim,func,cmpP1]",ok
cec2017,50,22,fdb-agsk,51,-4.746266e+03,-5.621854e+03,-3.810538e+03,10000,"SS[20240620,suite,dim,func,cmpP1]",ok
cec2017,50,22,atmals-gsk,51,-2.192006e+03,-3.366093e+03,-9.789391e+02,10000,"SS[20240620,suite,dim,func,cmpP1]",ok
cec2017,50,22,egsk,51,-6.681624e+03,-7.863856e+03,-5.096483e+03,10000,"SS[20240620,suite,dim,func,cmpP1]",ok
cec2017,50,23,gsk,51,-9.652899e+01,-1.346127e+02,-6.028508e+01,10000,"SS[20240620,suite,dim,func,cmpP1]",ok
cec2017,50,23,agsk,51,-1.919853e+02,-1.992462e+02,-1.784988e+02,10000,"SS[20240620,suite,dim,func,cmpP1]",ok
cec2017,50,23,apgsk,51,-3.039805e+02,-3.154771e+02,-2.896894e+02,10000,"SS[20240620,suite,dim,func,cmpP1]",ok
cec2017,50,23,fdb-agsk,51,-1.531815e+02,-1.609866e+02,-1.389263e+02,10000,"SS[20240620,suite,dim,func,cmpP1]",ok
cec2017,50,23,atmals-gsk,51,-1.088813e+02,-1.225161e+02,-9.394358e+01,10000,"SS[20240620,suite,dim,func,cmpP1]",ok
cec2017,50,23,egsk,51,1.175022e+01,6.361257e+00,2.365582e+01,10000,"SS[20240620,suite,dim,func,cmpP1]",ok
cec2017,50,24,gsk,51,-8.069383e+01,-1.187605e+02,-4.651824e+01,10000,"SS[20240620,suite,dim,func,cmpP1]",ok
cec2017,50,24,agsk,51,-1.914535e+02,-1.994203e+02,-1.835561e+02,10000,"SS[20240620,suite,dim,func,cmpP1]",ok
cec2017,50,24,apgsk,51,-3.032707e+02,-3.137352e+02,-2.926828e+02,10000,"SS[20240620,suite,dim,func,cmpP1]",ok
cec2017,50,24,fdb-agsk,51,-1.599253e+02,-1.682152e+02,-1.525973e+02,10000,"SS[20240620,suite,dim,func,cmpP1]",ok
cec2017,50,24,atmals-gsk,51,-1.130709e+02,-1.223952e+02,-1.022589e+02,10000,"SS[20240620,suite,dim,func,cmpP1]",ok
cec2017,50,24,egsk,51,6.676515e+00,3.415419e+00,9.816110e+00,10000,"SS[20240620,suite,dim,func,cmpP1]",ok
cec2017,50,25,gsk,51,-2.486215e+01,-3.570878e+01,-1.418032e+01,10000,"SS[20240620,suite,dim,func,cmpP1]",ok
cec2017,50,25,agsk,51,-3.198418e+00,-1.547101e+01,8.971759e+00,10000,"SS[20240620,suite,dim,func,cmpP1]",ok
cec2017,50,25,apgsk,51,-3.159357e+01,-4.532250e+01,-1.657625e+01,10000,"SS[20240620,suite,dim,func,cmpP1]",ok
cec2017,50,25,fdb-agsk,51,2.015167e+00,-1.168436e+01,1.617828e+01,10000,"SS[20240620,suite,dim,func,cmpP1]",ok
cec2017,50,25,atmals-gsk,51,-3.119361e+01,-4.289422e+01,-1.891151e+01,10000,"SS[20240620,suite,dim,func,cmpP1]",ok
cec2017,50,25,egsk,51,-3.335434e+01,-4.642024e+01,-1.944943e+01,10000,"SS[20240620,suite,dim,func,cmpP1]",ok
cec2017,50,26,gsk,51,7.224772e+01,-1.277945e+02,1.772048e+02,10000,"SS[20240620,suite,dim,func,cmpP1]",ok
cec2017,50,26,agsk,51,-1.796171e+03,-2.086839e+03,-1.384082e+03,10000,"SS[20240620,suite,dim,func,cmpP1]",ok
cec2017,50,26,apgsk,51,-1.223544e+03,-1.678082e+03,-7.303415e+02,10000,"SS[20240620,suite,dim,func,cmpP1]",ok
cec2017,50,26,fdb-agsk,51,-1.609932e+03,-1.728836e+03,-1.438811e+03,10000,"SS[20240620,suite,dim,func,cmpP1]",ok
cec2017,50,26,atmals-gsk,51,-8.506299e+02,-1.066542e+03,-6.258472e+02,10000,"SS[20240620,suite,dim,func,cmpP1]",ok
cec2017,50,26,egsk,51,2.666404e+02,1.364514e+02,4.210061e+02,10000,"SS[20240620,suite,dim,func,cmpP1]",ok
cec2017,50,27,gsk,51,-3.403739e+01,-6.838729e+01,-8.479395e+00,10000,"SS[20240620,suite,dim,func,cmpP1]",ok
cec2017,50,27,agsk,51,3.467531e+01,2.265283e+01,5.212887e+01,10000,"SS[20240620,suite,dim,func,cmpP1]",ok
cec2017,50,27,apgsk,51,-1.871021e+01,-3.616193e+01,1.409218e+00,10000,"SS[20240620,suite,dim,func,cmpP1]",ok
cec2017,50,27,fdb-agsk,51,3.067703e+01,1.872085e+01,4.831225e+01,10000,"SS[20240620,suite,dim,func,cmpP1]",ok
cec2017,50,27,atmals-gsk,51,-3.783081e+01,-5.737220e+01,-2.005245e+01,10000,"SS[20240620,suite,dim,func,cmpP1]",ok
cec2017,50,27,egsk,51,-5.513008e+01,-1.022325e+02,-2.058925e+01,10000,"SS[20240620,suite,dim,func,cmpP1]",ok
cec2017,50,28,gsk,51,-1.137535e+01,-1.875176e+01,-4.785435e+00,10000,"SS[20240620,suite,dim,func,cmpP1]",ok
cec2017,50,28,agsk,51,-2.849284e+00,-1.103777e+01,5.711052e+00,10000,"SS[20240620,suite,dim,func,cmpP1]",ok
cec2017,50,28,apgsk,51,-4.881823e+00,-1.518480e+01,3.875392e+00,10000,"SS[20240620,suite,dim,func,cmpP1]",ok
cec2017,50,28,fdb-agsk,51,-3.444682e+00,-1.496501e+01,7.227152e+00,10000,"SS[20240620,suite,dim,func,cmpP1]",ok
cec2017,50,28,atmals-gsk,51,-1.314776e+01,-2.444990e+01,-3.816088e+00,10000,"SS[20240620,suite,dim,func,cmpP1]",ok
cec2017,50,28,egsk,51,-6.214749e-01,-1.159163e+01,8.668415e+00,10000,"SS[20240620,suite,dim,func,cmpP1]",ok
cec2017,50,29,gsk,51,2.387913e+02,2.022878e+02,2.743856e+02,10000,"SS[20240620,suite,dim,func,cmpP1]",ok
cec2017,50,29,agsk,51,-3.660138e+02,-4.007878e+02,-3.256381e+02,10000,"SS[20240620,suite,dim,func,cmpP1]",ok
cec2017,50,29,apgsk,51,-4.185555e+02,-4.661508e+02,-3.691958e+02,10000,"SS[20240620,suite,dim,func,cmpP1]",ok
cec2017,50,29,fdb-agsk,51,-2.468943e+02,-2.874404e+02,-2.061933e+02,10000,"SS[20240620,suite,dim,func,cmpP1]",ok
cec2017,50,29,atmals-gsk,51,-5.610146e+01,-1.482423e+02,1.282934e+01,10000,"SS[20240620,suite,dim,func,cmpP1]",ok
cec2017,50,29,egsk,51,1.624936e+02,1.245963e+02,2.052320e+02,10000,"SS[20240620,suite,dim,func,cmpP1]",ok
cec2017,50,30,gsk,51,2.343269e+04,1.035146e+04,3.848636e+04,10000,"SS[20240620,suite,dim,func,cmpP1]",ok
cec2017,50,30,agsk,51,3.823809e+04,2.740988e+04,5.217342e+04,10000,"SS[20240620,suite,dim,func,cmpP1]",ok
cec2017,50,30,apgsk,51,3.230158e+04,2.164604e+04,4.669594e+04,10000,"SS[20240620,suite,dim,func,cmpP1]",ok
cec2017,50,30,fdb-agsk,51,3.752520e+04,2.702525e+04,5.218794e+04,10000,"SS[20240620,suite,dim,func,cmpP1]",ok
cec2017,50,30,atmals-gsk,51,-1.003035e+03,-1.780183e+04,1.584408e+04,10000,"SS[20240620,suite,dim,func,cmpP1]",ok
cec2017,50,30,egsk,51,1.912427e+04,4.176515e+03,3.531027e+04,10000,"SS[20240620,suite,dim,func,cmpP1]",ok
cec2017,100,1,gsk,51,-3.974237e+03,-4.845310e+03,-3.259289e+03,10000,"SS[20240620,suite,dim,func,cmpP1]",ok
cec2017,100,1,agsk,51,-3.602000e+01,-6.571007e+01,-1.862011e+01,10000,"SS[20240620,suite,dim,func,cmpP1]",ok
cec2017,100,1,apgsk,51,-3.947348e+03,-4.694008e+03,-3.304180e+03,10000,"SS[20240620,suite,dim,func,cmpP1]",ok
cec2017,100,1,fdb-agsk,51,4.844795e+00,-4.464352e-01,1.083371e+01,10000,"SS[20240620,suite,dim,func,cmpP1]",ok
cec2017,100,1,atmals-gsk,51,-4.493389e+02,-9.166504e+02,-1.911084e+02,10000,"SS[20240620,suite,dim,func,cmpP1]",ok
cec2017,100,1,egsk,51,-1.075029e+04,-4.626618e+04,-2.806621e+03,10000,"SS[20240620,suite,dim,func,cmpP1]",ok
cec2017,100,3,gsk,51,-1.120758e+05,-1.165956e+05,-1.074532e+05,10000,"SS[20240620,suite,dim,func,cmpP1]",ok
cec2017,100,3,agsk,51,-1.089975e+05,-1.151361e+05,-1.038127e+05,10000,"SS[20240620,suite,dim,func,cmpP1]",ok
cec2017,100,3,apgsk,51,-8.143367e+04,-8.477288e+04,-7.785394e+04,10000,"SS[20240620,suite,dim,func,cmpP1]",ok
cec2017,100,3,fdb-agsk,51,-5.466285e+04,-5.850427e+04,-5.172042e+04,10000,"SS[20240620,suite,dim,func,cmpP1]",ok
cec2017,100,3,atmals-gsk,51,-1.739315e+01,-5.643889e+01,4.193908e+00,10000,"SS[20240620,suite,dim,func,cmpP1]",ok
cec2017,100,3,egsk,51,2.326624e+01,1.614936e+01,3.801335e+01,10000,"SS[20240620,suite,dim,func,cmpP1]",ok
cec2017,100,4,gsk,51,-2.214070e+01,-4.132213e+01,-3.032534e+00,10000,"SS[20240620,suite,dim,func,cmpP1]",ok
cec2017,100,4,agsk,51,2.159498e+01,4.928080e+00,3.919868e+01,10000,"SS[20240620,suite,dim,func,cmpP1]",ok
cec2017,100,4,apgsk,51,-1.929227e+01,-4.107230e+01,4.226557e-01,10000,"SS[20240620,suite,dim,func,cmpP1]",ok
cec2017,100,4,fdb-agsk,51,-7.866240e+00,-2.543094e+01,9.748218e+00,10000,"SS[20240620,suite,dim,func,cmpP1]",ok
cec2017,100,4,atmals-gsk,51,6.087446e+00,-1.332942e+01,2.540151e+01,10000,"SS[20240620,suite,dim,func,cmpP1]",ok
cec2017,100,4,egsk,51,1.826785e+02,1.693624e+02,1.961231e+02,10000,"SS[20240620,suite,dim,func,cmpP1]",ok
cec2017,100,5,gsk,51,-3.892185e+02,-4.775919e+02,-2.941466e+02,10000,"SS[20240620,suite,dim,func,cmpP1]",ok
cec2017,100,5,agsk,51,-6.120306e+02,-6.260720e+02,-5.982307e+02,10000,"SS[20240620,suite,dim,func,cmpP1]",ok
cec2017,100,5,apgsk,51,-6.605903e+02,-6.720853e+02,-6.496898e+02,10000,"SS[20240620,suite,dim,func,cmpP1]",ok
cec2017,100,5,fdb-agsk,51,-5.712936e+02,-5.847917e+02,-5.577302e+02,10000,"SS[20240620,suite,dim,func,cmpP1]",ok
cec2017,100,5,atmals-gsk,51,-3.027460e+02,-3.410542e+02,-2.599079e+02,10000,"SS[20240620,suite,dim,func,cmpP1]",ok
cec2017,100,5,egsk,51,3.216627e-01,-7.690567e+00,7.014154e+00,10000,"SS[20240620,suite,dim,func,cmpP1]",ok
cec2017,100,6,gsk,51,-2.622852e-03,-4.924734e-03,-1.322856e-03,10000,"SS[20240620,suite,dim,func,cmpP1]",ok
cec2017,100,6,agsk,51,-2.211366e-02,-2.687759e-02,-1.858099e-02,10000,"SS[20240620,suite,dim,func,cmpP1]",ok
cec2017,100,6,apgsk,51,-4.022366e-01,-6.426390e-01,-3.053249e-01,10000,"SS[20240620,suite,dim,func,cmpP1]",ok
cec2017,100,6,fdb-agsk,51,-1.605363e-02,-1.962493e-02,-1.333136e-02,10000,"SS[20240620,suite,dim,func,cmpP1]",ok
cec2017,100,6,atmals-gsk,51,-7.626284e-03,-8.603502e-03,-6.721995e-03,10000,"SS[20240620,suite,dim,func,cmpP1]",ok
cec2017,100,6,egsk,51,-3.217719e-02,-5.027955e-02,-2.138217e-02,10000,"SS[20240620,suite,dim,func,cmpP1]",ok
cec2017,100,7,gsk,51,-6.756250e+02,-6.846692e+02,-6.618267e+02,10000,"SS[20240620,suite,dim,func,cmpP1]",ok
cec2017,100,7,agsk,51,-6.670042e+02,-6.797389e+02,-6.514654e+02,10000,"SS[20240620,suite,dim,func,cmpP1]",ok
cec2017,100,7,apgsk,51,-9.456890e+02,-9.647724e+02,-9.286329e+02,10000,"SS[20240620,suite,dim,func,cmpP1]",ok
cec2017,100,7,fdb-agsk,51,-5.789676e+02,-5.937126e+02,-5.634755e+02,10000,"SS[20240620,suite,dim,func,cmpP1]",ok
cec2017,100,7,atmals-gsk,51,-2.691203e+02,-2.923270e+02,-2.473163e+02,10000,"SS[20240620,suite,dim,func,cmpP1]",ok
cec2017,100,7,egsk,51,-1.597399e+01,-2.402363e+01,-4.038411e+00,10000,"SS[20240620,suite,dim,func,cmpP1]",ok
cec2017,100,8,gsk,51,-4.234269e+02,-5.042054e+02,-3.305577e+02,10000,"SS[20240620,suite,dim,func,cmpP1]",ok
cec2017,100,8,agsk,51,-6.085742e+02,-6.205039e+02,-5.970159e+02,10000,"SS[20240620,suite,dim,func,cmpP1]",ok
cec2017,100,8,apgsk,51,-6.651120e+02,-6.764594e+02,-6.530619e+02,10000,"SS[20240620,suite,dim,func,cmpP1]",ok
cec2017,100,8,fdb-agsk,51,-5.584541e+02,-5.726108e+02,-5.443221e+02,10000,"SS[20240620,suite,dim,func,cmpP1]",ok
cec2017,100,8,atmals-gsk,51,-2.963573e+02,-3.436243e+02,-2.461167e+02,10000,"SS[20240620,suite,dim,func,cmpP1]",ok
cec2017,100,8,egsk,51,4.818382e+00,-1.853351e+00,1.121445e+01,10000,"SS[20240620,suite,dim,func,cmpP1]",ok
cec2017,100,9,gsk,51,-9.565566e+00,-1.403638e+01,-7.671903e+00,10000,"SS[20240620,suite,dim,func,cmpP1]",ok
cec2017,100,9,agsk,51,-4.956169e+02,-5.538261e+02,-4.367087e+02,10000,"SS[20240620,suite,dim,func,cmpP1]",ok
cec2017,100,9,apgsk,51,-1.407678e+04,-1.523911e+04,-1.300164e+04,10000,"SS[20240620,suite,dim,func,cmpP1]",ok
cec2017,100,9,fdb-agsk,51,-6.777702e+02,-7.544599e+02,-6.159292e+02,10000,"SS[20240620,suite,dim,func,cmpP1]",ok
cec2017,100,9,atmals-gsk,51,-1.148090e+02,-1.753970e+02,-8.850066e+01,10000,"SS[20240620,suite,dim,func,cmpP1]",ok
cec2017,100,9,egsk,51,-2.144448e+01,-2.861943e+01,-1.761048e+01,10000,"SS[20240620,suite,dim,func,cmpP1]",ok
cec2017,100,10,gsk,51,-1.712739e+04,-1.740240e+04,-1.682728e+04,10000,"SS[20240620,suite,dim,func,cmpP1]",ok
cec2017,100,10,agsk,51,-1.089775e+04,-1.120657e+04,-1.056392e+04,10000,"SS[20240620,suite,dim,func,cmpP1]",ok
cec2017,100,10,apgsk,51,-5.866491e+03,-6.134721e+03,-5.581110e+03,10000,"SS[20240620,suite,dim,func,cmpP1]",ok
cec2017,100,10,fdb-agsk,51,-1.105521e+04,-1.142239e+04,-1.067725e+04,10000,"SS[20240620,suite,dim,func,cmpP1]",ok
cec2017,100,10,atmals-gsk,51,-1.133904e+03,-1.582657e+03,-6.775689e+02,10000,"SS[20240620,suite,dim,func,cmpP1]",ok
cec2017,100,10,egsk,51,-1.212743e+04,-1.318787e+04,-1.052202e+04,10000,"SS[20240620,suite,dim,func,cmpP1]",ok
cec2017,100,11,gsk,51,-4.688141e+01,-7.459639e+01,-1.844495e+01,10000,"SS[20240620,suite,dim,func,cmpP1]",ok
cec2017,100,11,agsk,51,-6.460485e+02,-6.883292e+02,-6.024897e+02,10000,"SS[20240620,suite,dim,func,cmpP1]",ok
cec2017,100,11,apgsk,51,-6.931689e+02,-7.347827e+02,-6.451688e+02,10000,"SS[20240620,suite,dim,func,cmpP1]",ok
cec2017,100,11,fdb-agsk,51,-7.040738e+02,-7.458056e+02,-6.626797e+02,10000,"SS[20240620,suite,dim,func,cmpP1]",ok
cec2017,100,11,atmals-gsk,51,-2.895956e+02,-3.320855e+02,-2.505433e+02,10000,"SS[20240620,suite,dim,func,cmpP1]",ok
cec2017,100,11,egsk,51,5.916576e+01,3.333822e+01,8.211775e+01,10000,"SS[20240620,suite,dim,func,cmpP1]",ok
cec2017,100,12,gsk,51,3.863302e+04,2.277950e+04,5.165320e+04,10000,"SS[20240620,suite,dim,func,cmpP1]",ok
cec2017,100,12,agsk,51,-1.258256e+05,-1.538934e+05,-1.004598e+05,10000,"SS[20240620,suite,dim,func,cmpP1]",ok
cec2017,100,12,apgsk,51,-2.827681e+05,-3.165039e+05,-2.494332e+05,10000,"SS[20240620,suite,dim,func,cmpP1]",ok
cec2017,100,12,fdb-agsk,51,-3.390956e+05,-4.234988e+05,-2.771563e+05,10000,"SS[20240620,suite,dim,func,cmpP1]",ok
cec2017,100,12,atmals-gsk,51,2.428761e+03,-1.340317e+04,1.717101e+04,10000,"SS[20240620,suite,dim,func,cmpP1]",ok
cec2017,100,12,egsk,51,-4.624220e+05,-5.201580e+05,-4.060443e+05,10000,"SS[20240620,suite,dim,func,cmpP1]",ok
cec2017,100,13,gsk,51,1.721580e+02,-5.563999e+02,8.171455e+02,10000,"SS[20240620,suite,dim,func,cmpP1]",ok
cec2017,100,13,agsk,51,-6.536722e+02,-1.390067e+03,2.738970e+01,10000,"SS[20240620,suite,dim,func,cmpP1]",ok
cec2017,100,13,apgsk,51,-1.147088e+03,-1.721121e+03,-5.545982e+02,10000,"SS[20240620,suite,dim,func,cmpP1]",ok
cec2017,100,13,fdb-agsk,51,-7.886489e+02,-1.642528e+03,-1.644499e+01,10000,"SS[20240620,suite,dim,func,cmpP1]",ok
cec2017,100,13,atmals-gsk,51,-4.796089e+02,-1.613302e+03,4.208599e+02,10000,"SS[20240620,suite,dim,func,cmpP1]",ok
cec2017,100,13,egsk,51,2.699299e+03,2.366340e+03,3.051721e+03,10000,"SS[20240620,suite,dim,func,cmpP1]",ok
cec2017,100,14,gsk,51,-4.033533e+03,-5.442118e+03,-3.078774e+03,10000,"SS[20240620,suite,dim,func,cmpP1]",ok
cec2017,100,14,agsk,51,-1.325176e+04,-1.574320e+04,-1.102120e+04,10000,"SS[20240620,suite,dim,func,cmpP1]",ok
cec2017,100,14,apgsk,51,-2.636285e+04,-3.213335e+04,-2.192994e+04,10000,"SS[20240620,suite,dim,func,cmpP1]",ok
cec2017,100,14,fdb-agsk,51,-2.102187e+04,-2.547355e+04,-1.744995e+04,10000,"SS[20240620,suite,dim,func,cmpP1]",ok
cec2017,100,14,atmals-gsk,51,-1.155793e+03,-1.961079e+03,-8.459544e+02,10000,"SS[20240620,suite,dim,func,cmpP1]",ok
cec2017,100,14,egsk,51,-5.024691e+01,-1.603874e+02,-1.849710e+00,10000,"SS[20240620,suite,dim,func,cmpP1]",ok
cec2017,100,15,gsk,51,-5.220085e+02,-1.088221e+03,-2.868943e+02,10000,"SS[20240620,suite,dim,func,cmpP1]",ok
cec2017,100,15,agsk,51,-1.128777e+02,-1.587970e+02,-5.710239e+01,10000,"SS[20240620,suite,dim,func,cmpP1]",ok
cec2017,100,15,apgsk,51,-4.121449e+02,-6.628342e+02,-3.070901e+02,10000,"SS[20240620,suite,dim,func,cmpP1]",ok
cec2017,100,15,fdb-agsk,51,-1.899956e+02,-2.552989e+02,-1.391482e+02,10000,"SS[20240620,suite,dim,func,cmpP1]",ok
cec2017,100,15,atmals-gsk,51,-1.352190e+03,-1.978660e+03,-9.221225e+02,10000,"SS[20240620,suite,dim,func,cmpP1]",ok
cec2017,100,15,egsk,51,2.048770e+02,1.748390e+02,2.519617e+02,10000,"SS[20240620,suite,dim,func,cmpP1]",ok
cec2017,100,16,gsk,51,1.527657e+02,-5.962566e+02,7.789096e+02,10000,"SS[20240620,suite,dim,func,cmpP1]",ok
cec2017,100,16,agsk,51,-1.762766e+03,-1.885084e+03,-1.631609e+03,10000,"SS[20240620,suite,dim,func,cmpP1]",ok
cec2017,100,16,apgsk,51,-5.856642e+02,-7.235016e+02,-4.268555e+02,10000,"SS[20240620,suite,dim,func,cmpP1]",ok
cec2017,100,16,fdb-agsk,51,-1.399248e+03,-1.525918e+03,-1.249250e+03,10000,"SS[20240620,suite,dim,func,cmpP1]",ok
cec2017,100,16,atmals-gsk,51,-6.111520e+02,-9.670063e+02,-2.678796e+02,10000,"SS[20240620,suite,dim,func,cmpP1]",ok
cec2017,100,16,egsk,51,1.258879e+03,1.110513e+03,1.418248e+03,10000,"SS[20240620,suite,dim,func,cmpP1]",ok
cec2017,100,17,gsk,51,-2.394444e+03,-2.515644e+03,-2.268543e+03,10000,"SS[20240620,suite,dim,func,cmpP1]",ok
cec2017,100,17,agsk,51,-1.185627e+03,-1.306096e+03,-1.052440e+03,10000,"SS[20240620,suite,dim,func,cmpP1]",ok
cec2017,100,17,apgsk,51,-5.641417e+02,-6.815970e+02,-4.236297e+02,10000,"SS[20240620,suite,dim,func,cmpP1]",ok
cec2017,100,17,fdb-agsk,51,-8.406408e+02,-9.682984e+02,-6.833282e+02,10000,"SS[20240620,suite,dim,func,cmpP1]",ok
cec2017,100,17,atmals-gsk,51,-1.049790e+03,-1.239484e+03,-8.209911e+02,10000,"SS[20240620,suite,dim,func,cmpP1]",ok
cec2017,100,17,egsk,51,-9.549800e+01,-3.434131e+02,1.491280e+02,10000,"SS[20240620,suite,dim,func,cmpP1]",ok
cec2017,100,18,gsk,51,-4.871362e+04,-5.566723e+04,-4.230751e+04,10000,"SS[20240620,suite,dim,func,cmpP1]",ok
cec2017,100,18,agsk,51,-6.496403e+04,-7.282377e+04,-5.777725e+04,10000,"SS[20240620,suite,dim,func,cmpP1]",ok
cec2017,100,18,apgsk,51,-1.148175e+05,-1.269376e+05,-1.047596e+05,10000,"SS[20240620,suite,dim,func,cmpP1]",ok
cec2017,100,18,fdb-agsk,51,-7.698403e+04,-9.131506e+04,-6.572027e+04,10000,"SS[20240620,suite,dim,func,cmpP1]",ok
cec2017,100,18,atmals-gsk,51,-4.773904e+03,-5.829383e+03,-3.946857e+03,10000,"SS[20240620,suite,dim,func,cmpP1]",ok
cec2017,100,18,egsk,51,6.546929e+02,4.408604e+02,8.757531e+02,10000,"SS[20240620,suite,dim,func,cmpP1]",ok
cec2017,100,19,gsk,51,-1.248751e+03,-1.906028e+03,-8.097755e+02,10000,"SS[20240620,suite,dim,func,cmpP1]",ok
cec2017,100,19,agsk,51,6.539696e+01,2.580094e+01,1.362349e+02,10000,"SS[20240620,suite,dim,func,cmpP1]",ok
cec2017,100,19,apgsk,51,1.823204e+01,-2.923754e+01,9.925687e+01,10000,"SS[20240620,suite,dim,func,cmpP1]",ok
cec2017,100,19,fdb-agsk,51,4.688601e+01,2.395785e+00,1.225768e+02,10000,"SS[20240620,suite,dim,func,cmpP1]",ok
cec2017,100,19,atmals-gsk,51,-1.533611e+03,-2.348718e+03,-1.050914e+03,10000,"SS[20240620,suite,dim,func,cmpP1]",ok
cec2017,100,19,egsk,51,1.138199e+02,6.287484e+01,2.002648e+02,10000,"SS[20240620,suite,dim,func,cmpP1]",ok
cec2017,100,20,gsk,51,-2.385359e+03,-2.489302e+03,-2.271971e+03,10000,"SS[20240620,suite,dim,func,cmpP1]",ok
cec2017,100,20,agsk,51,-7.805274e+02,-8.777936e+02,-6.860551e+02,10000,"SS[20240620,suite,dim,func,cmpP1]",ok
cec2017,100,20,apgsk,51,-4.364998e+02,-5.289801e+02,-3.406854e+02,10000,"SS[20240620,suite,dim,func,cmpP1]",ok
cec2017,100,20,fdb-agsk,51,-3.731991e+02,-4.738671e+02,-2.543063e+02,10000,"SS[20240620,suite,dim,func,cmpP1]",ok
cec2017,100,20,atmals-gsk,51,-9.725736e+02,-1.169923e+03,-7.880769e+02,10000,"SS[20240620,suite,dim,func,cmpP1]",ok
cec2017,100,20,egsk,51,-1.051907e+03,-1.261044e+03,-8.508337e+02,10000,"SS[20240620,suite,dim,func,cmpP1]",ok
cec2017,100,21,gsk,51,-2.311127e+02,-3.260481e+02,-1.455904e+02,10000,"SS[20240620,suite,dim,func,cmpP1]",ok
cec2017,100,21,agsk,51,-6.050843e+02,-6.172707e+02,-5.926945e+02,10000,"SS[20240620,suite,dim,func,cmpP1]",ok
cec2017,100,21,apgsk,51,-6.414905e+02,-6.553760e+02,-6.281962e+02,10000,"SS[20240620,suite,dim,func,cmpP1]",ok
cec2017,100,21,fdb-agsk,51,-5.449979e+02,-5.582352e+02,-5.299499e+02,10000,"SS[20240620,suite,dim,func,cmpP1]",ok
cec2017,100,21,atmals-gsk,51,-2.391378e+02,-2.786179e+02,-1.993379e+02,10000,"SS[20240620,suite,dim,func,cmpP1]",ok
cec2017,100,21,egsk,51,9.190778e+00,2.247628e+00,1.573297e+01,10000,"SS[20240620,suite,dim,func,cmpP1]",ok
cec2017,100,22,gsk,51,-1.684312e+04,-1.718729e+04,-1.645885e+04,10000,"SS[20240620,suite,dim,func,cmpP1]",ok
cec2017,100,22,agsk,51,-1.073042e+04,-1.111889e+04,-1.033880e+04,10000,"SS[20240620,suite,dim,func,cmpP1]",ok
cec2017,100,22,apgsk,51,-6.583650e+03,-6.872243e+03,-6.273368e+03,10000,"SS[20240620,suite,dim,func,cmpP1]",ok
cec2017,100,22,fdb-agsk,51,-1.102982e+04,-1.136192e+04,-1.064942e+04,10000,"SS[20240620,suite,dim,func,cmpP1]",ok
cec2017,100,22,atmals-gsk,51,-1.675988e+03,-2.212494e+03,-1.075574e+03,10000,"SS[20240620,suite,dim,func,cmpP1]",ok
cec2017,100,22,egsk,51,-1.227999e+04,-1.317641e+04,-1.091730e+04,10000,"SS[20240620,suite,dim,func,cmpP1]",ok
cec2017,100,23,gsk,51,6.163639e+01,5.303289e+01,6.982226e+01,10000,"SS[20240620,suite,dim,func,cmpP1]",ok
cec2017,100,23,agsk,51,-5.190467e+02,-5.281962e+02,-5.082038e+02,10000,"SS[20240620,suite,dim,func,cmpP1]",ok
cec2017,100,23,apgsk,51,-6.993027e+02,-7.127266e+02,-6.832809e+02,10000,"SS[20240620,suite,dim,func,cmpP1]",ok
cec2017,100,23,fdb-agsk,51,-3.630376e+02,-3.762451e+02,-3.455428e+02,10000,"SS[20240620,suite,dim,func,cmpP1]",ok
cec2017,100,23,atmals-gsk,51,-5.997064e+01,-8.099875e+01,-4.060563e+01,10000,"SS[20240620,suite,dim,func,cmpP1]",ok
cec2017,100,23,egsk,51,5.231880e+01,4.442148e+01,6.044664e+01,10000,"SS[20240620,suite,dim,func,cmpP1]",ok
cec2017,100,24,gsk,51,6.375069e+01,5.738149e+01,7.061042e+01,10000,"SS[20240620,suite,dim,func,cmpP1]",ok
cec2017,100,24,agsk,51,-6.267638e+02,-6.408424e+02,-6.103392e+02,10000,"SS[20240620,suite,dim,func,cmpP1]",ok
cec2017,100,24,apgsk,51,-6.691785e+02,-6.842251e+02,-6.539233e+02,10000,"SS[20240620,suite,dim,func,cmpP1]",ok
cec2017,100,24,fdb-agsk,51,-5.338325e+02,-5.530264e+02,-5.117846e+02,10000,"SS[20240620,suite,dim,func,cmpP1]",ok
cec2017,100,24,atmals-gsk,51,-9.674551e+01,-1.204927e+02,-7.598539e+01,10000,"SS[20240620,suite,dim,func,cmpP1]",ok
cec2017,100,24,egsk,51,3.767837e+01,2.939663e+01,4.524349e+01,10000,"SS[20240620,suite,dim,func,cmpP1]",ok
cec2017,100,25,gsk,51,-1.007899e+01,-2.634920e+01,5.426193e+00,10000,"SS[20240620,suite,dim,func,cmpP1]",ok
cec2017,100,25,agsk,51,-1.801199e+00,-2.129353e+01,1.639616e+01,10000,"SS[20240620,suite,dim,func,cmpP1]",ok
cec2017,100,25,apgsk,51,-1.622832e+01,-3.262754e+01,4.049062e-01,10000,"SS[20240620,suite,dim,func,cmpP1]",ok
cec2017,100,25,fdb-agsk,51,2.264814e+01,-4.098847e-01,4.351447e+01,10000,"SS[20240620,suite,dim,func,cmpP1]",ok
cec2017,100,25,atmals-gsk,51,7.808709e+00,-1.321304e+01,2.766007e+01,10000,"SS[20240620,suite,dim,func,cmpP1]",ok
cec2017,100,25,egsk,51,3.371619e+00,-1.374155e+01,1.989083e+01,10000,"SS[20240620,suite,dim,func,cmpP1]",ok
cec2017,100,26,gsk,51,3.996262e+02,2.968851e+02,6.777472e+02,10000,"SS[20240620,suite,dim,func,cmpP1]",ok
cec2017,100,26,agsk,51,-6.890492e+03,-7.174197e+03,-6.605320e+03,10000,"SS[20240620,suite,dim,func,cmpP1]",ok
cec2017,100,26,apgsk,51,-8.118845e+03,-8.329594e+03,-7.908663e+03,10000,"SS[20240620,suite,dim,func,cmpP1]",ok
cec2017,100,26,fdb-agsk,51,-6.161262e+03,-6.339895e+03,-6.003041e+03,10000,"SS[20240620,suite,dim,func,cmpP1]",ok
cec2017,100,26,atmals-gsk,51,-1.451306e+03,-1.725534e+03,-1.221256e+03,10000,"SS[20240620,suite,dim,func,cmpP1]",ok
cec2017,100,26,egsk,51,1.042950e+03,2.991943e+02,1.594207e+03,10000,"SS[20240620,suite,dim,func,cmpP1]",ok
cec2017,100,27,gsk,51,-3.660520e+01,-4.798511e+01,-2.601432e+01,10000,"SS[20240620,suite,dim,func,cmpP1]",ok
cec2017,100,27,agsk,51,-8.649911e+00,-2.534746e+01,2.829695e+00,10000,"SS[20240620,suite,dim,func,cmpP1]",ok
cec2017,100,27,apgsk,51,-3.497043e+02,-3.680406e+02,-3.286359e+02,10000,"SS[20240620,suite,dim,func,cmpP1]",ok
cec2017,100,27,fdb-agsk,51,-2.777010e+00,-1.199731e+01,5.820134e+00,10000,"SS[20240620,suite,dim,func,cmpP1]",ok
cec2017,100,27,atmals-gsk,51,-1.409639e+02,-1.582323e+02,-1.250536e+02,10000,"SS[20240620,suite,dim,func,cmpP1]",ok
cec2017,100,27,egsk,51,-8.328338e+01,-1.012662e+02,-6.773763e+01,10000,"SS[20240620,suite,dim,func,cmpP1]",ok
cec2017,100,28,gsk,51,1.843610e+01,6.854200e+00,3.027553e+01,10000,"SS[20240620,suite,dim,func,cmpP1]",ok
cec2017,100,28,agsk,51,7.791564e+00,-3.125539e+00,1.829699e+01,10000,"SS[20240620,suite,dim,func,cmpP1]",ok
cec2017,100,28,apgsk,51,-2.427338e+00,-1.274757e+01,8.761659e+00,10000,"SS[20240620,suite,dim,func,cmpP1]",ok
cec2017,100,28,fdb-agsk,51,7.068414e+00,-3.273963e+00,1.824722e+01,10000,"SS[20240620,suite,dim,func,cmpP1]",ok
cec2017,100,28,atmals-gsk,51,2.092574e+01,1.026846e+01,3.178274e+01,10000,"SS[20240620,suite,dim,func,cmpP1]",ok
cec2017,100,28,egsk,51,1.933233e+02,1.603448e+02,2.229820e+02,10000,"SS[20240620,suite,dim,func,cmpP1]",ok
cec2017,100,29,gsk,51,7.273928e+02,6.198357e+02,8.300426e+02,10000,"SS[20240620,suite,dim,func,cmpP1]",ok
cec2017,100,29,agsk,51,-1.670086e+03,-1.759502e+03,-1.581160e+03,10000,"SS[20240620,suite,dim,func,cmpP1]",ok
cec2017,100,29,apgsk,51,-1.711151e+03,-1.804151e+03,-1.608654e+03,10000,"SS[20240620,suite,dim,func,cmpP1]",ok
cec2017,100,29,fdb-agsk,51,-1.192321e+03,-1.297913e+03,-1.084593e+03,10000,"SS[20240620,suite,dim,func,cmpP1]",ok
cec2017,100,29,atmals-gsk,51,-4.638472e+02,-6.775375e+02,-2.713781e+02,10000,"SS[20240620,suite,dim,func,cmpP1]",ok
cec2017,100,29,egsk,51,3.483414e+02,2.429144e+02,4.568680e+02,10000,"SS[20240620,suite,dim,func,cmpP1]",ok
cec2017,100,30,gsk,51,4.227434e+02,1.595685e+02,7.213853e+02,10000,"SS[20240620,suite,dim,func,cmpP1]",ok
cec2017,100,30,agsk,51,-2.203362e+03,-3.150495e+03,-1.501684e+03,10000,"SS[20240620,suite,dim,func,cmpP1]",ok
cec2017,100,30,apgsk,51,-3.827726e+03,-4.637001e+03,-3.113346e+03,10000,"SS[20240620,suite,dim,func,cmpP1]",ok
cec2017,100,30,fdb-agsk,51,-2.033459e+03,-3.042697e+03,-1.210144e+03,10000,"SS[20240620,suite,dim,func,cmpP1]",ok
cec2017,100,30,atmals-gsk,51,6.809639e+02,4.440649e+02,9.633517e+02,10000,"SS[20240620,suite,dim,func,cmpP1]",ok
cec2017,100,30,egsk,51,-8.078011e+02,-1.271076e+03,-4.270249e+02,10000,"SS[20240620,suite,dim,func,cmpP1]",ok
