doc,field_type,field_id,target,cached_result,location
DT-GSK.docx,BOOKMARK,ref_alg_dt_gsk,alg:dt-gsk,1,alg:dt-gsk caption
DT-GSK.docx,BOOKMARK,ref_eq_ace_update,eq:ace-update,7,eq:ace-update equation
DT-GSK.docx,BOOKMARK,ref_eq_bse_cauchy,eq:bse-cauchy,10,eq:bse-cauchy equation
DT-GSK.docx,BOOKMARK,ref_eq_eigen_polish,eq:eigen-polish,12,eq:eigen-polish equation
DT-GSK.docx,BOOKMARK,ref_eq_greedy_accept,eq:greedy-accept,9,eq:greedy-accept equation
DT-GSK.docx,BOOKMARK,ref_eq_gsk_update,eq:gsk-update,4,eq:gsk-update equation
DT-GSK.docx,BOOKMARK,ref_eq_junior_idx,eq:junior-idx,1,eq:junior-idx equation
DT-GSK.docx,BOOKMARK,ref_eq_kexp_schedule,eq:kexp-schedule,3,eq:kexp-schedule equation
DT-GSK.docx,BOOKMARK,ref_eq_kr_mask,eq:kr-mask,5,eq:kr-mask equation
DT-GSK.docx,BOOKMARK,ref_eq_midpoint_repair,eq:midpoint-repair,8,eq:midpoint-repair equation
DT-GSK.docx,BOOKMARK,ref_eq_nlpsr,eq:nlpsr,6,eq:nlpsr equation
DT-GSK.docx,BOOKMARK,ref_eq_rng_substreams,eq:rng-substreams,13,eq:rng-substreams equation
DT-GSK.docx,BOOKMARK,ref_eq_senior_idx,eq:senior-idx,2,eq:senior-idx equation
DT-GSK.docx,BOOKMARK,ref_eq_sgsm_graph,eq:sgsm-graph,11,eq:sgsm-graph equation
DT-GSK.docx,BOOKMARK,ref_fig_cd_cec2017,fig:cd-cec2017,4,fig:cd-cec2017 caption
DT-GSK.docx,BOOKMARK,ref_fig_cec2011_ranks,fig:cec2011-ranks,5,fig:cec2011-ranks caption
DT-GSK.docx,BOOKMARK,ref_fig_cec2017_ranks,fig:cec2017-ranks,3,fig:cec2017-ranks caption
DT-GSK.docx,BOOKMARK,ref_fig_conv_cec2017_d100,fig:conv-cec2017-d100,7,fig:conv-cec2017-d100 caption
DT-GSK.docx,BOOKMARK,ref_fig_conv_cec2017_d30,fig:conv-cec2017-d30,6,fig:conv-cec2017-d30 caption
DT-GSK.docx,BOOKMARK,ref_fig_dtgsk_flowchart,fig:dtgsk-flowchart,2,fig:dtgsk-flowchart caption
DT-GSK.docx,BOOKMARK,ref_fig_gsk_flowchart,fig:gsk-flowchart,1,fig:gsk-flowchart caption
DT-GSK.docx,BOOKMARK,ref_sec_alg_ace,sec:alg:ace,3.3.1.,section heading
DT-GSK.docx,BOOKMARK,ref_sec_alg_argp,sec:alg:argp,3.3.2.,section heading
DT-GSK.docx,BOOKMARK,ref_sec_alg_bse,sec:alg:bse,3.3.4.,section heading
DT-GSK.docx,BOOKMARK,ref_sec_alg_complexity,sec:alg:complexity,3.8.,section heading
DT-GSK.docx,BOOKMARK,ref_sec_alg_deepstall,sec:alg:deepstall,3.3.5.,section heading
DT-GSK.docx,BOOKMARK,ref_sec_alg_highd,sec:alg:highd,3.6.,section heading
DT-GSK.docx,BOOKMARK,ref_sec_alg_ism,sec:alg:ism,3.4.,section heading
DT-GSK.docx,BOOKMARK,ref_sec_alg_nlpsr,sec:alg:nlpsr,3.3.3.,section heading
DT-GSK.docx,BOOKMARK,ref_sec_alg_notation,sec:alg:notation,3.1.,section heading
DT-GSK.docx,BOOKMARK,ref_sec_alg_overview,sec:alg:overview,3.2.,section heading
DT-GSK.docx,BOOKMARK,ref_sec_alg_polish,sec:alg:polish,3.5.,section heading
DT-GSK.docx,BOOKMARK,ref_sec_alg_profile,sec:alg:profile,3.7.,section heading
DT-GSK.docx,BOOKMARK,ref_sec_alg_scaffold,sec:alg:scaffold,3.3.,section heading
DT-GSK.docx,BOOKMARK,ref_sec_algorithm,sec:algorithm,3.,section heading
DT-GSK.docx,BOOKMARK,ref_sec_conclusions,sec:conclusions,5.,section heading
DT-GSK.docx,BOOKMARK,ref_sec_exp_cec2011,sec:exp:cec2011,4.3.,section heading
DT-GSK.docx,BOOKMARK,ref_sec_exp_cec2013,sec:exp:cec2013,4.4.,section heading
DT-GSK.docx,BOOKMARK,ref_sec_exp_cec2013lsgo,sec:exp:cec2013lsgo,4.6.,section heading
DT-GSK.docx,BOOKMARK,ref_sec_exp_cec2017,sec:exp:cec2017,4.2.,section heading
DT-GSK.docx,BOOKMARK,ref_sec_exp_cec2017_desc,sec:exp:cec2017:desc,4.2.1.,section heading
DT-GSK.docx,BOOKMARK,ref_sec_exp_cec2017_panel,sec:exp:cec2017:panel,4.2.2.,section heading
DT-GSK.docx,BOOKMARK,ref_sec_exp_cec2020,sec:exp:cec2020,4.5.,section heading
DT-GSK.docx,BOOKMARK,ref_sec_exp_convergence,sec:exp:convergence,4.7.,section heading
DT-GSK.docx,BOOKMARK,ref_sec_exp_discussion,sec:exp:discussion,4.9.,section heading
DT-GSK.docx,BOOKMARK,ref_sec_exp_runtime,sec:exp:runtime,4.8.,section heading
DT-GSK.docx,BOOKMARK,ref_sec_exp_settings,sec:exp:settings,4.1.,section heading
DT-GSK.docx,BOOKMARK,ref_sec_exp_stats,sec:exp:stats,4.2.3.,section heading
DT-GSK.docx,BOOKMARK,ref_sec_experiments,sec:experiments,4.,section heading
DT-GSK.docx,BOOKMARK,ref_sec_introduction,sec:introduction,1.,section heading
DT-GSK.docx,BOOKMARK,ref_sec_rel_family,sec:rel:family,2.1.,section heading
DT-GSK.docx,BOOKMARK,ref_sec_rel_positioning,sec:rel:positioning,2.3.,section heading
DT-GSK.docx,BOOKMARK,ref_sec_rel_structure,sec:rel:structure,2.2.,section heading
DT-GSK.docx,BOOKMARK,ref_sec_related,sec:related,2.,section heading
DT-GSK.docx,BOOKMARK,ref_tab_architecture,tab:architecture,4,tab:architecture caption
DT-GSK.docx,BOOKMARK,ref_tab_cec2020_ranks,tab:cec2020-ranks,17,tab:cec2020-ranks caption
DT-GSK.docx,BOOKMARK,ref_tab_comparator_params_main,tab:comparator-params-main,12,tab:comparator-params-main caption
DT-GSK.docx,BOOKMARK,ref_tab_dim_gating,tab:dim-gating,5,tab:dim-gating caption
DT-GSK.docx,BOOKMARK,ref_tab_family_review,tab:family-review,1,tab:family-review caption
DT-GSK.docx,BOOKMARK,ref_tab_friedman_cec2013,tab:friedman-cec2013,16,tab:friedman-cec2013 caption
DT-GSK.docx,BOOKMARK,ref_tab_friedman_cec2017,tab:friedman-cec2017,14,tab:friedman-cec2017 caption
DT-GSK.docx,BOOKMARK,ref_tab_lsgo_ranks,tab:lsgo-ranks,18,tab:lsgo-ranks caption
DT-GSK.docx,BOOKMARK,ref_tab_notation,tab:notation,3,tab:notation caption
DT-GSK.docx,BOOKMARK,ref_tab_notation_ism,tab:notation-ism,8,tab:notation-ism caption
DT-GSK.docx,BOOKMARK,ref_tab_notation_scaffold,tab:notation-scaffold,6,tab:notation-scaffold caption
DT-GSK.docx,BOOKMARK,ref_tab_panel,tab:panel,11,tab:panel caption
DT-GSK.docx,BOOKMARK,ref_tab_parameters,tab:parameters,10,tab:parameters caption
DT-GSK.docx,BOOKMARK,ref_tab_protocol,tab:protocol,13,tab:protocol caption
DT-GSK.docx,BOOKMARK,ref_tab_runtime,tab:runtime,19,tab:runtime caption
DT-GSK.docx,BOOKMARK,ref_tab_sgsm_mechanism,tab:sgsm-mechanism,9,tab:sgsm-mechanism caption
DT-GSK.docx,BOOKMARK,ref_tab_taxonomy,tab:taxonomy,2,tab:taxonomy caption
DT-GSK.docx,BOOKMARK,ref_tab_wilcoxon_holm,tab:wilcoxon-holm,15,tab:wilcoxon-holm caption
DT-GSK.docx,BOOKMARK,ref_tab_worked_example,tab:worked-example,7,tab:worked-example caption
DT-GSK.docx,CITATION,CIT_001,awad2016problem;das2011cec2011,"[1,2]",in-text citation
DT-GSK.docx,CITATION,CIT_002,hussain2019metaheuristic;del2019bio,"[3,4]",in-text citation
DT-GSK.docx,CITATION,CIT_003,mohamed2020gaining,[5],in-text citation
DT-GSK.docx,CITATION,CIT_004,mohamed2020agsk,[6],in-text citation
DT-GSK.docx,CITATION,CIT_005,apgsk2021,[7],in-text citation
DT-GSK.docx,CITATION,CIT_006,fdbagsk2023,[8],in-text citation
DT-GSK.docx,CITATION,CIT_007,jawad2024egsk,[9],in-text citation
DT-GSK.docx,CITATION,CIT_008,alfadli2025atmals,[10],in-text citation
DT-GSK.docx,CITATION,CIT_009,mohamed2020gaining,[5],in-text citation
DT-GSK.docx,CITATION,CIT_010,mohamed2020gaining,[5],in-text citation
DT-GSK.docx,CITATION,CIT_011,mohamed2020agsk;tanabe2014improving,"[6,11]",in-text citation
DT-GSK.docx,CITATION,CIT_012,mohamed2020agsk,[6],in-text citation
DT-GSK.docx,CITATION,CIT_013,apgsk2021,[7],in-text citation
DT-GSK.docx,CITATION,CIT_014,apgsk2021,[7],in-text citation
DT-GSK.docx,CITATION,CIT_015,fdbagsk2023,[8],in-text citation
DT-GSK.docx,CITATION,CIT_016,fdbagsk2023,[8],in-text citation
DT-GSK.docx,CITATION,CIT_017,alfadli2025atmals,[10],in-text citation
DT-GSK.docx,CITATION,CIT_018,alfadli2025atmals,[10],in-text citation
DT-GSK.docx,CITATION,CIT_019,jawad2024egsk,[9],in-text citation
DT-GSK.docx,CITATION,CIT_020,jawad2024egsk,[9],in-text citation
DT-GSK.docx,CITATION,CIT_021,hpe_agsk2025,[12],in-text citation
DT-GSK.docx,CITATION,CIT_022,epd_gsk2024,[13],in-text citation
DT-GSK.docx,CITATION,CIT_023,jalali2021opposition,[14],in-text citation
DT-GSK.docx,CITATION,CIT_024,pogsk2023,[15],in-text citation
DT-GSK.docx,CITATION,CIT_025,hpe_agsk2025,[12],in-text citation
DT-GSK.docx,CITATION,CIT_026,nomer2021gskrl,[16],in-text citation
DT-GSK.docx,CITATION,CIT_027,zhong2021gskhho,[17],in-text citation
DT-GSK.docx,CITATION,CIT_028,liang2024gskwoa,[18],in-text citation
DT-GSK.docx,CITATION,CIT_029,chalabi2023mogsk,[19],in-text citation
DT-GSK.docx,CITATION,CIT_030,ma2023mgskdpmo;tanabe2013shade,"[20,21]",in-text citation
DT-GSK.docx,CITATION,CIT_031,mohamed2020gaining,[5],in-text citation
DT-GSK.docx,CITATION,CIT_032,mohamed2020agsk,[6],in-text citation
DT-GSK.docx,CITATION,CIT_033,apgsk2021,[7],in-text citation
DT-GSK.docx,CITATION,CIT_034,fdbagsk2023,[8],in-text citation
DT-GSK.docx,CITATION,CIT_035,alfadli2025atmals,[10],in-text citation
DT-GSK.docx,CITATION,CIT_036,jawad2024egsk,[9],in-text citation
DT-GSK.docx,CITATION,CIT_037,omidvar2014dg,[22],in-text citation
DT-GSK.docx,CITATION,CIT_038,hansen2001cmaes,[23],in-text citation
DT-GSK.docx,CITATION,CIT_039,guo2015eig,[24],in-text citation
DT-GSK.docx,CITATION,CIT_040,fialho2010adaptive;auer2002finite,"[25,26]",in-text citation
DT-GSK.docx,CITATION,CIT_041,kolda2003directsearch;nelder1965simplex,"[27,28]",in-text citation
DT-GSK.docx,CITATION,CIT_042,jawad2024egsk,[9],in-text citation
DT-GSK.docx,CITATION,CIT_043,alfadli2025atmals,[10],in-text citation
DT-GSK.docx,CITATION,CIT_044,mohamed2020agsk;apgsk2021,"[6,7]",in-text citation
DT-GSK.docx,CITATION,CIT_045,fdbagsk2023,[8],in-text citation
DT-GSK.docx,CITATION,CIT_046,jawad2024egsk,[9],in-text citation
DT-GSK.docx,CITATION,CIT_047,alfadli2025atmals,[10],in-text citation
DT-GSK.docx,CITATION,CIT_048,alfadli2025atmals,[10],in-text citation
DT-GSK.docx,CITATION,CIT_049,apgsk2021,[7],in-text citation
DT-GSK.docx,CITATION,CIT_050,zhang2009jade;tanabe2013shade,"[21,29]",in-text citation
DT-GSK.docx,CITATION,CIT_051,mohamed2020gaining,[5],in-text citation
DT-GSK.docx,CITATION,CIT_052,mohamed2020gaining,[5],in-text citation
DT-GSK.docx,CITATION,CIT_053,zhang2009jade,[29],in-text citation
DT-GSK.docx,CITATION,CIT_054,tanabe2014improving,[11],in-text citation
DT-GSK.docx,CITATION,CIT_055,mohamed2020gaining;tanabe2014improving,"[5,11]",in-text citation
DT-GSK.docx,CITATION,CIT_056,mohamed2020gaining,[5],in-text citation
DT-GSK.docx,CITATION,CIT_057,mohamed2020gaining,[5],in-text citation
DT-GSK.docx,CITATION,CIT_058,mohamed2020agsk,[6],in-text citation
DT-GSK.docx,CITATION,CIT_059,apgsk2021,[7],in-text citation
DT-GSK.docx,CITATION,CIT_060,tanabe2013shade,[21],in-text citation
DT-GSK.docx,CITATION,CIT_061,storn1997differential,[30],in-text citation
DT-GSK.docx,CITATION,CIT_062,auer2002finite;fialho2010adaptive,"[25,26]",in-text citation
DT-GSK.docx,CITATION,CIT_063,apgsk2021,[7],in-text citation
DT-GSK.docx,CITATION,CIT_064,storn1997differential;zhang2009jade;tanabe2013shade,"[21,29,30]",in-text citation
DT-GSK.docx,CITATION,CIT_065,omidvar2014dg,[22],in-text citation
DT-GSK.docx,CITATION,CIT_066,hansen2001cmaes,[23],in-text citation
DT-GSK.docx,CITATION,CIT_067,guo2015eig,[24],in-text citation
DT-GSK.docx,CITATION,CIT_068,kolda2003directsearch,[27],in-text citation
DT-GSK.docx,CITATION,CIT_069,nelder1965simplex;kolda2003directsearch;gao2012implementing,"[27,28,31]",in-text citation
DT-GSK.docx,CITATION,CIT_070,mohamed2020gaining,[5],in-text citation
DT-GSK.docx,CITATION,CIT_071,mohamed2020agsk,[6],in-text citation
DT-GSK.docx,CITATION,CIT_072,apgsk2021,[7],in-text citation
DT-GSK.docx,CITATION,CIT_073,fdbagsk2023,[8],in-text citation
DT-GSK.docx,CITATION,CIT_074,alfadli2025atmals,[10],in-text citation
DT-GSK.docx,CITATION,CIT_075,jawad2024egsk,[9],in-text citation
DT-GSK.docx,CITATION,CIT_076,jawad2024egsk,[9],in-text citation
DT-GSK.docx,CITATION,CIT_077,awad2016problem,[1],in-text citation
DT-GSK.docx,CITATION,CIT_078,das2011cec2011,[2],in-text citation
DT-GSK.docx,CITATION,CIT_079,liang2013cec2013,[32],in-text citation
DT-GSK.docx,CITATION,CIT_080,yue2020cec2020,[33],in-text citation
DT-GSK.docx,CITATION,CIT_081,li2013lsgo,[34],in-text citation
DT-GSK.docx,CITATION,CIT_082,wilcoxon1945individual,[35],in-text citation
DT-GSK.docx,CITATION,CIT_083,holm1979simple,[36],in-text citation
DT-GSK.docx,CITATION,CIT_084,vargha2000critique,[37],in-text citation
DT-GSK.docx,CITATION,CIT_085,friedman1937use,[38],in-text citation
DT-GSK.docx,CITATION,CIT_086,demsar2006statistical,[39],in-text citation
DT-GSK.docx,CITATION,CIT_087,demsar2006statistical,[39],in-text citation
DT-GSK.docx,CITATION,CIT_088,efron1993introduction,[40],in-text citation
DT-GSK.docx,CITATION,CIT_089,demsar2006statistical,[39],in-text citation
DT-GSK.docx,CITATION,CIT_090,wilcoxon1945individual,[35],in-text citation
DT-GSK.docx,CITATION,CIT_091,holm1979simple,[36],in-text citation
DT-GSK.docx,CITATION,CIT_092,friedman1937use,[38],in-text citation
DT-GSK.docx,CITATION,CIT_093,demsar2006statistical,[39],in-text citation
DT-GSK.docx,CITATION,CIT_094,holm1979simple;demsar2006statistical,"[36,39]",in-text citation
DT-GSK.docx,CITATION,CIT_095,benjamini1995controlling,[41],in-text citation
DT-GSK.docx,CITATION,CIT_096,apgsk2021,[7],in-text citation
DT-GSK.docx,CITATION,CIT_097,apgsk2021,[7],in-text citation
DT-GSK.docx,CITATION,CIT_098,molina2018shadeils,[42],in-text citation
DT-GSK.docx,CITATION,CIT_099,latorre2013mos,[43],in-text citation
DT-GSK.docx,CITATION,CIT_100,wolpert1997nfl,[44],in-text citation
DT-GSK.docx,CITATION,CIT_101,apgsk2021,[7],in-text citation
DT-GSK.docx,CITATION,CIT_102,omidvar2014dg,[22],in-text citation
DT-GSK.docx,NATIVETABLE,TBL_T15,word_sources/T15.json,14x15,native w:tbl
DT-GSK.docx,NATIVETABLE,TBL_T16,word_sources/T16.json,7x6,native w:tbl
DT-GSK.docx,REF,REF_ref_alg_dt_gsk_025,ref_alg_dt_gsk,1,cross-reference to alg:dt-gsk
DT-GSK.docx,REF,REF_ref_alg_dt_gsk_060,ref_alg_dt_gsk,1,cross-reference to alg:dt-gsk
DT-GSK.docx,REF,REF_ref_alg_dt_gsk_087,ref_alg_dt_gsk,1,cross-reference to alg:dt-gsk
DT-GSK.docx,REF,REF_ref_alg_dt_gsk_089,ref_alg_dt_gsk,1,cross-reference to alg:dt-gsk
DT-GSK.docx,REF,REF_ref_eq_ace_update_046,ref_eq_ace_update,7,cross-reference to eq:ace-update
DT-GSK.docx,REF,REF_ref_eq_ace_update_070,ref_eq_ace_update,7,cross-reference to eq:ace-update
DT-GSK.docx,REF,REF_ref_eq_ace_update_101,ref_eq_ace_update,7,cross-reference to eq:ace-update
DT-GSK.docx,REF,REF_ref_eq_ace_update_115,ref_eq_ace_update,7,cross-reference to eq:ace-update
DT-GSK.docx,REF,REF_ref_eq_bse_cauchy_047,ref_eq_bse_cauchy,10,cross-reference to eq:bse-cauchy
DT-GSK.docx,REF,REF_ref_eq_bse_cauchy_073,ref_eq_bse_cauchy,10,cross-reference to eq:bse-cauchy
DT-GSK.docx,REF,REF_ref_eq_bse_cauchy_083,ref_eq_bse_cauchy,10,cross-reference to eq:bse-cauchy
DT-GSK.docx,REF,REF_ref_eq_bse_cauchy_104,ref_eq_bse_cauchy,10,cross-reference to eq:bse-cauchy
DT-GSK.docx,REF,REF_ref_eq_bse_cauchy_120,ref_eq_bse_cauchy,10,cross-reference to eq:bse-cauchy
DT-GSK.docx,REF,REF_ref_eq_eigen_polish_050,ref_eq_eigen_polish,12,cross-reference to eq:eigen-polish
DT-GSK.docx,REF,REF_ref_eq_eigen_polish_074,ref_eq_eigen_polish,12,cross-reference to eq:eigen-polish
DT-GSK.docx,REF,REF_ref_eq_eigen_polish_084,ref_eq_eigen_polish,12,cross-reference to eq:eigen-polish
DT-GSK.docx,REF,REF_ref_eq_eigen_polish_105,ref_eq_eigen_polish,12,cross-reference to eq:eigen-polish
DT-GSK.docx,REF,REF_ref_eq_eigen_polish_137,ref_eq_eigen_polish,12,cross-reference to eq:eigen-polish
DT-GSK.docx,REF,REF_ref_eq_eigen_polish_140,ref_eq_eigen_polish,12,cross-reference to eq:eigen-polish
DT-GSK.docx,REF,REF_ref_eq_eigen_polish_141,ref_eq_eigen_polish,12,cross-reference to eq:eigen-polish
DT-GSK.docx,REF,REF_ref_eq_greedy_accept_021,ref_eq_greedy_accept,9,cross-reference to eq:greedy-accept
DT-GSK.docx,REF,REF_ref_eq_greedy_accept_038,ref_eq_greedy_accept,9,cross-reference to eq:greedy-accept
DT-GSK.docx,REF,REF_ref_eq_greedy_accept_042,ref_eq_greedy_accept,9,cross-reference to eq:greedy-accept
DT-GSK.docx,REF,REF_ref_eq_greedy_accept_068,ref_eq_greedy_accept,9,cross-reference to eq:greedy-accept
DT-GSK.docx,REF,REF_ref_eq_greedy_accept_081,ref_eq_greedy_accept,9,cross-reference to eq:greedy-accept
DT-GSK.docx,REF,REF_ref_eq_greedy_accept_099,ref_eq_greedy_accept,9,cross-reference to eq:greedy-accept
DT-GSK.docx,REF,REF_ref_eq_greedy_accept_106,ref_eq_greedy_accept,9,cross-reference to eq:greedy-accept
DT-GSK.docx,REF,REF_ref_eq_gsk_update_019,ref_eq_gsk_update,4,cross-reference to eq:gsk-update
DT-GSK.docx,REF,REF_ref_eq_gsk_update_032,ref_eq_gsk_update,4,cross-reference to eq:gsk-update
DT-GSK.docx,REF,REF_ref_eq_gsk_update_036,ref_eq_gsk_update,4,cross-reference to eq:gsk-update
DT-GSK.docx,REF,REF_ref_eq_gsk_update_040,ref_eq_gsk_update,4,cross-reference to eq:gsk-update
DT-GSK.docx,REF,REF_ref_eq_gsk_update_065,ref_eq_gsk_update,4,cross-reference to eq:gsk-update
DT-GSK.docx,REF,REF_ref_eq_gsk_update_096,ref_eq_gsk_update,4,cross-reference to eq:gsk-update
DT-GSK.docx,REF,REF_ref_eq_junior_idx_018,ref_eq_junior_idx,1,cross-reference to eq:junior-idx
DT-GSK.docx,REF,REF_ref_eq_junior_idx_026,ref_eq_junior_idx,1,cross-reference to eq:junior-idx
DT-GSK.docx,REF,REF_ref_eq_junior_idx_033,ref_eq_junior_idx,1,cross-reference to eq:junior-idx
DT-GSK.docx,REF,REF_ref_eq_junior_idx_039,ref_eq_junior_idx,1,cross-reference to eq:junior-idx
DT-GSK.docx,REF,REF_ref_eq_junior_idx_064,ref_eq_junior_idx,1,cross-reference to eq:junior-idx
DT-GSK.docx,REF,REF_ref_eq_junior_idx_095,ref_eq_junior_idx,1,cross-reference to eq:junior-idx
DT-GSK.docx,REF,REF_ref_eq_kexp_schedule_035,ref_eq_kexp_schedule,3,cross-reference to eq:kexp-schedule
DT-GSK.docx,REF,REF_ref_eq_kexp_schedule_079,ref_eq_kexp_schedule,3,cross-reference to eq:kexp-schedule
DT-GSK.docx,REF,REF_ref_eq_kexp_schedule_119,ref_eq_kexp_schedule,3,cross-reference to eq:kexp-schedule
DT-GSK.docx,REF,REF_ref_eq_kr_mask_020,ref_eq_kr_mask,5,cross-reference to eq:kr-mask
DT-GSK.docx,REF,REF_ref_eq_kr_mask_043,ref_eq_kr_mask,5,cross-reference to eq:kr-mask
DT-GSK.docx,REF,REF_ref_eq_kr_mask_055,ref_eq_kr_mask,5,cross-reference to eq:kr-mask
DT-GSK.docx,REF,REF_ref_eq_kr_mask_067,ref_eq_kr_mask,5,cross-reference to eq:kr-mask
DT-GSK.docx,REF,REF_ref_eq_kr_mask_071,ref_eq_kr_mask,5,cross-reference to eq:kr-mask
DT-GSK.docx,REF,REF_ref_eq_kr_mask_080,ref_eq_kr_mask,5,cross-reference to eq:kr-mask
DT-GSK.docx,REF,REF_ref_eq_kr_mask_091,ref_eq_kr_mask,5,cross-reference to eq:kr-mask
DT-GSK.docx,REF,REF_ref_eq_kr_mask_098,ref_eq_kr_mask,5,cross-reference to eq:kr-mask
DT-GSK.docx,REF,REF_ref_eq_kr_mask_102,ref_eq_kr_mask,5,cross-reference to eq:kr-mask
DT-GSK.docx,REF,REF_ref_eq_kr_mask_132,ref_eq_kr_mask,5,cross-reference to eq:kr-mask
DT-GSK.docx,REF,REF_ref_eq_kr_mask_136,ref_eq_kr_mask,5,cross-reference to eq:kr-mask
DT-GSK.docx,REF,REF_ref_eq_kr_mask_139,ref_eq_kr_mask,5,cross-reference to eq:kr-mask
DT-GSK.docx,REF,REF_ref_eq_midpoint_repair_037,ref_eq_midpoint_repair,8,cross-reference to eq:midpoint-repair
DT-GSK.docx,REF,REF_ref_eq_midpoint_repair_041,ref_eq_midpoint_repair,8,cross-reference to eq:midpoint-repair
DT-GSK.docx,REF,REF_ref_eq_midpoint_repair_066,ref_eq_midpoint_repair,8,cross-reference to eq:midpoint-repair
DT-GSK.docx,REF,REF_ref_eq_midpoint_repair_097,ref_eq_midpoint_repair,8,cross-reference to eq:midpoint-repair
DT-GSK.docx,REF,REF_ref_eq_midpoint_repair_142,ref_eq_midpoint_repair,8,cross-reference to eq:midpoint-repair
DT-GSK.docx,REF,REF_ref_eq_nlpsr_045,ref_eq_nlpsr,6,cross-reference to eq:nlpsr
DT-GSK.docx,REF,REF_ref_eq_nlpsr_069,ref_eq_nlpsr,6,cross-reference to eq:nlpsr
DT-GSK.docx,REF,REF_ref_eq_nlpsr_078,ref_eq_nlpsr,6,cross-reference to eq:nlpsr
DT-GSK.docx,REF,REF_ref_eq_nlpsr_100,ref_eq_nlpsr,6,cross-reference to eq:nlpsr
DT-GSK.docx,REF,REF_ref_eq_nlpsr_116,ref_eq_nlpsr,6,cross-reference to eq:nlpsr
DT-GSK.docx,REF,REF_ref_eq_nlpsr_118,ref_eq_nlpsr,6,cross-reference to eq:nlpsr
DT-GSK.docx,REF,REF_ref_eq_rng_substreams_027,ref_eq_rng_substreams,13,cross-reference to eq:rng-substreams
DT-GSK.docx,REF,REF_ref_eq_rng_substreams_053,ref_eq_rng_substreams,13,cross-reference to eq:rng-substreams
DT-GSK.docx,REF,REF_ref_eq_rng_substreams_063,ref_eq_rng_substreams,13,cross-reference to eq:rng-substreams
DT-GSK.docx,REF,REF_ref_eq_rng_substreams_151,ref_eq_rng_substreams,13,cross-reference to eq:rng-substreams
DT-GSK.docx,REF,REF_ref_eq_senior_idx_034,ref_eq_senior_idx,2,cross-reference to eq:senior-idx
DT-GSK.docx,REF,REF_ref_eq_sgsm_graph_049,ref_eq_sgsm_graph,11,cross-reference to eq:sgsm-graph
DT-GSK.docx,REF,REF_ref_eq_sgsm_graph_072,ref_eq_sgsm_graph,11,cross-reference to eq:sgsm-graph
DT-GSK.docx,REF,REF_ref_eq_sgsm_graph_082,ref_eq_sgsm_graph,11,cross-reference to eq:sgsm-graph
DT-GSK.docx,REF,REF_ref_eq_sgsm_graph_103,ref_eq_sgsm_graph,11,cross-reference to eq:sgsm-graph
DT-GSK.docx,REF,REF_ref_eq_sgsm_graph_126,ref_eq_sgsm_graph,11,cross-reference to eq:sgsm-graph
DT-GSK.docx,REF,REF_ref_eq_sgsm_graph_135,ref_eq_sgsm_graph,11,cross-reference to eq:sgsm-graph
DT-GSK.docx,REF,REF_ref_eq_sgsm_graph_138,ref_eq_sgsm_graph,11,cross-reference to eq:sgsm-graph
DT-GSK.docx,REF,REF_ref_fig_cd_cec2017_173,ref_fig_cd_cec2017,4,cross-reference to fig:cd-cec2017
DT-GSK.docx,REF,REF_ref_fig_cd_cec2017_193,ref_fig_cd_cec2017,4,cross-reference to fig:cd-cec2017
DT-GSK.docx,REF,REF_ref_fig_cec2011_ranks_174,ref_fig_cec2011_ranks,5,cross-reference to fig:cec2011-ranks
DT-GSK.docx,REF,REF_ref_fig_cec2011_ranks_175,ref_fig_cec2011_ranks,5,cross-reference to fig:cec2011-ranks
DT-GSK.docx,REF,REF_ref_fig_cec2017_ranks_167,ref_fig_cec2017_ranks,3,cross-reference to fig:cec2017-ranks
DT-GSK.docx,REF,REF_ref_fig_conv_cec2017_d100_183,ref_fig_conv_cec2017_d100,7,cross-reference to fig:conv-cec2017-d100
DT-GSK.docx,REF,REF_ref_fig_conv_cec2017_d100_192,ref_fig_conv_cec2017_d100,7,cross-reference to fig:conv-cec2017-d100
DT-GSK.docx,REF,REF_ref_fig_conv_cec2017_d30_182,ref_fig_conv_cec2017_d30,6,cross-reference to fig:conv-cec2017-d30
DT-GSK.docx,REF,REF_ref_fig_dtgsk_flowchart_062,ref_fig_dtgsk_flowchart,2,cross-reference to fig:dtgsk-flowchart
DT-GSK.docx,REF,REF_ref_fig_dtgsk_flowchart_085,ref_fig_dtgsk_flowchart,2,cross-reference to fig:dtgsk-flowchart
DT-GSK.docx,REF,REF_ref_fig_dtgsk_flowchart_088,ref_fig_dtgsk_flowchart,2,cross-reference to fig:dtgsk-flowchart
DT-GSK.docx,REF,REF_ref_fig_gsk_flowchart_061,ref_fig_gsk_flowchart,1,cross-reference to fig:gsk-flowchart
DT-GSK.docx,REF,REF_ref_fig_gsk_flowchart_086,ref_fig_gsk_flowchart,1,cross-reference to fig:gsk-flowchart
DT-GSK.docx,REF,REF_ref_sec_alg_ace_108,ref_sec_alg_ace,3.3.1,cross-reference to sec:alg:ace
DT-GSK.docx,REF,REF_ref_sec_alg_argp_109,ref_sec_alg_argp,3.3.2,cross-reference to sec:alg:argp
DT-GSK.docx,REF,REF_ref_sec_alg_bse_111,ref_sec_alg_bse,3.3.4,cross-reference to sec:alg:bse
DT-GSK.docx,REF,REF_ref_sec_alg_complexity_031,ref_sec_alg_complexity,3.8,cross-reference to sec:alg:complexity
DT-GSK.docx,REF,REF_ref_sec_alg_complexity_077,ref_sec_alg_complexity,3.8,cross-reference to sec:alg:complexity
DT-GSK.docx,REF,REF_ref_sec_alg_complexity_121,ref_sec_alg_complexity,3.8,cross-reference to sec:alg:complexity
DT-GSK.docx,REF,REF_ref_sec_alg_complexity_129,ref_sec_alg_complexity,3.8,cross-reference to sec:alg:complexity
DT-GSK.docx,REF,REF_ref_sec_alg_complexity_143,ref_sec_alg_complexity,3.8,cross-reference to sec:alg:complexity
DT-GSK.docx,REF,REF_ref_sec_alg_complexity_145,ref_sec_alg_complexity,3.8,cross-reference to sec:alg:complexity
DT-GSK.docx,REF,REF_ref_sec_alg_complexity_188,ref_sec_alg_complexity,3.8,cross-reference to sec:alg:complexity
DT-GSK.docx,REF,REF_ref_sec_alg_deepstall_090,ref_sec_alg_deepstall,3.3.5,cross-reference to sec:alg:deepstall
DT-GSK.docx,REF,REF_ref_sec_alg_deepstall_112,ref_sec_alg_deepstall,3.3.5,cross-reference to sec:alg:deepstall
DT-GSK.docx,REF,REF_ref_sec_alg_ism_044,ref_sec_alg_ism,3.4,cross-reference to sec:alg:ism
DT-GSK.docx,REF,REF_ref_sec_alg_ism_051,ref_sec_alg_ism,3.4,cross-reference to sec:alg:ism
DT-GSK.docx,REF,REF_ref_sec_alg_ism_122,ref_sec_alg_ism,3.4,cross-reference to sec:alg:ism
DT-GSK.docx,REF,REF_ref_sec_alg_nlpsr_110,ref_sec_alg_nlpsr,3.3.3,cross-reference to sec:alg:nlpsr
DT-GSK.docx,REF,REF_ref_sec_alg_overview_160,ref_sec_alg_overview,3.2,cross-reference to sec:alg:overview
DT-GSK.docx,REF,REF_ref_sec_alg_overview_203,ref_sec_alg_overview,3.2,cross-reference to sec:alg:overview
DT-GSK.docx,REF,REF_ref_sec_alg_polish_052,ref_sec_alg_polish,3.5,cross-reference to sec:alg:polish
DT-GSK.docx,REF,REF_ref_sec_alg_polish_123,ref_sec_alg_polish,3.5,cross-reference to sec:alg:polish
DT-GSK.docx,REF,REF_ref_sec_alg_polish_127,ref_sec_alg_polish,3.5,cross-reference to sec:alg:polish
DT-GSK.docx,REF,REF_ref_sec_alg_polish_128,ref_sec_alg_polish,3.5,cross-reference to sec:alg:polish
DT-GSK.docx,REF,REF_ref_sec_alg_polish_131,ref_sec_alg_polish,3.5,cross-reference to sec:alg:polish
DT-GSK.docx,REF,REF_ref_sec_alg_polish_133,ref_sec_alg_polish,3.5,cross-reference to sec:alg:polish
DT-GSK.docx,REF,REF_ref_sec_alg_profile_054,ref_sec_alg_profile,3.7,cross-reference to sec:alg:profile
DT-GSK.docx,REF,REF_ref_sec_alg_profile_057,ref_sec_alg_profile,3.7,cross-reference to sec:alg:profile
DT-GSK.docx,REF,REF_ref_sec_alg_profile_058,ref_sec_alg_profile,3.7,cross-reference to sec:alg:profile
DT-GSK.docx,REF,REF_ref_sec_alg_scaffold_048,ref_sec_alg_scaffold,3.3,cross-reference to sec:alg:scaffold
DT-GSK.docx,REF,REF_ref_sec_algorithm_006,ref_sec_algorithm,3,cross-reference to sec:algorithm
DT-GSK.docx,REF,REF_ref_sec_algorithm_076,ref_sec_algorithm,3,cross-reference to sec:algorithm
DT-GSK.docx,REF,REF_ref_sec_algorithm_163,ref_sec_algorithm,3,cross-reference to sec:algorithm
DT-GSK.docx,REF,REF_ref_sec_algorithm_184,ref_sec_algorithm,3,cross-reference to sec:algorithm
DT-GSK.docx,REF,REF_ref_sec_algorithm_187,ref_sec_algorithm,3,cross-reference to sec:algorithm
DT-GSK.docx,REF,REF_ref_sec_algorithm_191,ref_sec_algorithm,3,cross-reference to sec:algorithm
DT-GSK.docx,REF,REF_ref_sec_conclusions_004,ref_sec_conclusions,5,cross-reference to sec:conclusions
DT-GSK.docx,REF,REF_ref_sec_conclusions_008,ref_sec_conclusions,5,cross-reference to sec:conclusions
DT-GSK.docx,REF,REF_ref_sec_conclusions_195,ref_sec_conclusions,5,cross-reference to sec:conclusions
DT-GSK.docx,REF,REF_ref_sec_exp_cec2013lsgo_150,ref_sec_exp_cec2013lsgo,4.6,cross-reference to sec:exp:cec2013lsgo
DT-GSK.docx,REF,REF_ref_sec_exp_cec2013lsgo_155,ref_sec_exp_cec2013lsgo,4.6,cross-reference to sec:exp:cec2013lsgo
DT-GSK.docx,REF,REF_ref_sec_exp_cec2013lsgo_198,ref_sec_exp_cec2013lsgo,4.6,cross-reference to sec:exp:cec2013lsgo
DT-GSK.docx,REF,REF_ref_sec_exp_cec2017_153,ref_sec_exp_cec2017,4.2,cross-reference to sec:exp:cec2017
DT-GSK.docx,REF,REF_ref_sec_exp_cec2017_desc_190,ref_sec_exp_cec2017_desc,4.2.1,cross-reference to sec:exp:cec2017:desc
DT-GSK.docx,REF,REF_ref_sec_exp_cec2020_016,ref_sec_exp_cec2020,4.5,cross-reference to sec:exp:cec2020
DT-GSK.docx,REF,REF_ref_sec_exp_cec2020_154,ref_sec_exp_cec2020,4.5,cross-reference to sec:exp:cec2020
DT-GSK.docx,REF,REF_ref_sec_exp_cec2020_189,ref_sec_exp_cec2020,4.5,cross-reference to sec:exp:cec2020
DT-GSK.docx,REF,REF_ref_sec_exp_cec2020_197,ref_sec_exp_cec2020,4.5,cross-reference to sec:exp:cec2020
DT-GSK.docx,REF,REF_ref_sec_exp_cec2020_199,ref_sec_exp_cec2020,4.5,cross-reference to sec:exp:cec2020
DT-GSK.docx,REF,REF_ref_sec_exp_discussion_156,ref_sec_exp_discussion,4.9,cross-reference to sec:exp:discussion
DT-GSK.docx,REF,REF_ref_sec_exp_settings_169,ref_sec_exp_settings,4.1,cross-reference to sec:exp:settings
DT-GSK.docx,REF,REF_ref_sec_exp_settings_181,ref_sec_exp_settings,4.1,cross-reference to sec:exp:settings
DT-GSK.docx,REF,REF_ref_sec_exp_settings_185,ref_sec_exp_settings,4.1,cross-reference to sec:exp:settings
DT-GSK.docx,REF,REF_ref_sec_exp_stats_168,ref_sec_exp_stats,4.2.3,cross-reference to sec:exp:stats
DT-GSK.docx,REF,REF_ref_sec_exp_stats_200,ref_sec_exp_stats,4.2.3,cross-reference to sec:exp:stats
DT-GSK.docx,REF,REF_ref_sec_exp_stats_201,ref_sec_exp_stats,4.2.3,cross-reference to sec:exp:stats
DT-GSK.docx,REF,REF_ref_sec_experiments_003,ref_sec_experiments,4,cross-reference to sec:experiments
DT-GSK.docx,REF,REF_ref_sec_experiments_007,ref_sec_experiments,4,cross-reference to sec:experiments
DT-GSK.docx,REF,REF_ref_sec_experiments_013,ref_sec_experiments,4,cross-reference to sec:experiments
DT-GSK.docx,REF,REF_ref_sec_experiments_017,ref_sec_experiments,4,cross-reference to sec:experiments
DT-GSK.docx,REF,REF_ref_sec_experiments_152,ref_sec_experiments,4,cross-reference to sec:experiments
DT-GSK.docx,REF,REF_ref_sec_rel_structure_134,ref_sec_rel_structure,2.2,cross-reference to sec:rel:structure
DT-GSK.docx,REF,REF_ref_sec_related_001,ref_sec_related,2,cross-reference to sec:related
DT-GSK.docx,REF,REF_ref_sec_related_002,ref_sec_related,2,cross-reference to sec:related
DT-GSK.docx,REF,REF_ref_sec_related_005,ref_sec_related,2,cross-reference to sec:related
DT-GSK.docx,REF,REF_ref_sec_related_125,ref_sec_related,2,cross-reference to sec:related
DT-GSK.docx,REF,REF_ref_tab_architecture_059,ref_tab_architecture,4,cross-reference to tab:architecture
DT-GSK.docx,REF,REF_ref_tab_architecture_094,ref_tab_architecture,4,cross-reference to tab:architecture
DT-GSK.docx,REF,REF_ref_tab_cec2020_ranks_179,ref_tab_cec2020_ranks,17,cross-reference to tab:cec2020-ranks
DT-GSK.docx,REF,REF_ref_tab_comparator_params_main_148,ref_tab_comparator_params_main,12,cross-reference to tab:comparator-params-main
DT-GSK.docx,REF,REF_ref_tab_comparator_params_main_159,ref_tab_comparator_params_main,12,cross-reference to tab:comparator-params-main
DT-GSK.docx,REF,REF_ref_tab_comparator_params_main_202,ref_tab_comparator_params_main,12,cross-reference to tab:comparator-params-main
DT-GSK.docx,REF,REF_ref_tab_dim_gating_092,ref_tab_dim_gating,5,cross-reference to tab:dim-gating
DT-GSK.docx,REF,REF_ref_tab_family_review_009,ref_tab_family_review,1,cross-reference to tab:family-review
DT-GSK.docx,REF,REF_ref_tab_family_review_011,ref_tab_family_review,1,cross-reference to tab:family-review
DT-GSK.docx,REF,REF_ref_tab_family_review_014,ref_tab_family_review,1,cross-reference to tab:family-review
DT-GSK.docx,REF,REF_ref_tab_family_review_015,ref_tab_family_review,1,cross-reference to tab:family-review
DT-GSK.docx,REF,REF_ref_tab_friedman_cec2013_177,ref_tab_friedman_cec2013,16,cross-reference to tab:friedman-cec2013
DT-GSK.docx,REF,REF_ref_tab_friedman_cec2017_164,ref_tab_friedman_cec2017,14,cross-reference to tab:friedman-cec2017
DT-GSK.docx,REF,REF_ref_tab_friedman_cec2017_166,ref_tab_friedman_cec2017,14,cross-reference to tab:friedman-cec2017
DT-GSK.docx,REF,REF_ref_tab_friedman_cec2017_170,ref_tab_friedman_cec2017,14,cross-reference to tab:friedman-cec2017
DT-GSK.docx,REF,REF_ref_tab_friedman_cec2017_171,ref_tab_friedman_cec2017,14,cross-reference to tab:friedman-cec2017
DT-GSK.docx,REF,REF_ref_tab_friedman_cec2017_176,ref_tab_friedman_cec2017,14,cross-reference to tab:friedman-cec2017
DT-GSK.docx,REF,REF_ref_tab_friedman_cec2017_194,ref_tab_friedman_cec2017,14,cross-reference to tab:friedman-cec2017
DT-GSK.docx,REF,REF_ref_tab_lsgo_ranks_180,ref_tab_lsgo_ranks,18,cross-reference to tab:lsgo-ranks
DT-GSK.docx,REF,REF_ref_tab_notation_022,ref_tab_notation,3,cross-reference to tab:notation
DT-GSK.docx,REF,REF_ref_tab_notation_ism_024,ref_tab_notation_ism,8,cross-reference to tab:notation-ism
DT-GSK.docx,REF,REF_ref_tab_notation_ism_029,ref_tab_notation_ism,8,cross-reference to tab:notation-ism
DT-GSK.docx,REF,REF_ref_tab_notation_scaffold_023,ref_tab_notation_scaffold,6,cross-reference to tab:notation-scaffold
DT-GSK.docx,REF,REF_ref_tab_notation_scaffold_028,ref_tab_notation_scaffold,6,cross-reference to tab:notation-scaffold
DT-GSK.docx,REF,REF_ref_tab_notation_scaffold_107,ref_tab_notation_scaffold,6,cross-reference to tab:notation-scaffold
DT-GSK.docx,REF,REF_ref_tab_panel_146,ref_tab_panel,11,cross-reference to tab:panel
DT-GSK.docx,REF,REF_ref_tab_panel_158,ref_tab_panel,11,cross-reference to tab:panel
DT-GSK.docx,REF,REF_ref_tab_parameters_030,ref_tab_parameters,10,cross-reference to tab:parameters
DT-GSK.docx,REF,REF_ref_tab_parameters_056,ref_tab_parameters,10,cross-reference to tab:parameters
DT-GSK.docx,REF,REF_ref_tab_parameters_075,ref_tab_parameters,10,cross-reference to tab:parameters
DT-GSK.docx,REF,REF_ref_tab_parameters_093,ref_tab_parameters,10,cross-reference to tab:parameters
DT-GSK.docx,REF,REF_ref_tab_parameters_113,ref_tab_parameters,10,cross-reference to tab:parameters
DT-GSK.docx,REF,REF_ref_tab_parameters_114,ref_tab_parameters,10,cross-reference to tab:parameters
DT-GSK.docx,REF,REF_ref_tab_parameters_124,ref_tab_parameters,10,cross-reference to tab:parameters
DT-GSK.docx,REF,REF_ref_tab_parameters_144,ref_tab_parameters,10,cross-reference to tab:parameters
DT-GSK.docx,REF,REF_ref_tab_parameters_147,ref_tab_parameters,10,cross-reference to tab:parameters
DT-GSK.docx,REF,REF_ref_tab_parameters_149,ref_tab_parameters,10,cross-reference to tab:parameters
DT-GSK.docx,REF,REF_ref_tab_parameters_161,ref_tab_parameters,10,cross-reference to tab:parameters
DT-GSK.docx,REF,REF_ref_tab_protocol_157,ref_tab_protocol,13,cross-reference to tab:protocol
DT-GSK.docx,REF,REF_ref_tab_protocol_162,ref_tab_protocol,13,cross-reference to tab:protocol
DT-GSK.docx,REF,REF_ref_tab_protocol_178,ref_tab_protocol,13,cross-reference to tab:protocol
DT-GSK.docx,REF,REF_ref_tab_runtime_186,ref_tab_runtime,19,cross-reference to tab:runtime
DT-GSK.docx,REF,REF_ref_tab_sgsm_mechanism_130,ref_tab_sgsm_mechanism,9,cross-reference to tab:sgsm-mechanism
DT-GSK.docx,REF,REF_ref_tab_taxonomy_010,ref_tab_taxonomy,2,cross-reference to tab:taxonomy
DT-GSK.docx,REF,REF_ref_tab_taxonomy_012,ref_tab_taxonomy,2,cross-reference to tab:taxonomy
DT-GSK.docx,REF,REF_ref_tab_wilcoxon_holm_165,ref_tab_wilcoxon_holm,15,cross-reference to tab:wilcoxon-holm
DT-GSK.docx,REF,REF_ref_tab_wilcoxon_holm_172,ref_tab_wilcoxon_holm,15,cross-reference to tab:wilcoxon-holm
DT-GSK.docx,REF,REF_ref_tab_wilcoxon_holm_196,ref_tab_wilcoxon_holm,15,cross-reference to tab:wilcoxon-holm
DT-GSK.docx,REF,REF_ref_tab_worked_example_117,ref_tab_worked_example,7,cross-reference to tab:worked-example
DT-GSK.docx,SEQ,SEQ_Algorithm_1,SEQ Algorithm,1,alg:dt-gsk caption
DT-GSK.docx,SEQ,SEQ_Equation_1,SEQ Equation,1,eq:junior-idx display equation
DT-GSK.docx,SEQ,SEQ_Equation_10,SEQ Equation,10,eq:bse-cauchy display equation
DT-GSK.docx,SEQ,SEQ_Equation_11,SEQ Equation,11,eq:sgsm-graph display equation
DT-GSK.docx,SEQ,SEQ_Equation_12,SEQ Equation,12,eq:eigen-polish display equation
DT-GSK.docx,SEQ,SEQ_Equation_13,SEQ Equation,13,eq:rng-substreams display equation
DT-GSK.docx,SEQ,SEQ_Equation_2,SEQ Equation,2,eq:senior-idx display equation
DT-GSK.docx,SEQ,SEQ_Equation_3,SEQ Equation,3,eq:kexp-schedule display equation
DT-GSK.docx,SEQ,SEQ_Equation_4,SEQ Equation,4,eq:gsk-update display equation
DT-GSK.docx,SEQ,SEQ_Equation_5,SEQ Equation,5,eq:kr-mask display equation
DT-GSK.docx,SEQ,SEQ_Equation_6,SEQ Equation,6,eq:nlpsr display equation
DT-GSK.docx,SEQ,SEQ_Equation_7,SEQ Equation,7,eq:ace-update display equation
DT-GSK.docx,SEQ,SEQ_Equation_8,SEQ Equation,8,eq:midpoint-repair display equation
DT-GSK.docx,SEQ,SEQ_Equation_9,SEQ Equation,9,eq:greedy-accept display equation
DT-GSK.docx,SEQ,SEQ_Figure_1,SEQ Figure,1,fig:gsk-flowchart caption
DT-GSK.docx,SEQ,SEQ_Figure_2,SEQ Figure,2,fig:dtgsk-flowchart caption
DT-GSK.docx,SEQ,SEQ_Figure_3,SEQ Figure,3,fig:cec2017-ranks caption
DT-GSK.docx,SEQ,SEQ_Figure_4,SEQ Figure,4,fig:cd-cec2017 caption
DT-GSK.docx,SEQ,SEQ_Figure_5,SEQ Figure,5,fig:cec2011-ranks caption
DT-GSK.docx,SEQ,SEQ_Figure_6,SEQ Figure,6,fig:conv-cec2017-d30 caption
DT-GSK.docx,SEQ,SEQ_Figure_7,SEQ Figure,7,fig:conv-cec2017-d100 caption
DT-GSK.docx,SEQ,SEQ_Table_1,SEQ Table,1,tab:family-review caption
DT-GSK.docx,SEQ,SEQ_Table_10,SEQ Table,10,tab:parameters caption
DT-GSK.docx,SEQ,SEQ_Table_11,SEQ Table,11,tab:panel caption
DT-GSK.docx,SEQ,SEQ_Table_12,SEQ Table,12,tab:comparator-params-main caption
DT-GSK.docx,SEQ,SEQ_Table_13,SEQ Table,13,tab:protocol caption
DT-GSK.docx,SEQ,SEQ_Table_14,SEQ Table,14,tab:friedman-cec2017 caption
DT-GSK.docx,SEQ,SEQ_Table_15,SEQ Table,15,tab:wilcoxon-holm caption
DT-GSK.docx,SEQ,SEQ_Table_16,SEQ Table,16,tab:friedman-cec2013 caption
DT-GSK.docx,SEQ,SEQ_Table_17,SEQ Table,17,tab:cec2020-ranks caption
DT-GSK.docx,SEQ,SEQ_Table_18,SEQ Table,18,tab:lsgo-ranks caption
DT-GSK.docx,SEQ,SEQ_Table_19,SEQ Table,19,tab:runtime caption
DT-GSK.docx,SEQ,SEQ_Table_2,SEQ Table,2,tab:taxonomy caption
DT-GSK.docx,SEQ,SEQ_Table_3,SEQ Table,3,tab:notation caption
DT-GSK.docx,SEQ,SEQ_Table_4,SEQ Table,4,tab:architecture caption
DT-GSK.docx,SEQ,SEQ_Table_5,SEQ Table,5,tab:dim-gating caption
DT-GSK.docx,SEQ,SEQ_Table_6,SEQ Table,6,tab:notation-scaffold caption
DT-GSK.docx,SEQ,SEQ_Table_7,SEQ Table,7,tab:worked-example caption
DT-GSK.docx,SEQ,SEQ_Table_8,SEQ Table,8,tab:notation-ism caption
DT-GSK.docx,SEQ,SEQ_Table_9,SEQ Table,9,tab:sgsm-mechanism caption
supplementary.docx,BOOKMARK,ref_eq_opspec_conf,eq:opspec-conf,4,eq:opspec-conf equation
supplementary.docx,BOOKMARK,ref_eq_supp_seed,eq:supp-seed,1,eq:supp-seed equation
supplementary.docx,BOOKMARK,ref_fig_abl_rankdelta,fig:abl-rankdelta,B27,fig:abl-rankdelta caption
supplementary.docx,BOOKMARK,ref_fig_nlpsr_schedule,fig:nlpsr-schedule,B26,fig:nlpsr-schedule caption
supplementary.docx,BOOKMARK,ref_fig_sconv_cec2011_a,fig:sconv-cec2011-a,B19,fig:sconv-cec2011-a caption
supplementary.docx,BOOKMARK,ref_fig_sconv_cec2011_b,fig:sconv-cec2011-b,B20,fig:sconv-cec2011-b caption
supplementary.docx,BOOKMARK,ref_fig_sconv_cec2011_c,fig:sconv-cec2011-c,B21,fig:sconv-cec2011-c caption
supplementary.docx,BOOKMARK,ref_fig_sconv_cec2013_d30_a,fig:sconv-cec2013-d30-a,B22,fig:sconv-cec2013-d30-a caption
supplementary.docx,BOOKMARK,ref_fig_sconv_cec2013_d30_b,fig:sconv-cec2013-d30-b,B23,fig:sconv-cec2013-d30-b caption
supplementary.docx,BOOKMARK,ref_fig_sconv_cec2013_d30_c,fig:sconv-cec2013-d30-c,B24,fig:sconv-cec2013-d30-c caption
supplementary.docx,BOOKMARK,ref_fig_sconv_cec2013_d30_d,fig:sconv-cec2013-d30-d,B25,fig:sconv-cec2013-d30-d caption
supplementary.docx,BOOKMARK,ref_fig_sconv_cec2017_d100_a,fig:sconv-cec2017-d100-a,B15,fig:sconv-cec2017-d100-a caption
supplementary.docx,BOOKMARK,ref_fig_sconv_cec2017_d100_b,fig:sconv-cec2017-d100-b,B16,fig:sconv-cec2017-d100-b caption
supplementary.docx,BOOKMARK,ref_fig_sconv_cec2017_d100_c,fig:sconv-cec2017-d100-c,B17,fig:sconv-cec2017-d100-c caption
supplementary.docx,BOOKMARK,ref_fig_sconv_cec2017_d100_d,fig:sconv-cec2017-d100-d,B18,fig:sconv-cec2017-d100-d caption
supplementary.docx,BOOKMARK,ref_fig_sconv_cec2017_d10_a,fig:sconv-cec2017-d10-a,B3,fig:sconv-cec2017-d10-a caption
supplementary.docx,BOOKMARK,ref_fig_sconv_cec2017_d10_b,fig:sconv-cec2017-d10-b,B4,fig:sconv-cec2017-d10-b caption
supplementary.docx,BOOKMARK,ref_fig_sconv_cec2017_d10_c,fig:sconv-cec2017-d10-c,B5,fig:sconv-cec2017-d10-c caption
supplementary.docx,BOOKMARK,ref_fig_sconv_cec2017_d10_d,fig:sconv-cec2017-d10-d,B6,fig:sconv-cec2017-d10-d caption
supplementary.docx,BOOKMARK,ref_fig_sconv_cec2017_d30_a,fig:sconv-cec2017-d30-a,B7,fig:sconv-cec2017-d30-a caption
supplementary.docx,BOOKMARK,ref_fig_sconv_cec2017_d30_b,fig:sconv-cec2017-d30-b,B8,fig:sconv-cec2017-d30-b caption
supplementary.docx,BOOKMARK,ref_fig_sconv_cec2017_d30_c,fig:sconv-cec2017-d30-c,B9,fig:sconv-cec2017-d30-c caption
supplementary.docx,BOOKMARK,ref_fig_sconv_cec2017_d30_d,fig:sconv-cec2017-d30-d,B10,fig:sconv-cec2017-d30-d caption
supplementary.docx,BOOKMARK,ref_fig_sconv_cec2017_d50_a,fig:sconv-cec2017-d50-a,B11,fig:sconv-cec2017-d50-a caption
supplementary.docx,BOOKMARK,ref_fig_sconv_cec2017_d50_b,fig:sconv-cec2017-d50-b,B12,fig:sconv-cec2017-d50-b caption
supplementary.docx,BOOKMARK,ref_fig_sconv_cec2017_d50_c,fig:sconv-cec2017-d50-c,B13,fig:sconv-cec2017-d50-c caption
supplementary.docx,BOOKMARK,ref_fig_sconv_cec2017_d50_d,fig:sconv-cec2017-d50-d,B14,fig:sconv-cec2017-d50-d caption
supplementary.docx,BOOKMARK,ref_fig_supp_overall_ranks,fig:supp-overall-ranks,B1,fig:supp-overall-ranks caption
supplementary.docx,BOOKMARK,ref_fig_supp_rank_trend,fig:supp-rank-trend,B2,fig:supp-rank-trend caption
supplementary.docx,BOOKMARK,ref_sec_repro,sec:repro,S5.,section heading
supplementary.docx,BOOKMARK,ref_sec_repro_acronyms,sec:repro:acronyms,S5.7.,section heading
supplementary.docx,BOOKMARK,ref_sec_repro_aliases,sec:repro:aliases,S5.6.,section heading
supplementary.docx,BOOKMARK,ref_sec_repro_freeze,sec:repro:freeze,S5.2.,section heading
supplementary.docx,BOOKMARK,ref_sec_repro_limitations,sec:repro:limitations,S5.4.,section heading
supplementary.docx,BOOKMARK,ref_sec_repro_opspec,sec:repro:opspec,S5.9.,section heading
supplementary.docx,BOOKMARK,ref_sec_repro_params_detail,sec:repro:params-detail,S5.8.,section heading
supplementary.docx,BOOKMARK,ref_sec_repro_release,sec:repro:release,S5.10.,section heading
supplementary.docx,BOOKMARK,ref_sec_repro_seeds,sec:repro:seeds,S5.1.,section heading
supplementary.docx,BOOKMARK,ref_sec_repro_tieband,sec:repro:tieband,S5.5.,section heading
supplementary.docx,BOOKMARK,ref_sec_repro_tuning,sec:repro:tuning,S5.3.,section heading
supplementary.docx,BOOKMARK,ref_sec_supp_ablation,sec:supp:ablation,S6.,section heading
supplementary.docx,BOOKMARK,ref_sec_supp_ablation_caveats,sec:supp:ablation:caveats,S6.7.,section heading
supplementary.docx,BOOKMARK,ref_sec_supp_ablation_design,sec:supp:ablation:design,S6.1.,section heading
supplementary.docx,BOOKMARK,ref_sec_supp_ablation_findings,sec:supp:ablation:findings,S6.3.,section heading
supplementary.docx,BOOKMARK,ref_sec_supp_ablation_limits,sec:supp:ablation:limits,S6.4.,section heading
supplementary.docx,BOOKMARK,ref_sec_supp_ablation_sgsm,sec:supp:ablation:sgsm,S6.5.,section heading
supplementary.docx,BOOKMARK,ref_sec_supp_ablation_stats,sec:supp:ablation:stats,S6.2.,section heading
supplementary.docx,BOOKMARK,ref_sec_supp_ablation_subset,sec:supp:ablation:subset,S6.6.,section heading
supplementary.docx,BOOKMARK,ref_sec_supp_bca,sec:supp:bca,S2.4.,section heading
supplementary.docx,BOOKMARK,ref_sec_supp_cec2011,sec:supp:cec2011,S2.2.,section heading
supplementary.docx,BOOKMARK,ref_sec_supp_cec2013,sec:supp:cec2013,S2.3.,section heading
supplementary.docx,BOOKMARK,ref_sec_supp_cec2013lsgo,sec:supp:cec2013lsgo,S7.,section heading
supplementary.docx,BOOKMARK,ref_sec_supp_cec2017_tables,sec:supp:cec2017-tables,S1.,section heading
supplementary.docx,BOOKMARK,ref_sec_supp_cec2020,sec:supp:cec2020,S8.,section heading
supplementary.docx,BOOKMARK,ref_sec_supp_cec2020_detail,sec:supp:cec2020:detail,S8.6.,section heading
supplementary.docx,BOOKMARK,ref_sec_supp_cec2020_effects,sec:supp:cec2020:effects,S8.4.,section heading
supplementary.docx,BOOKMARK,ref_sec_supp_cec2020_omnibus,sec:supp:cec2020:omnibus,S8.2.,section heading
supplementary.docx,BOOKMARK,ref_sec_supp_cec2020_pairwise,sec:supp:cec2020:pairwise,S8.3.,section heading
supplementary.docx,BOOKMARK,ref_sec_supp_cec2020_robustness,sec:supp:cec2020:robustness,S8.5.,section heading
supplementary.docx,BOOKMARK,ref_sec_supp_cec2020_standing,sec:supp:cec2020:standing,S8.1.,section heading
supplementary.docx,BOOKMARK,ref_sec_supp_conv2011,sec:supp:conv2011,S3.2.,section heading
supplementary.docx,BOOKMARK,ref_sec_supp_conv2013,sec:supp:conv2013,S3.3.,section heading
supplementary.docx,BOOKMARK,ref_sec_supp_conv2017,sec:supp:conv2017,S3.1.,section heading
supplementary.docx,BOOKMARK,ref_sec_supp_convergence,sec:supp:convergence,S3.,section heading
supplementary.docx,BOOKMARK,ref_sec_supp_diagnostics,sec:supp:diagnostics,S4.,section heading
supplementary.docx,BOOKMARK,ref_sec_supp_h2h,sec:supp:h2h,S2.1.,section heading
supplementary.docx,BOOKMARK,ref_sec_supp_lsgo_config,sec:supp:lsgo:config,S7.2.,section heading
supplementary.docx,BOOKMARK,ref_sec_supp_lsgo_detail,sec:supp:lsgo:detail,S7.7.,section heading
supplementary.docx,BOOKMARK,ref_sec_supp_lsgo_effects,sec:supp:lsgo:effects,S7.6.,section heading
supplementary.docx,BOOKMARK,ref_sec_supp_lsgo_pairwise,sec:supp:lsgo:pairwise,S7.4.,section heading
supplementary.docx,BOOKMARK,ref_sec_supp_lsgo_protocol,sec:supp:lsgo:protocol,S7.1.,section heading
supplementary.docx,BOOKMARK,ref_sec_supp_lsgo_ranks,sec:supp:lsgo:ranks,S7.3.,section heading
supplementary.docx,BOOKMARK,ref_sec_supp_lsgo_runlevel,sec:supp:lsgo:runlevel,S7.5.,section heading
supplementary.docx,BOOKMARK,ref_sec_supp_pairwise,sec:supp:pairwise,S2.,section heading
supplementary.docx,BOOKMARK,ref_sec_supp_posthoc,sec:supp:posthoc,S2.5.,section heading
supplementary.docx,BOOKMARK,ref_sec_supp_rankviews,sec:supp:rankviews,S2.6.,section heading
supplementary.docx,BOOKMARK,ref_sec_supp_rev_basis,sec:supp:rev:basis,S9.1.,section heading
supplementary.docx,BOOKMARK,ref_sec_supp_rev_boundary,sec:supp:rev:boundary,S9.5.,section heading
supplementary.docx,BOOKMARK,ref_sec_supp_rev_np,sec:supp:rev:np,S9.2.,section heading
supplementary.docx,BOOKMARK,ref_sec_supp_rev_sensitivity,sec:supp:rev:sensitivity,S9.4.,section heading
supplementary.docx,BOOKMARK,ref_sec_supp_rev_tiering,sec:supp:rev:tiering,S9.3.,section heading
supplementary.docx,BOOKMARK,ref_sec_supp_revision,sec:supp:revision,S9.,section heading
supplementary.docx,BOOKMARK,ref_tab_abl_scaffold,tab:abl-scaffold,A23,tab:abl-scaffold caption
supplementary.docx,BOOKMARK,ref_tab_abl_wilcoxon,tab:abl-wilcoxon,A24,tab:abl-wilcoxon caption
supplementary.docx,BOOKMARK,ref_tab_acronyms,tab:acronyms,A21,tab:acronyms caption
supplementary.docx,BOOKMARK,ref_tab_aliases,tab:aliases,A20,tab:aliases caption
supplementary.docx,BOOKMARK,ref_tab_bca_ci,tab:bca-ci,A17,tab:bca-ci caption
supplementary.docx,BOOKMARK,ref_tab_cec2011_perproblem,tab:cec2011-perproblem,A11,tab:cec2011-perproblem caption
supplementary.docx,BOOKMARK,ref_tab_cec2011_stats,tab:cec2011-stats,A10,tab:cec2011-stats caption
supplementary.docx,BOOKMARK,ref_tab_cec2013_d10,tab:cec2013-d10,A12,tab:cec2013-d10 caption
supplementary.docx,BOOKMARK,ref_tab_cec2013_d30,tab:cec2013-d30,A13,tab:cec2013-d30 caption
supplementary.docx,BOOKMARK,ref_tab_cec2013_d50,tab:cec2013-d50,A14,tab:cec2013-d50 caption
supplementary.docx,BOOKMARK,ref_tab_cec2013_pairwise,tab:cec2013-pairwise,A16,tab:cec2013-pairwise caption
supplementary.docx,BOOKMARK,ref_tab_cec2013_wilcoxon,tab:cec2013_wilcoxon,A15,tab:cec2013_wilcoxon caption
supplementary.docx,BOOKMARK,ref_tab_cec2017_d10,tab:cec2017-d10,A2,tab:cec2017-d10 caption
supplementary.docx,BOOKMARK,ref_tab_cec2017_d100,tab:cec2017-d100,A5,tab:cec2017-d100 caption
supplementary.docx,BOOKMARK,ref_tab_cec2017_d30,tab:cec2017-d30,A3,tab:cec2017-d30 caption
supplementary.docx,BOOKMARK,ref_tab_cec2017_d50,tab:cec2017-d50,A4,tab:cec2017-d50 caption
supplementary.docx,BOOKMARK,ref_tab_cec2017_functions,tab:cec2017-functions,A1,tab:cec2017-functions caption
supplementary.docx,BOOKMARK,ref_tab_comparator_params,tab:comparator-params,A19,tab:comparator-params caption
supplementary.docx,BOOKMARK,ref_tab_h2h_d10,tab:h2h_d10,A6,tab:h2h_d10 caption
supplementary.docx,BOOKMARK,ref_tab_h2h_d100,tab:h2h_d100,A9,tab:h2h_d100 caption
supplementary.docx,BOOKMARK,ref_tab_h2h_d30,tab:h2h_d30,A7,tab:h2h_d30 caption
supplementary.docx,BOOKMARK,ref_tab_h2h_d50,tab:h2h_d50,A8,tab:h2h_d50 caption
supplementary.docx,BOOKMARK,ref_tab_ism_isolation,tab:ism-isolation,A25,tab:ism-isolation caption
supplementary.docx,BOOKMARK,ref_tab_ism_subset,tab:ism-subset,A26,tab:ism-subset caption
supplementary.docx,BOOKMARK,ref_tab_notation_rng,tab:notation-rng,A18,tab:notation-rng caption
supplementary.docx,BOOKMARK,ref_tab_parameters_detail,tab:parameters-detail,A22,tab:parameters-detail caption
supplementary.docx,BOOKMARK,ref_tab_rev_e1,tab:rev-e1,A43,tab:rev-e1 caption
supplementary.docx,BOOKMARK,ref_tab_rev_e2,tab:rev-e2,A44,tab:rev-e2 caption
supplementary.docx,BOOKMARK,ref_tab_rev_e3,tab:rev-e3,A45,tab:rev-e3 caption
supplementary.docx,BOOKMARK,ref_tab_rev_e4,tab:rev-e4,A46,tab:rev-e4 caption
supplementary.docx,BOOKMARK,ref_tab_rev_e5,tab:rev-e5,A47,tab:rev-e5 caption
supplementary.docx,BOOKMARK,ref_tab_supp_cec2020_detail_d10,tab:supp:cec2020-detail-d10,A40,tab:supp:cec2020-detail-d10 caption
supplementary.docx,BOOKMARK,ref_tab_supp_cec2020_detail_d15,tab:supp:cec2020-detail-d15,A41,tab:supp:cec2020-detail-d15 caption
supplementary.docx,BOOKMARK,ref_tab_supp_cec2020_detail_d20,tab:supp:cec2020-detail-d20,A42,tab:supp:cec2020-detail-d20 caption
supplementary.docx,BOOKMARK,ref_tab_supp_cec2020_detail_d5,tab:supp:cec2020-detail-d5,A39,tab:supp:cec2020-detail-d5 caption
supplementary.docx,BOOKMARK,ref_tab_supp_cec2020_effects,tab:supp:cec2020:effects,A37,tab:supp:cec2020:effects caption
supplementary.docx,BOOKMARK,ref_tab_supp_cec2020_omnibus,tab:supp:cec2020:omnibus,A34,tab:supp:cec2020:omnibus caption
supplementary.docx,BOOKMARK,ref_tab_supp_cec2020_pairwise,tab:supp:cec2020:pairwise,A35,tab:supp:cec2020:pairwise caption
supplementary.docx,BOOKMARK,ref_tab_supp_cec2020_pairwise_run,tab:supp:cec2020:pairwise-run,A36,tab:supp:cec2020:pairwise-run caption
supplementary.docx,BOOKMARK,ref_tab_supp_cec2020_ranks,tab:supp:cec2020:ranks,A33,tab:supp:cec2020:ranks caption
supplementary.docx,BOOKMARK,ref_tab_supp_cec2020_robustness,tab:supp:cec2020:robustness,A38,tab:supp:cec2020:robustness caption
supplementary.docx,BOOKMARK,ref_tab_supp_lsgo_detail_a,tab:supp:lsgo-detail-a,A31,tab:supp:lsgo-detail-a caption
supplementary.docx,BOOKMARK,ref_tab_supp_lsgo_detail_b,tab:supp:lsgo-detail-b,A32,tab:supp:lsgo-detail-b caption
supplementary.docx,BOOKMARK,ref_tab_supp_lsgo_effects,tab:supp:lsgo:effects,A30,tab:supp:lsgo:effects caption
supplementary.docx,BOOKMARK,ref_tab_supp_lsgo_ranks,tab:supp:lsgo:ranks,A27,tab:supp:lsgo:ranks caption
supplementary.docx,BOOKMARK,ref_tab_supp_lsgo_runlevel,tab:supp:lsgo:runlevel,A29,tab:supp:lsgo:runlevel caption
supplementary.docx,BOOKMARK,ref_tab_supp_lsgo_wilcoxon,tab:supp:lsgo:wilcoxon,A28,tab:supp:lsgo:wilcoxon caption
supplementary.docx,CITATION,CIT_001,awad2016problem,[1],in-text citation
supplementary.docx,CITATION,CIT_002,das2011cec2011,[2],in-text citation
supplementary.docx,CITATION,CIT_003,liang2013cec2013,[3],in-text citation
supplementary.docx,CITATION,CIT_004,yue2020cec2020,[4],in-text citation
supplementary.docx,CITATION,CIT_005,li2013lsgo,[5],in-text citation
supplementary.docx,CITATION,CIT_006,wilcoxon1945individual,[6],in-text citation
supplementary.docx,CITATION,CIT_007,holm1979simple,[7],in-text citation
supplementary.docx,CITATION,CIT_008,friedman1937use,[8],in-text citation
supplementary.docx,CITATION,CIT_009,demsar2006statistical,[9],in-text citation
supplementary.docx,CITATION,CIT_010,efron1993introduction,[10],in-text citation
supplementary.docx,CITATION,CIT_011,demsar2006statistical,[9],in-text citation
supplementary.docx,CITATION,CIT_012,mohamed2020gaining,[11],in-text citation
supplementary.docx,CITATION,CIT_013,mohamed2020agsk,[12],in-text citation
supplementary.docx,CITATION,CIT_014,apgsk2021,[13],in-text citation
supplementary.docx,CITATION,CIT_015,fdbagsk2023,[14],in-text citation
supplementary.docx,CITATION,CIT_016,alfadli2025atmals,[15],in-text citation
supplementary.docx,CITATION,CIT_017,jawad2024egsk,[16],in-text citation
supplementary.docx,CITATION,CIT_018,awad2016problem,[1],in-text citation
supplementary.docx,CITATION,CIT_019,friedman1937use;demsar2006statistical,"[8,9]",in-text citation
supplementary.docx,CITATION,CIT_020,wilcoxon1945individual,[6],in-text citation
supplementary.docx,CITATION,CIT_021,holm1979simple,[7],in-text citation
supplementary.docx,CITATION,CIT_022,wilcoxon1945individual,[6],in-text citation
supplementary.docx,CITATION,CIT_023,holm1979simple,[7],in-text citation
supplementary.docx,CITATION,CIT_024,awad2016problem,[1],in-text citation
supplementary.docx,CITATION,CIT_025,li2013lsgo,[5],in-text citation
supplementary.docx,CITATION,CIT_026,molina2018shadeils,[17],in-text citation
supplementary.docx,CITATION,CIT_027,latorre2013mos,[18],in-text citation
supplementary.docx,CITATION,CIT_028,yue2020cec2020,[4],in-text citation
supplementary.docx,CITATION,CIT_029,apgsk2021,[13],in-text citation
supplementary.docx,CITATION,CIT_030,apgsk2021,[13],in-text citation
supplementary.docx,NATIVETABLE,TBL_SA01,word_sources/SA01.json,8x5,native w:tbl
supplementary.docx,NATIVETABLE,TBL_SA02,word_sources/SA02.json,24x6,native w:tbl
supplementary.docx,NATIVETABLE,TBL_SA03,word_sources/SA03.json,6x13,native w:tbl
supplementary.docx,NATIVETABLE,TBL_SA04,word_sources/SA04.json,29x3,native w:tbl
supplementary.docx,NATIVETABLE,TBL_SA05,word_sources/SA05.json,6x8,native w:tbl
supplementary.docx,NATIVETABLE,TBL_SA06,word_sources/SA06.json,4x9,native w:tbl
supplementary.docx,NATIVETABLE,TBL_SA07,word_sources/SA07.json,8x6,native w:tbl
supplementary.docx,NATIVETABLE,TBL_SA08,word_sources/SA08.json,27x8,native w:tbl
supplementary.docx,NATIVETABLE,TBL_SA09,word_sources/SA09.json,5x10,native w:tbl
supplementary.docx,NATIVETABLE,TBL_T1,word_sources/T1.json,22x11,native w:tbl
supplementary.docx,NATIVETABLE,TBL_T10,word_sources/T10.json,29x8,native w:tbl
supplementary.docx,NATIVETABLE,TBL_T11,word_sources/T11.json,28x11,native w:tbl
supplementary.docx,NATIVETABLE,TBL_T12,word_sources/T12.json,28x11,native w:tbl
supplementary.docx,NATIVETABLE,TBL_T13,word_sources/T13.json,28x11,native w:tbl
supplementary.docx,NATIVETABLE,TBL_T14,word_sources/T14.json,8x4,native w:tbl
supplementary.docx,NATIVETABLE,TBL_T16_bca,tables/T16_bca.tex,7x5,native w:tbl
supplementary.docx,NATIVETABLE,TBL_T2,word_sources/T2.json,29x11,native w:tbl
supplementary.docx,NATIVETABLE,TBL_T3,word_sources/T3.json,29x11,native w:tbl
supplementary.docx,NATIVETABLE,TBL_T4,word_sources/T4.json,29x11,native w:tbl
supplementary.docx,NATIVETABLE,TBL_T5,word_sources/T5.json,29x11,native w:tbl
supplementary.docx,NATIVETABLE,TBL_T6,word_sources/T6.json,8x2,native w:tbl
supplementary.docx,NATIVETABLE,TBL_T7,word_sources/T7.json,29x8,native w:tbl
supplementary.docx,NATIVETABLE,TBL_T8,word_sources/T8.json,29x8,native w:tbl
supplementary.docx,NATIVETABLE,TBL_T9,word_sources/T9.json,29x8,native w:tbl
supplementary.docx,REF,REF_ref_eq_supp_seed_026,ref_eq_supp_seed,1,cross-reference to eq:supp-seed
supplementary.docx,REF,REF_ref_fig_abl_rankdelta_041,ref_fig_abl_rankdelta,B27,cross-reference to fig:abl-rankdelta
supplementary.docx,REF,REF_ref_fig_nlpsr_schedule_024,ref_fig_nlpsr_schedule,B26,cross-reference to fig:nlpsr-schedule
supplementary.docx,REF,REF_ref_fig_sconv_cec2011_a_019,ref_fig_sconv_cec2011_a,B19,cross-reference to fig:sconv-cec2011-a
supplementary.docx,REF,REF_ref_fig_sconv_cec2011_c_020,ref_fig_sconv_cec2011_c,B21,cross-reference to fig:sconv-cec2011-c
supplementary.docx,REF,REF_ref_fig_sconv_cec2013_d30_a_021,ref_fig_sconv_cec2013_d30_a,B22,cross-reference to fig:sconv-cec2013-d30-a
supplementary.docx,REF,REF_ref_fig_sconv_cec2013_d30_d_022,ref_fig_sconv_cec2013_d30_d,B25,cross-reference to fig:sconv-cec2013-d30-d
supplementary.docx,REF,REF_ref_fig_sconv_cec2017_d100_d_018,ref_fig_sconv_cec2017_d100_d,B18,cross-reference to fig:sconv-cec2017-d100-d
supplementary.docx,REF,REF_ref_fig_sconv_cec2017_d10_a_017,ref_fig_sconv_cec2017_d10_a,B3,cross-reference to fig:sconv-cec2017-d10-a
supplementary.docx,REF,REF_ref_fig_supp_overall_ranks_015,ref_fig_supp_overall_ranks,B1,cross-reference to fig:supp-overall-ranks
supplementary.docx,REF,REF_ref_fig_supp_rank_trend_016,ref_fig_supp_rank_trend,B2,cross-reference to fig:supp-rank-trend
supplementary.docx,REF,REF_ref_sec_repro_025,ref_sec_repro,S5,cross-reference to sec:repro
supplementary.docx,REF,REF_ref_sec_repro_freeze_035,ref_sec_repro_freeze,S5.2,cross-reference to sec:repro:freeze
supplementary.docx,REF,REF_ref_sec_supp_ablation_072,ref_sec_supp_ablation,S6,cross-reference to sec:supp:ablation
supplementary.docx,REF,REF_ref_sec_supp_ablation_074,ref_sec_supp_ablation,S6,cross-reference to sec:supp:ablation
supplementary.docx,REF,REF_ref_sec_supp_ablation_caveats_029,ref_sec_supp_ablation_caveats,S6.7,cross-reference to sec:supp:ablation:caveats
supplementary.docx,REF,REF_ref_sec_supp_ablation_caveats_047,ref_sec_supp_ablation_caveats,S6.7,cross-reference to sec:supp:ablation:caveats
supplementary.docx,REF,REF_ref_sec_supp_ablation_sgsm_038,ref_sec_supp_ablation_sgsm,S6.5,cross-reference to sec:supp:ablation:sgsm
supplementary.docx,REF,REF_ref_sec_supp_ablation_sgsm_039,ref_sec_supp_ablation_sgsm,S6.5,cross-reference to sec:supp:ablation:sgsm
supplementary.docx,REF,REF_ref_sec_supp_ablation_sgsm_050,ref_sec_supp_ablation_sgsm,S6.5,cross-reference to sec:supp:ablation:sgsm
supplementary.docx,REF,REF_ref_sec_supp_ablation_sgsm_071,ref_sec_supp_ablation_sgsm,S6.5,cross-reference to sec:supp:ablation:sgsm
supplementary.docx,REF,REF_ref_sec_supp_ablation_subset_002,ref_sec_supp_ablation_subset,S6.6,cross-reference to sec:supp:ablation:subset
supplementary.docx,REF,REF_ref_sec_supp_cec2013_023,ref_sec_supp_cec2013,S2.3,cross-reference to sec:supp:cec2013
supplementary.docx,REF,REF_ref_sec_supp_cec2017_tables_014,ref_sec_supp_cec2017_tables,S1,cross-reference to sec:supp:cec2017-tables
supplementary.docx,REF,REF_ref_sec_supp_cec2020_standing_061,ref_sec_supp_cec2020_standing,S8.1,cross-reference to sec:supp:cec2020:standing
supplementary.docx,REF,REF_ref_sec_supp_rev_basis_031,ref_sec_supp_rev_basis,S9.1,cross-reference to sec:supp:rev:basis
supplementary.docx,REF,REF_ref_sec_supp_rev_basis_048,ref_sec_supp_rev_basis,S9.1,cross-reference to sec:supp:rev:basis
supplementary.docx,REF,REF_ref_sec_supp_rev_basis_070,ref_sec_supp_rev_basis,S9.1,cross-reference to sec:supp:rev:basis
supplementary.docx,REF,REF_ref_sec_supp_rev_basis_073,ref_sec_supp_rev_basis,S9.1,cross-reference to sec:supp:rev:basis
supplementary.docx,REF,REF_ref_sec_supp_rev_boundary_068,ref_sec_supp_rev_boundary,S9.5,cross-reference to sec:supp:rev:boundary
supplementary.docx,REF,REF_ref_sec_supp_rev_boundary_069,ref_sec_supp_rev_boundary,S9.5,cross-reference to sec:supp:rev:boundary
supplementary.docx,REF,REF_ref_sec_supp_rev_np_051,ref_sec_supp_rev_np,S9.2,cross-reference to sec:supp:rev:np
supplementary.docx,REF,REF_ref_sec_supp_rev_sensitivity_032,ref_sec_supp_rev_sensitivity,S9.4,cross-reference to sec:supp:rev:sensitivity
supplementary.docx,REF,REF_ref_sec_supp_rev_sensitivity_067,ref_sec_supp_rev_sensitivity,S9.4,cross-reference to sec:supp:rev:sensitivity
supplementary.docx,REF,REF_ref_sec_supp_rev_sensitivity_076,ref_sec_supp_rev_sensitivity,S9.4,cross-reference to sec:supp:rev:sensitivity
supplementary.docx,REF,REF_ref_sec_supp_rev_tiering_075,ref_sec_supp_rev_tiering,S9.3,cross-reference to sec:supp:rev:tiering
supplementary.docx,REF,REF_ref_sec_supp_rev_tiering_077,ref_sec_supp_rev_tiering,S9.3,cross-reference to sec:supp:rev:tiering
supplementary.docx,REF,REF_ref_sec_supp_rev_tiering_078,ref_sec_supp_rev_tiering,S9.3,cross-reference to sec:supp:rev:tiering
supplementary.docx,REF,REF_ref_sec_supp_revision_036,ref_sec_supp_revision,S9,cross-reference to sec:supp:revision
supplementary.docx,REF,REF_ref_tab_abl_scaffold_040,ref_tab_abl_scaffold,A23,cross-reference to tab:abl-scaffold
supplementary.docx,REF,REF_ref_tab_abl_scaffold_044,ref_tab_abl_scaffold,A23,cross-reference to tab:abl-scaffold
supplementary.docx,REF,REF_ref_tab_abl_wilcoxon_042,ref_tab_abl_wilcoxon,A24,cross-reference to tab:abl-wilcoxon
supplementary.docx,REF,REF_ref_tab_abl_wilcoxon_043,ref_tab_abl_wilcoxon,A24,cross-reference to tab:abl-wilcoxon
supplementary.docx,REF,REF_ref_tab_aliases_033,ref_tab_aliases,A20,cross-reference to tab:aliases
supplementary.docx,REF,REF_ref_tab_bca_ci_013,ref_tab_bca_ci,A17,cross-reference to tab:bca-ci
supplementary.docx,REF,REF_ref_tab_bca_ci_037,ref_tab_bca_ci,A17,cross-reference to tab:bca-ci
supplementary.docx,REF,REF_ref_tab_cec2011_perproblem_008,ref_tab_cec2011_perproblem,A11,cross-reference to tab:cec2011-perproblem
supplementary.docx,REF,REF_ref_tab_cec2011_stats_007,ref_tab_cec2011_stats,A10,cross-reference to tab:cec2011-stats
supplementary.docx,REF,REF_ref_tab_cec2013_d10_009,ref_tab_cec2013_d10,A12,cross-reference to tab:cec2013-d10
supplementary.docx,REF,REF_ref_tab_cec2013_d50_010,ref_tab_cec2013_d50,A14,cross-reference to tab:cec2013-d50
supplementary.docx,REF,REF_ref_tab_cec2013_wilcoxon_011,ref_tab_cec2013_wilcoxon,A15,cross-reference to tab:cec2013_wilcoxon
supplementary.docx,REF,REF_ref_tab_cec2013_wilcoxon_012,ref_tab_cec2013_wilcoxon,A15,cross-reference to tab:cec2013_wilcoxon
supplementary.docx,REF,REF_ref_tab_cec2017_d100_004,ref_tab_cec2017_d100,A5,cross-reference to tab:cec2017-d100
supplementary.docx,REF,REF_ref_tab_cec2017_d10_003,ref_tab_cec2017_d10,A2,cross-reference to tab:cec2017-d10
supplementary.docx,REF,REF_ref_tab_cec2017_functions_001,ref_tab_cec2017_functions,A1,cross-reference to tab:cec2017-functions
supplementary.docx,REF,REF_ref_tab_comparator_params_028,ref_tab_comparator_params,A19,cross-reference to tab:comparator-params
supplementary.docx,REF,REF_ref_tab_h2h_d100_006,ref_tab_h2h_d100,A9,cross-reference to tab:h2h_d100
supplementary.docx,REF,REF_ref_tab_h2h_d10_005,ref_tab_h2h_d10,A6,cross-reference to tab:h2h_d10
supplementary.docx,REF,REF_ref_tab_ism_isolation_045,ref_tab_ism_isolation,A25,cross-reference to tab:ism-isolation
supplementary.docx,REF,REF_ref_tab_ism_isolation_046,ref_tab_ism_isolation,A25,cross-reference to tab:ism-isolation
supplementary.docx,REF,REF_ref_tab_ism_isolation_049,ref_tab_ism_isolation,A25,cross-reference to tab:ism-isolation
supplementary.docx,REF,REF_ref_tab_notation_rng_027,ref_tab_notation_rng,A18,cross-reference to tab:notation-rng
supplementary.docx,REF,REF_ref_tab_parameters_detail_034,ref_tab_parameters_detail,A22,cross-reference to tab:parameters-detail
supplementary.docx,REF,REF_ref_tab_rev_e3_030,ref_tab_rev_e3,A45,cross-reference to tab:rev-e3
supplementary.docx,REF,REF_ref_tab_supp_cec2020_detail_d20_066,ref_tab_supp_cec2020_detail_d20,A42,cross-reference to tab:supp:cec2020-detail-d20
supplementary.docx,REF,REF_ref_tab_supp_cec2020_detail_d5_065,ref_tab_supp_cec2020_detail_d5,A39,cross-reference to tab:supp:cec2020-detail-d5
supplementary.docx,REF,REF_ref_tab_supp_cec2020_effects_063,ref_tab_supp_cec2020_effects,A37,cross-reference to tab:supp:cec2020:effects
supplementary.docx,REF,REF_ref_tab_supp_cec2020_omnibus_059,ref_tab_supp_cec2020_omnibus,A34,cross-reference to tab:supp:cec2020:omnibus
supplementary.docx,REF,REF_ref_tab_supp_cec2020_pairwise_060,ref_tab_supp_cec2020_pairwise,A35,cross-reference to tab:supp:cec2020:pairwise
supplementary.docx,REF,REF_ref_tab_supp_cec2020_pairwise_run_062,ref_tab_supp_cec2020_pairwise_run,A36,cross-reference to tab:supp:cec2020:pairwise-run
supplementary.docx,REF,REF_ref_tab_supp_cec2020_ranks_058,ref_tab_supp_cec2020_ranks,A33,cross-reference to tab:supp:cec2020:ranks
supplementary.docx,REF,REF_ref_tab_supp_cec2020_robustness_064,ref_tab_supp_cec2020_robustness,A38,cross-reference to tab:supp:cec2020:robustness
supplementary.docx,REF,REF_ref_tab_supp_lsgo_detail_a_056,ref_tab_supp_lsgo_detail_a,A31,cross-reference to tab:supp:lsgo-detail-a
supplementary.docx,REF,REF_ref_tab_supp_lsgo_detail_b_057,ref_tab_supp_lsgo_detail_b,A32,cross-reference to tab:supp:lsgo-detail-b
supplementary.docx,REF,REF_ref_tab_supp_lsgo_effects_055,ref_tab_supp_lsgo_effects,A30,cross-reference to tab:supp:lsgo:effects
supplementary.docx,REF,REF_ref_tab_supp_lsgo_ranks_052,ref_tab_supp_lsgo_ranks,A27,cross-reference to tab:supp:lsgo:ranks
supplementary.docx,REF,REF_ref_tab_supp_lsgo_runlevel_054,ref_tab_supp_lsgo_runlevel,A29,cross-reference to tab:supp:lsgo:runlevel
supplementary.docx,REF,REF_ref_tab_supp_lsgo_wilcoxon_053,ref_tab_supp_lsgo_wilcoxon,A28,cross-reference to tab:supp:lsgo:wilcoxon
supplementary.docx,SEQ,SEQ_Equation_1,SEQ Equation,1,eq:supp-seed display equation
supplementary.docx,SEQ,SEQ_Equation_4,SEQ Equation,4,eq:opspec-conf display equation
supplementary.docx,SEQ,SEQ_Equation_?,SEQ Equation,?,- display equation
supplementary.docx,SEQ,SEQ_Equation_?,SEQ Equation,?,- display equation
supplementary.docx,SEQ,SEQ_Figure_B1,SEQ Figure,1,fig:supp-overall-ranks caption
supplementary.docx,SEQ,SEQ_Figure_B10,SEQ Figure,10,fig:sconv-cec2017-d30-d caption
supplementary.docx,SEQ,SEQ_Figure_B11,SEQ Figure,11,fig:sconv-cec2017-d50-a caption
supplementary.docx,SEQ,SEQ_Figure_B12,SEQ Figure,12,fig:sconv-cec2017-d50-b caption
supplementary.docx,SEQ,SEQ_Figure_B13,SEQ Figure,13,fig:sconv-cec2017-d50-c caption
supplementary.docx,SEQ,SEQ_Figure_B14,SEQ Figure,14,fig:sconv-cec2017-d50-d caption
supplementary.docx,SEQ,SEQ_Figure_B15,SEQ Figure,15,fig:sconv-cec2017-d100-a caption
supplementary.docx,SEQ,SEQ_Figure_B16,SEQ Figure,16,fig:sconv-cec2017-d100-b caption
supplementary.docx,SEQ,SEQ_Figure_B17,SEQ Figure,17,fig:sconv-cec2017-d100-c caption
supplementary.docx,SEQ,SEQ_Figure_B18,SEQ Figure,18,fig:sconv-cec2017-d100-d caption
supplementary.docx,SEQ,SEQ_Figure_B19,SEQ Figure,19,fig:sconv-cec2011-a caption
supplementary.docx,SEQ,SEQ_Figure_B2,SEQ Figure,2,fig:supp-rank-trend caption
supplementary.docx,SEQ,SEQ_Figure_B20,SEQ Figure,20,fig:sconv-cec2011-b caption
supplementary.docx,SEQ,SEQ_Figure_B21,SEQ Figure,21,fig:sconv-cec2011-c caption
supplementary.docx,SEQ,SEQ_Figure_B22,SEQ Figure,22,fig:sconv-cec2013-d30-a caption
supplementary.docx,SEQ,SEQ_Figure_B23,SEQ Figure,23,fig:sconv-cec2013-d30-b caption
supplementary.docx,SEQ,SEQ_Figure_B24,SEQ Figure,24,fig:sconv-cec2013-d30-c caption
supplementary.docx,SEQ,SEQ_Figure_B25,SEQ Figure,25,fig:sconv-cec2013-d30-d caption
supplementary.docx,SEQ,SEQ_Figure_B26,SEQ Figure,26,fig:nlpsr-schedule caption
supplementary.docx,SEQ,SEQ_Figure_B27,SEQ Figure,27,fig:abl-rankdelta caption
supplementary.docx,SEQ,SEQ_Figure_B3,SEQ Figure,3,fig:sconv-cec2017-d10-a caption
supplementary.docx,SEQ,SEQ_Figure_B4,SEQ Figure,4,fig:sconv-cec2017-d10-b caption
supplementary.docx,SEQ,SEQ_Figure_B5,SEQ Figure,5,fig:sconv-cec2017-d10-c caption
supplementary.docx,SEQ,SEQ_Figure_B6,SEQ Figure,6,fig:sconv-cec2017-d10-d caption
supplementary.docx,SEQ,SEQ_Figure_B7,SEQ Figure,7,fig:sconv-cec2017-d30-a caption
supplementary.docx,SEQ,SEQ_Figure_B8,SEQ Figure,8,fig:sconv-cec2017-d30-b caption
supplementary.docx,SEQ,SEQ_Figure_B9,SEQ Figure,9,fig:sconv-cec2017-d30-c caption
supplementary.docx,SEQ,SEQ_Table_A1,SEQ Table,1,tab:cec2017-functions caption
supplementary.docx,SEQ,SEQ_Table_A10,SEQ Table,10,tab:cec2011-stats caption
supplementary.docx,SEQ,SEQ_Table_A11,SEQ Table,11,tab:cec2011-perproblem caption
supplementary.docx,SEQ,SEQ_Table_A12,SEQ Table,12,tab:cec2013-d10 caption
supplementary.docx,SEQ,SEQ_Table_A13,SEQ Table,13,tab:cec2013-d30 caption
supplementary.docx,SEQ,SEQ_Table_A14,SEQ Table,14,tab:cec2013-d50 caption
supplementary.docx,SEQ,SEQ_Table_A15,SEQ Table,15,tab:cec2013_wilcoxon caption
supplementary.docx,SEQ,SEQ_Table_A16,SEQ Table,16,tab:cec2013-pairwise caption
supplementary.docx,SEQ,SEQ_Table_A17,SEQ Table,17,tab:bca-ci caption
supplementary.docx,SEQ,SEQ_Table_A18,SEQ Table,18,tab:notation-rng caption
supplementary.docx,SEQ,SEQ_Table_A19,SEQ Table,19,tab:comparator-params caption
supplementary.docx,SEQ,SEQ_Table_A2,SEQ Table,2,tab:cec2017-d10 caption
supplementary.docx,SEQ,SEQ_Table_A20,SEQ Table,20,tab:aliases caption
supplementary.docx,SEQ,SEQ_Table_A21,SEQ Table,21,tab:acronyms caption
supplementary.docx,SEQ,SEQ_Table_A22,SEQ Table,22,tab:parameters-detail caption
supplementary.docx,SEQ,SEQ_Table_A23,SEQ Table,23,tab:abl-scaffold caption
supplementary.docx,SEQ,SEQ_Table_A24,SEQ Table,24,tab:abl-wilcoxon caption
supplementary.docx,SEQ,SEQ_Table_A25,SEQ Table,25,tab:ism-isolation caption
supplementary.docx,SEQ,SEQ_Table_A26,SEQ Table,26,tab:ism-subset caption
supplementary.docx,SEQ,SEQ_Table_A27,SEQ Table,27,tab:supp:lsgo:ranks caption
supplementary.docx,SEQ,SEQ_Table_A28,SEQ Table,28,tab:supp:lsgo:wilcoxon caption
supplementary.docx,SEQ,SEQ_Table_A29,SEQ Table,29,tab:supp:lsgo:runlevel caption
supplementary.docx,SEQ,SEQ_Table_A3,SEQ Table,3,tab:cec2017-d30 caption
supplementary.docx,SEQ,SEQ_Table_A30,SEQ Table,30,tab:supp:lsgo:effects caption
supplementary.docx,SEQ,SEQ_Table_A31,SEQ Table,31,tab:supp:lsgo-detail-a caption
supplementary.docx,SEQ,SEQ_Table_A32,SEQ Table,32,tab:supp:lsgo-detail-b caption
supplementary.docx,SEQ,SEQ_Table_A33,SEQ Table,33,tab:supp:cec2020:ranks caption
supplementary.docx,SEQ,SEQ_Table_A34,SEQ Table,34,tab:supp:cec2020:omnibus caption
supplementary.docx,SEQ,SEQ_Table_A35,SEQ Table,35,tab:supp:cec2020:pairwise caption
supplementary.docx,SEQ,SEQ_Table_A36,SEQ Table,36,tab:supp:cec2020:pairwise-run caption
supplementary.docx,SEQ,SEQ_Table_A37,SEQ Table,37,tab:supp:cec2020:effects caption
supplementary.docx,SEQ,SEQ_Table_A38,SEQ Table,38,tab:supp:cec2020:robustness caption
supplementary.docx,SEQ,SEQ_Table_A39,SEQ Table,39,tab:supp:cec2020-detail-d5 caption
supplementary.docx,SEQ,SEQ_Table_A4,SEQ Table,4,tab:cec2017-d50 caption
supplementary.docx,SEQ,SEQ_Table_A40,SEQ Table,40,tab:supp:cec2020-detail-d10 caption
supplementary.docx,SEQ,SEQ_Table_A41,SEQ Table,41,tab:supp:cec2020-detail-d15 caption
supplementary.docx,SEQ,SEQ_Table_A42,SEQ Table,42,tab:supp:cec2020-detail-d20 caption
supplementary.docx,SEQ,SEQ_Table_A43,SEQ Table,43,tab:rev-e1 caption
supplementary.docx,SEQ,SEQ_Table_A44,SEQ Table,44,tab:rev-e2 caption
supplementary.docx,SEQ,SEQ_Table_A45,SEQ Table,45,tab:rev-e3 caption
supplementary.docx,SEQ,SEQ_Table_A46,SEQ Table,46,tab:rev-e4 caption
supplementary.docx,SEQ,SEQ_Table_A47,SEQ Table,47,tab:rev-e5 caption
supplementary.docx,SEQ,SEQ_Table_A5,SEQ Table,5,tab:cec2017-d100 caption
supplementary.docx,SEQ,SEQ_Table_A6,SEQ Table,6,tab:h2h_d10 caption
supplementary.docx,SEQ,SEQ_Table_A7,SEQ Table,7,tab:h2h_d30 caption
supplementary.docx,SEQ,SEQ_Table_A8,SEQ Table,8,tab:h2h_d50 caption
supplementary.docx,SEQ,SEQ_Table_A9,SEQ Table,9,tab:h2h_d100 caption
