suite,dimension,function,comparator,test_level,n_pairs,statistic,p_raw,p_bh,outcome,availability
cec2017,30,1,gsk,per_function_runlevel,51,0.000000e+00,1.000000e+00,1.000000e+00,tie,ok
cec2017,30,1,agsk,per_function_runlevel,51,0.000000e+00,1.000000e+00,1.000000e+00,tie,ok
cec2017,30,1,apgsk,per_function_runlevel,51,0.000000e+00,8.075024e-08,1.366710e-07,win,ok
cec2017,30,1,fdb-agsk,per_function_runlevel,51,0.000000e+00,1.000000e+00,1.000000e+00,tie,ok
cec2017,30,1,atmals-gsk,per_function_runlevel,51,0.000000e+00,1.000000e+00,1.000000e+00,tie,ok
cec2017,30,1,egsk,per_function_runlevel,51,0.000000e+00,1.003482e-01,1.616721e-01,tie,ok
cec2017,30,3,gsk,per_function_runlevel,51,0.000000e+00,1.827659e-06,3.533475e-06,win,ok
cec2017,30,3,agsk,per_function_runlevel,51,0.000000e+00,7.821341e-10,2.790152e-09,win,ok
cec2017,30,3,apgsk,per_function_runlevel,51,0.000000e+00,5.322937e-10,1.932060e-09,win,ok
cec2017,30,3,fdb-agsk,per_function_runlevel,51,0.000000e+00,5.322937e-10,1.932060e-09,win,ok
cec2017,30,3,atmals-gsk,per_function_runlevel,51,0.000000e+00,1.000000e+00,1.000000e+00,tie,ok
cec2017,30,3,egsk,per_function_runlevel,51,0.000000e+00,1.000000e+00,1.000000e+00,tie,ok
cec2017,30,4,gsk,per_function_runlevel,51,4.480000e+02,4.436667e-02,6.771755e-02,tie,ok
cec2017,30,4,agsk,per_function_runlevel,51,4.590000e+02,5.645567e-02,7.118324e-02,tie,ok
cec2017,30,4,apgsk,per_function_runlevel,51,3.730000e+02,6.655375e-03,7.423303e-03,loss,ok
cec2017,30,4,fdb-agsk,per_function_runlevel,51,3.870000e+02,9.811922e-03,1.138183e-02,win,ok
cec2017,30,4,atmals-gsk,per_function_runlevel,51,2.730000e+02,2.613238e-04,4.736493e-04,loss,ok
cec2017,30,4,egsk,per_function_runlevel,51,3.050000e+02,8.052712e-04,1.946072e-03,loss,ok
cec2017,30,5,gsk,per_function_runlevel,51,0.000000e+00,5.322937e-10,2.572753e-09,win,ok
cec2017,30,5,agsk,per_function_runlevel,51,0.000000e+00,5.322937e-10,2.205217e-09,win,ok
cec2017,30,5,apgsk,per_function_runlevel,51,0.000000e+00,5.322937e-10,1.932060e-09,win,ok
cec2017,30,5,fdb-agsk,per_function_runlevel,51,1.000000e+00,5.649717e-10,1.932060e-09,win,ok
cec2017,30,5,atmals-gsk,per_function_runlevel,51,0.000000e+00,5.322937e-10,3.263446e-09,win,ok
cec2017,30,5,egsk,per_function_runlevel,51,9.800000e+01,1.216866e-07,4.411139e-07,loss,ok
cec2017,30,6,gsk,per_function_runlevel,51,7.200000e+01,7.824053e-08,1.745366e-07,loss,ok
cec2017,30,6,agsk,per_function_runlevel,51,2.020000e+02,1.586520e-05,2.421530e-05,win,ok
cec2017,30,6,apgsk,per_function_runlevel,51,9.100000e+01,8.483030e-08,1.366710e-07,win,ok
cec2017,30,6,fdb-agsk,per_function_runlevel,51,5.740000e+02,4.067921e-01,4.369249e-01,tie,ok
cec2017,30,6,atmals-gsk,per_function_runlevel,51,2.600000e+01,2.436750e-09,1.009511e-08,win,ok
cec2017,30,6,egsk,per_function_runlevel,51,4.890000e+02,1.530948e-01,2.336710e-01,tie,ok
cec2017,30,7,gsk,per_function_runlevel,51,0.000000e+00,5.322937e-10,2.572753e-09,win,ok
cec2017,30,7,agsk,per_function_runlevel,51,1.000000e+01,9.621213e-10,2.790152e-09,win,ok
cec2017,30,7,apgsk,per_function_runlevel,51,2.000000e+00,5.996047e-10,1.932060e-09,win,ok
cec2017,30,7,fdb-agsk,per_function_runlevel,51,3.600000e+01,4.307377e-09,1.135581e-08,win,ok
cec2017,30,7,atmals-gsk,per_function_runlevel,51,2.220000e+02,3.645313e-05,7.551006e-05,win,ok
cec2017,30,7,egsk,per_function_runlevel,51,5.000000e+00,7.164009e-10,1.240167e-08,loss,ok
cec2017,30,8,gsk,per_function_runlevel,51,0.000000e+00,5.322937e-10,2.572753e-09,win,ok
cec2017,30,8,agsk,per_function_runlevel,51,0.000000e+00,5.322937e-10,2.205217e-09,win,ok
cec2017,30,8,apgsk,per_function_runlevel,51,0.000000e+00,5.322937e-10,1.932060e-09,win,ok
cec2017,30,8,fdb-agsk,per_function_runlevel,51,0.000000e+00,5.322937e-10,1.932060e-09,win,ok
cec2017,30,8,atmals-gsk,per_function_runlevel,51,0.000000e+00,5.322937e-10,3.263446e-09,win,ok
cec2017,30,8,egsk,per_function_runlevel,51,1.830000e+02,6.977206e-06,2.248211e-05,loss,ok
cec2017,30,9,gsk,per_function_runlevel,51,0.000000e+00,3.710933e-01,4.304682e-01,tie,ok
cec2017,30,9,agsk,per_function_runlevel,51,0.000000e+00,5.322937e-10,2.205217e-09,win,ok
cec2017,30,9,apgsk,per_function_runlevel,51,0.000000e+00,5.322937e-10,1.932060e-09,win,ok
cec2017,30,9,fdb-agsk,per_function_runlevel,51,0.000000e+00,5.322937e-10,1.932060e-09,win,ok
cec2017,30,9,atmals-gsk,per_function_runlevel,51,9.000000e+00,5.802947e-04,8.857129e-04,win,ok
cec2017,30,9,egsk,per_function_runlevel,51,2.000000e+00,7.892681e-01,9.155511e-01,tie,ok
cec2017,30,10,gsk,per_function_runlevel,51,0.000000e+00,5.322937e-10,2.572753e-09,win,ok
cec2017,30,10,agsk,per_function_runlevel,51,1.630000e+02,2.843476e-06,4.850636e-06,loss,ok
cec2017,30,10,apgsk,per_function_runlevel,51,6.000000e+01,1.632359e-08,2.958652e-08,loss,ok
cec2017,30,10,fdb-agsk,per_function_runlevel,51,1.350000e+02,7.645240e-07,1.385700e-06,loss,ok
cec2017,30,10,atmals-gsk,per_function_runlevel,51,2.350000e+02,6.148302e-05,1.188672e-04,loss,ok
cec2017,30,10,egsk,per_function_runlevel,51,7.400000e+01,3.471054e-08,1.677676e-07,win,ok
cec2017,30,11,gsk,per_function_runlevel,51,4.800000e+02,8.714426e-02,1.263592e-01,tie,ok
cec2017,30,11,agsk,per_function_runlevel,51,2.780000e+02,3.133125e-04,4.326697e-04,win,ok
cec2017,30,11,apgsk,per_function_runlevel,51,1.770000e+02,5.349001e-06,7.386715e-06,win,ok
cec2017,30,11,fdb-agsk,per_function_runlevel,51,2.820000e+02,3.617161e-04,4.995127e-04,win,ok
cec2017,30,11,atmals-gsk,per_function_runlevel,51,2.850000e+02,4.025151e-04,6.484965e-04,win,ok
cec2017,30,11,egsk,per_function_runlevel,51,3.170000e+02,1.201586e-03,2.680462e-03,loss,ok
cec2017,30,12,gsk,per_function_runlevel,51,6.080000e+02,6.094533e-01,6.545980e-01,tie,ok
cec2017,30,12,agsk,per_function_runlevel,51,5.180000e+02,1.755879e-01,2.036820e-01,tie,ok
cec2017,30,12,apgsk,per_function_runlevel,51,2.050000e+02,1.801232e-05,2.271119e-05,win,ok
cec2017,30,12,fdb-agsk,per_function_runlevel,51,3.280000e+02,1.716189e-03,2.163890e-03,win,ok
cec2017,30,12,atmals-gsk,per_function_runlevel,51,5.900000e+02,4.967726e-01,6.263655e-01,tie,ok
cec2017,30,12,egsk,per_function_runlevel,51,3.200000e+02,1.325574e-03,2.745832e-03,loss,ok
cec2017,30,13,gsk,per_function_runlevel,51,0.000000e+00,5.322937e-10,2.572753e-09,win,ok
cec2017,30,13,agsk,per_function_runlevel,51,1.300000e+01,1.147168e-09,3.024353e-09,win,ok
cec2017,30,13,apgsk,per_function_runlevel,51,5.600000e+01,1.311799e-08,2.536145e-08,win,ok
cec2017,30,13,fdb-agsk,per_function_runlevel,51,3.100000e+01,3.243223e-09,9.405346e-09,win,ok
cec2017,30,13,atmals-gsk,per_function_runlevel,51,6.400000e+01,2.028479e-08,5.882590e-08,win,ok
cec2017,30,13,egsk,per_function_runlevel,51,5.640000e+02,3.558579e-01,4.486904e-01,tie,ok
cec2017,30,14,gsk,per_function_runlevel,51,1.300000e+01,1.147168e-09,3.696431e-09,win,ok
cec2017,30,14,agsk,per_function_runlevel,51,2.270000e+02,4.464556e-05,6.473607e-05,win,ok
cec2017,30,14,apgsk,per_function_runlevel,51,1.290000e+02,5.719974e-07,8.730486e-07,win,ok
cec2017,30,14,fdb-agsk,per_function_runlevel,51,2.350000e+02,6.148302e-05,9.384250e-05,win,ok
cec2017,30,14,atmals-gsk,per_function_runlevel,51,2.070000e+02,1.959461e-05,4.371105e-05,win,ok
cec2017,30,14,egsk,per_function_runlevel,51,6.500000e+01,2.141246e-08,1.552403e-07,loss,ok
cec2017,30,15,gsk,per_function_runlevel,51,1.560000e+02,2.060339e-06,3.734365e-06,win,ok
cec2017,30,15,agsk,per_function_runlevel,51,5.100000e+01,9.961999e-09,2.063557e-08,win,ok
cec2017,30,15,apgsk,per_function_runlevel,51,4.300000e+01,6.385313e-09,1.424416e-08,win,ok
cec2017,30,15,fdb-agsk,per_function_runlevel,51,4.900000e+01,8.918221e-09,1.989449e-08,win,ok
cec2017,30,15,atmals-gsk,per_function_runlevel,51,4.200000e+01,6.037671e-09,1.945472e-08,win,ok
cec2017,30,15,egsk,per_function_runlevel,51,6.560000e+02,9.514168e-01,1.000000e+00,tie,ok
cec2017,30,16,gsk,per_function_runlevel,51,1.000000e+01,9.621213e-10,3.487690e-09,win,ok
cec2017,30,16,agsk,per_function_runlevel,51,3.200000e+01,3.433194e-09,8.296886e-09,win,ok
cec2017,30,16,apgsk,per_function_runlevel,51,1.900000e+02,9.476720e-06,1.249204e-05,win,ok
cec2017,30,16,fdb-agsk,per_function_runlevel,51,8.700000e+01,6.889674e-08,1.427147e-07,win,ok
cec2017,30,16,atmals-gsk,per_function_runlevel,51,2.760000e+02,2.914516e-04,4.971821e-04,win,ok
cec2017,30,16,egsk,per_function_runlevel,51,5.640000e+02,3.558579e-01,4.486904e-01,tie,ok
cec2017,30,17,gsk,per_function_runlevel,51,2.800000e+01,2.732681e-09,6.603979e-09,win,ok
cec2017,30,17,agsk,per_function_runlevel,51,3.600000e+01,4.307377e-09,9.608763e-09,win,ok
cec2017,30,17,apgsk,per_function_runlevel,51,2.500000e+01,2.300734e-09,5.560106e-09,win,ok
cec2017,30,17,fdb-agsk,per_function_runlevel,51,2.000000e+00,5.996047e-10,1.932060e-09,win,ok
cec2017,30,17,atmals-gsk,per_function_runlevel,51,3.800000e+01,4.822220e-09,1.748055e-08,win,ok
cec2017,30,17,egsk,per_function_runlevel,51,5.320000e+02,2.212402e-01,3.207982e-01,tie,ok
cec2017,30,18,gsk,per_function_runlevel,51,9.700000e+01,1.156030e-07,2.394634e-07,win,ok
cec2017,30,18,agsk,per_function_runlevel,51,0.000000e+00,5.322937e-10,2.205217e-09,win,ok
cec2017,30,18,apgsk,per_function_runlevel,51,0.000000e+00,5.322937e-10,1.932060e-09,win,ok
cec2017,30,18,fdb-agsk,per_function_runlevel,51,0.000000e+00,5.322937e-10,1.932060e-09,win,ok
cec2017,30,18,atmals-gsk,per_function_runlevel,51,1.020000e+02,1.492681e-07,3.935251e-07,win,ok
cec2017,30,18,egsk,per_function_runlevel,51,5.500000e+02,2.916472e-01,4.027510e-01,tie,ok
cec2017,30,19,gsk,per_function_runlevel,51,2.200000e+01,1.935570e-09,5.613153e-09,win,ok
cec2017,30,19,agsk,per_function_runlevel,51,0.000000e+00,5.322937e-10,2.205217e-09,win,ok
cec2017,30,19,apgsk,per_function_runlevel,51,0.000000e+00,5.322937e-10,1.932060e-09,win,ok
cec2017,30,19,fdb-agsk,per_function_runlevel,51,0.000000e+00,5.322937e-10,1.932060e-09,win,ok
cec2017,30,19,atmals-gsk,per_function_runlevel,51,0.000000e+00,5.322937e-10,3.263446e-09,win,ok
cec2017,30,19,egsk,per_function_runlevel,51,2.510000e+02,1.147446e-04,3.025084e-04,win,ok
cec2017,30,20,gsk,per_function_runlevel,51,2.550000e+02,1.336673e-04,2.153529e-04,win,ok
cec2017,30,20,agsk,per_function_runlevel,51,9.000000e+00,9.071719e-10,2.790152e-09,win,ok
cec2017,30,20,apgsk,per_function_runlevel,51,1.900000e+01,1.627109e-09,4.718616e-09,win,ok
cec2017,30,20,fdb-agsk,per_function_runlevel,51,4.400000e+01,6.752393e-09,1.631828e-08,win,ok
cec2017,30,20,atmals-gsk,per_function_runlevel,51,1.720000e+02,4.276517e-06,1.033492e-05,win,ok
cec2017,30,20,egsk,per_function_runlevel,51,4.480000e+02,4.436667e-02,8.041459e-02,tie,ok
cec2017,30,21,gsk,per_function_runlevel,51,0.000000e+00,5.322937e-10,2.572753e-09,win,ok
cec2017,30,21,agsk,per_function_runlevel,51,1.150000e+02,2.872346e-07,5.553202e-07,win,ok
cec2017,30,21,apgsk,per_function_runlevel,51,4.930000e+02,1.121050e-01,1.204090e-01,tie,ok
cec2017,30,21,fdb-agsk,per_function_runlevel,51,1.170000e+02,3.172608e-07,6.133709e-07,win,ok
cec2017,30,21,atmals-gsk,per_function_runlevel,51,4.000000e+00,6.751958e-10,3.263446e-09,win,ok
cec2017,30,21,egsk,per_function_runlevel,51,8.100000e+01,5.029901e-08,2.083816e-07,loss,ok
cec2017,30,22,gsk,per_function_runlevel,51,0.000000e+00,1.000000e+00,1.000000e+00,tie,ok
cec2017,30,22,agsk,per_function_runlevel,51,0.000000e+00,1.000000e+00,1.000000e+00,tie,ok
cec2017,30,22,apgsk,per_function_runlevel,51,0.000000e+00,7.266200e-04,8.428791e-04,win,ok
cec2017,30,22,fdb-agsk,per_function_runlevel,51,0.000000e+00,3.857426e-03,4.661056e-03,win,ok
cec2017,30,22,atmals-gsk,per_function_runlevel,51,0.000000e+00,1.000000e+00,1.000000e+00,tie,ok
cec2017,30,22,egsk,per_function_runlevel,51,0.000000e+00,1.000000e+00,1.000000e+00,tie,ok
cec2017,30,23,gsk,per_function_runlevel,51,2.800000e+01,2.732681e-09,6.603979e-09,win,ok
cec2017,30,23,agsk,per_function_runlevel,51,0.000000e+00,5.322937e-10,2.205217e-09,win,ok
cec2017,30,23,apgsk,per_function_runlevel,51,1.000000e+00,5.649717e-10,1.932060e-09,win,ok
cec2017,30,23,fdb-agsk,per_function_runlevel,51,2.000000e+00,5.996047e-10,1.932060e-09,win,ok
cec2017,30,23,atmals-gsk,per_function_runlevel,51,0.000000e+00,5.322937e-10,3.263446e-09,win,ok
cec2017,30,23,egsk,per_function_runlevel,51,7.100000e+01,2.957083e-08,1.677676e-07,loss,ok
cec2017,30,24,gsk,per_function_runlevel,51,3.000000e+00,6.363059e-10,2.636124e-09,win,ok
cec2017,30,24,agsk,per_function_runlevel,51,0.000000e+00,5.322937e-10,2.205217e-09,win,ok
cec2017,30,24,apgsk,per_function_runlevel,51,0.000000e+00,5.322937e-10,1.932060e-09,win,ok
cec2017,30,24,fdb-agsk,per_function_runlevel,51,0.000000e+00,5.322937e-10,1.932060e-09,win,ok
cec2017,30,24,atmals-gsk,per_function_runlevel,51,3.000000e+00,6.363059e-10,3.263446e-09,win,ok
cec2017,30,24,egsk,per_function_runlevel,51,1.910000e+02,9.897106e-06,2.870161e-05,loss,ok
cec2017,30,25,gsk,per_function_runlevel,51,5.480000e+02,2.831537e-01,3.570198e-01,tie,ok
cec2017,30,25,agsk,per_function_runlevel,51,4.650000e+02,6.413208e-02,7.749293e-02,tie,ok
cec2017,30,25,apgsk,per_function_runlevel,51,5.360000e+02,2.357237e-01,2.441424e-01,tie,ok
cec2017,30,25,fdb-agsk,per_function_runlevel,51,2.670000e+02,2.096183e-04,3.039465e-04,loss,ok
cec2017,30,25,atmals-gsk,per_function_runlevel,51,4.970000e+02,1.208277e-01,1.668573e-01,tie,ok
cec2017,30,25,egsk,per_function_runlevel,51,4.400000e+02,3.701507e-02,7.156247e-02,tie,ok
cec2017,30,26,gsk,per_function_runlevel,51,1.880000e+02,8.686561e-06,1.481825e-05,loss,ok
cec2017,30,26,agsk,per_function_runlevel,51,1.310000e+02,6.302901e-07,1.142401e-06,loss,ok
cec2017,30,26,apgsk,per_function_runlevel,51,5.100000e+01,9.961999e-09,2.063557e-08,loss,ok
cec2017,30,26,fdb-agsk,per_function_runlevel,51,2.260000e+02,4.287878e-05,6.908248e-05,loss,ok
cec2017,30,26,atmals-gsk,per_function_runlevel,51,5.340000e+02,2.284002e-01,3.010730e-01,tie,ok
cec2017,30,26,egsk,per_function_runlevel,51,8.000000e+00,8.552874e-10,1.240167e-08,loss,ok
cec2017,30,27,gsk,per_function_runlevel,51,5.520000e+02,3.003104e-01,3.628751e-01,tie,ok
cec2017,30,27,agsk,per_function_runlevel,51,5.640000e+02,3.558579e-01,3.822177e-01,tie,ok
cec2017,30,27,apgsk,per_function_runlevel,51,2.400000e+01,2.172123e-09,5.560106e-09,win,ok
cec2017,30,27,fdb-agsk,per_function_runlevel,51,1.580000e+02,2.259941e-06,3.855193e-06,win,ok
cec2017,30,27,atmals-gsk,per_function_runlevel,51,4.060000e+02,1.620371e-02,2.349538e-02,win,ok
cec2017,30,27,egsk,per_function_runlevel,51,6.270000e+02,7.393170e-01,8.933414e-01,tie,ok
cec2017,30,28,gsk,per_function_runlevel,51,4.300000e+01,2.052038e-01,2.733986e-01,tie,ok
cec2017,30,28,agsk,per_function_runlevel,51,5.500000e+01,1.913791e-01,2.134613e-01,tie,ok
cec2017,30,28,apgsk,per_function_runlevel,51,2.770000e+02,3.832427e-01,3.832427e-01,tie,ok
cec2017,30,28,fdb-agsk,per_function_runlevel,51,1.420000e+02,8.303243e-01,8.599788e-01,tie,ok
cec2017,30,28,atmals-gsk,per_function_runlevel,51,1.090000e+02,8.348028e-01,9.683713e-01,tie,ok
cec2017,30,28,egsk,per_function_runlevel,51,5.100000e+01,8.002597e-02,1.365149e-01,tie,ok
cec2017,30,29,gsk,per_function_runlevel,51,5.930000e+02,5.147521e-01,5.741466e-01,tie,ok
cec2017,30,29,agsk,per_function_runlevel,51,1.770000e+02,5.349001e-06,8.617835e-06,win,ok
cec2017,30,29,apgsk,per_function_runlevel,51,2.150000e+02,2.734914e-05,3.304688e-05,win,ok
cec2017,30,29,fdb-agsk,per_function_runlevel,51,3.220000e+02,1.414680e-03,1.864805e-03,win,ok
cec2017,30,29,atmals-gsk,per_function_runlevel,51,6.360000e+02,8.038275e-01,9.683713e-01,tie,ok
cec2017,30,29,egsk,per_function_runlevel,51,6.500000e+01,2.141246e-08,1.552403e-07,loss,ok
cec2017,30,30,gsk,per_function_runlevel,51,5.280000e+02,2.074058e-01,2.733986e-01,tie,ok
cec2017,30,30,agsk,per_function_runlevel,51,3.700000e+02,6.111596e-03,8.056195e-03,win,ok
cec2017,30,30,apgsk,per_function_runlevel,51,1.580000e+02,2.259941e-06,3.276914e-06,win,ok
cec2017,30,30,fdb-agsk,per_function_runlevel,51,3.970000e+02,1.282274e-02,1.430229e-02,win,ok
cec2017,30,30,atmals-gsk,per_function_runlevel,51,6.630000e+02,1.000000e+00,1.000000e+00,tie,ok
cec2017,30,30,egsk,per_function_runlevel,51,6.510000e+02,9.141583e-01,1.000000e+00,tie,ok
