suite,dimension,function,comparator,test_level,n_pairs,statistic,p_raw,p_holm,outcome,availability
cec2017,100,1,gsk,per_function_runlevel,51,0.000000e+00,5.322937e-10,1.543652e-08,win,ok
cec2017,100,1,agsk,per_function_runlevel,51,3.140000e+02,1.088390e-03,7.618730e-03,win,ok
cec2017,100,1,apgsk,per_function_runlevel,51,0.000000e+00,5.322937e-10,1.543652e-08,win,ok
cec2017,100,1,fdb-agsk,per_function_runlevel,51,4.690000e+02,6.971367e-02,4.182820e-01,tie,ok
cec2017,100,1,atmals-gsk,per_function_runlevel,51,5.170000e+02,1.726182e-01,1.000000e+00,tie,ok
cec2017,100,1,egsk,per_function_runlevel,51,2.700000e+01,2.580588e-09,4.128940e-08,win,ok
cec2017,100,3,gsk,per_function_runlevel,51,0.000000e+00,5.322937e-10,1.543652e-08,win,ok
cec2017,100,3,agsk,per_function_runlevel,51,0.000000e+00,5.322937e-10,1.543652e-08,win,ok
cec2017,100,3,apgsk,per_function_runlevel,51,0.000000e+00,5.322937e-10,1.543652e-08,win,ok
cec2017,100,3,fdb-agsk,per_function_runlevel,51,0.000000e+00,5.322937e-10,1.543652e-08,win,ok
cec2017,100,3,atmals-gsk,per_function_runlevel,51,6.540000e+02,9.364960e-01,1.000000e+00,tie,ok
cec2017,100,3,egsk,per_function_runlevel,51,0.000000e+00,5.322937e-10,1.543652e-08,loss,ok
cec2017,100,4,gsk,per_function_runlevel,51,4.770000e+02,8.207372e-02,4.924423e-01,tie,ok
cec2017,100,4,agsk,per_function_runlevel,51,3.930000e+02,1.153209e-02,6.919251e-02,tie,ok
cec2017,100,4,apgsk,per_function_runlevel,51,5.250000e+02,1.974498e-01,5.923494e-01,tie,ok
cec2017,100,4,fdb-agsk,per_function_runlevel,51,5.780000e+02,4.283268e-01,1.000000e+00,tie,ok
cec2017,100,4,atmals-gsk,per_function_runlevel,51,6.200000e+02,6.903558e-01,1.000000e+00,tie,ok
cec2017,100,4,egsk,per_function_runlevel,51,0.000000e+00,5.322937e-10,1.543652e-08,loss,ok
cec2017,100,5,gsk,per_function_runlevel,51,1.580000e+02,2.259941e-06,2.711929e-05,win,ok
cec2017,100,5,agsk,per_function_runlevel,51,0.000000e+00,5.322937e-10,1.543652e-08,win,ok
cec2017,100,5,apgsk,per_function_runlevel,51,0.000000e+00,5.322937e-10,1.543652e-08,win,ok
cec2017,100,5,fdb-agsk,per_function_runlevel,51,0.000000e+00,5.322937e-10,1.543652e-08,win,ok
cec2017,100,5,atmals-gsk,per_function_runlevel,51,0.000000e+00,5.322937e-10,1.543652e-08,win,ok
cec2017,100,5,egsk,per_function_runlevel,51,6.180000e+02,6.765913e-01,1.000000e+00,tie,ok
cec2017,100,6,gsk,per_function_runlevel,51,6.230000e+02,7.111949e-01,1.000000e+00,tie,ok
cec2017,100,6,agsk,per_function_runlevel,51,0.000000e+00,5.322937e-10,1.543652e-08,win,ok
cec2017,100,6,apgsk,per_function_runlevel,51,0.000000e+00,5.322937e-10,1.543652e-08,win,ok
cec2017,100,6,fdb-agsk,per_function_runlevel,51,0.000000e+00,5.322937e-10,1.543652e-08,win,ok
cec2017,100,6,atmals-gsk,per_function_runlevel,51,0.000000e+00,5.322937e-10,1.543652e-08,win,ok
cec2017,100,6,egsk,per_function_runlevel,51,9.000000e+00,9.071719e-10,1.814344e-08,win,ok
cec2017,100,7,gsk,per_function_runlevel,51,0.000000e+00,5.322937e-10,1.543652e-08,win,ok
cec2017,100,7,agsk,per_function_runlevel,51,0.000000e+00,5.322937e-10,1.543652e-08,win,ok
cec2017,100,7,apgsk,per_function_runlevel,51,0.000000e+00,5.322937e-10,1.543652e-08,win,ok
cec2017,100,7,fdb-agsk,per_function_runlevel,51,0.000000e+00,5.322937e-10,1.543652e-08,win,ok
cec2017,100,7,atmals-gsk,per_function_runlevel,51,0.000000e+00,5.322937e-10,1.543652e-08,win,ok
cec2017,100,7,egsk,per_function_runlevel,51,2.460000e+02,9.463460e-05,8.517114e-04,win,ok
cec2017,100,8,gsk,per_function_runlevel,51,1.260000e+02,4.941943e-07,6.918720e-06,win,ok
cec2017,100,8,agsk,per_function_runlevel,51,0.000000e+00,5.322937e-10,1.543652e-08,win,ok
cec2017,100,8,apgsk,per_function_runlevel,51,0.000000e+00,5.322937e-10,1.543652e-08,win,ok
cec2017,100,8,fdb-agsk,per_function_runlevel,51,0.000000e+00,5.322937e-10,1.543652e-08,win,ok
cec2017,100,8,atmals-gsk,per_function_runlevel,51,0.000000e+00,5.322937e-10,1.543652e-08,win,ok
cec2017,100,8,egsk,per_function_runlevel,51,4.940000e+02,1.142377e-01,5.711883e-01,tie,ok
cec2017,100,9,gsk,per_function_runlevel,51,0.000000e+00,5.322937e-10,1.543652e-08,win,ok
cec2017,100,9,agsk,per_function_runlevel,51,0.000000e+00,5.322937e-10,1.543652e-08,win,ok
cec2017,100,9,apgsk,per_function_runlevel,51,0.000000e+00,5.322937e-10,1.543652e-08,win,ok
cec2017,100,9,fdb-agsk,per_function_runlevel,51,0.000000e+00,5.322937e-10,1.543652e-08,win,ok
cec2017,100,9,atmals-gsk,per_function_runlevel,51,0.000000e+00,5.322937e-10,1.543652e-08,win,ok
cec2017,100,9,egsk,per_function_runlevel,51,0.000000e+00,5.322937e-10,1.543652e-08,win,ok
cec2017,100,10,gsk,per_function_runlevel,51,0.000000e+00,5.322937e-10,1.543652e-08,win,ok
cec2017,100,10,agsk,per_function_runlevel,51,0.000000e+00,5.322937e-10,1.543652e-08,win,ok
cec2017,100,10,apgsk,per_function_runlevel,51,0.000000e+00,5.322937e-10,1.543652e-08,win,ok
cec2017,100,10,fdb-agsk,per_function_runlevel,51,0.000000e+00,5.322937e-10,1.543652e-08,win,ok
cec2017,100,10,atmals-gsk,per_function_runlevel,51,2.300000e+02,5.036948e-05,5.036948e-04,win,ok
cec2017,100,10,egsk,per_function_runlevel,51,1.400000e+01,1.216238e-09,2.189228e-08,win,ok
cec2017,100,11,gsk,per_function_runlevel,51,3.320000e+02,1.948906e-03,1.754015e-02,win,ok
cec2017,100,11,agsk,per_function_runlevel,51,0.000000e+00,5.322937e-10,1.543652e-08,win,ok
cec2017,100,11,apgsk,per_function_runlevel,51,0.000000e+00,5.322937e-10,1.543652e-08,win,ok
cec2017,100,11,fdb-agsk,per_function_runlevel,51,0.000000e+00,5.322937e-10,1.543652e-08,win,ok
cec2017,100,11,atmals-gsk,per_function_runlevel,51,0.000000e+00,5.322937e-10,1.543652e-08,win,ok
cec2017,100,11,egsk,per_function_runlevel,51,2.190000e+02,3.224569e-05,3.547026e-04,loss,ok
cec2017,100,12,gsk,per_function_runlevel,51,1.520000e+02,1.710728e-06,2.223946e-05,loss,ok
cec2017,100,12,agsk,per_function_runlevel,51,4.000000e+01,5.396753e-09,5.396753e-08,win,ok
cec2017,100,12,apgsk,per_function_runlevel,51,0.000000e+00,5.322937e-10,1.543652e-08,win,ok
cec2017,100,12,fdb-agsk,per_function_runlevel,51,0.000000e+00,5.322937e-10,1.543652e-08,win,ok
cec2017,100,12,atmals-gsk,per_function_runlevel,51,6.500000e+02,9.067266e-01,1.000000e+00,tie,ok
cec2017,100,12,egsk,per_function_runlevel,51,0.000000e+00,5.322937e-10,1.543652e-08,win,ok
cec2017,100,13,gsk,per_function_runlevel,51,5.630000e+02,3.509955e-01,1.000000e+00,tie,ok
cec2017,100,13,agsk,per_function_runlevel,51,5.090000e+02,1.501996e-01,6.007984e-01,tie,ok
cec2017,100,13,apgsk,per_function_runlevel,51,3.030000e+02,7.524406e-04,3.762203e-03,win,ok
cec2017,100,13,fdb-agsk,per_function_runlevel,51,5.090000e+02,1.501996e-01,7.509979e-01,tie,ok
cec2017,100,13,atmals-gsk,per_function_runlevel,51,6.630000e+02,1.000000e+00,1.000000e+00,tie,ok
cec2017,100,13,egsk,per_function_runlevel,51,0.000000e+00,5.322937e-10,1.543652e-08,loss,ok
cec2017,100,14,gsk,per_function_runlevel,51,0.000000e+00,5.322937e-10,1.543652e-08,win,ok
cec2017,100,14,agsk,per_function_runlevel,51,0.000000e+00,5.322937e-10,1.543652e-08,win,ok
cec2017,100,14,apgsk,per_function_runlevel,51,0.000000e+00,5.322937e-10,1.543652e-08,win,ok
cec2017,100,14,fdb-agsk,per_function_runlevel,51,0.000000e+00,5.322937e-10,1.543652e-08,win,ok
cec2017,100,14,atmals-gsk,per_function_runlevel,51,0.000000e+00,5.322937e-10,1.543652e-08,win,ok
cec2017,100,14,egsk,per_function_runlevel,51,5.690000e+02,3.808021e-01,1.000000e+00,tie,ok
cec2017,100,15,gsk,per_function_runlevel,51,2.960000e+02,5.918311e-04,5.918311e-03,win,ok
cec2017,100,15,agsk,per_function_runlevel,51,2.480000e+02,1.022425e-04,8.179403e-04,win,ok
cec2017,100,15,apgsk,per_function_runlevel,51,7.100000e+01,2.957083e-08,2.365666e-07,win,ok
cec2017,100,15,fdb-agsk,per_function_runlevel,51,1.130000e+02,2.599617e-07,2.599617e-06,win,ok
cec2017,100,15,atmals-gsk,per_function_runlevel,51,1.250000e+02,4.706071e-07,6.588500e-06,win,ok
cec2017,100,15,egsk,per_function_runlevel,51,0.000000e+00,5.322937e-10,1.543652e-08,loss,ok
cec2017,100,16,gsk,per_function_runlevel,51,6.240000e+02,7.181904e-01,1.000000e+00,tie,ok
cec2017,100,16,agsk,per_function_runlevel,51,0.000000e+00,5.322937e-10,1.543652e-08,win,ok
cec2017,100,16,apgsk,per_function_runlevel,51,1.040000e+02,1.652371e-07,9.914223e-07,win,ok
cec2017,100,16,fdb-agsk,per_function_runlevel,51,1.000000e+00,5.649717e-10,1.543652e-08,win,ok
cec2017,100,16,atmals-gsk,per_function_runlevel,51,3.540000e+02,3.831592e-03,2.682115e-02,win,ok
cec2017,100,16,egsk,per_function_runlevel,51,0.000000e+00,5.322937e-10,1.543652e-08,loss,ok
cec2017,100,17,gsk,per_function_runlevel,51,0.000000e+00,5.322937e-10,1.543652e-08,win,ok
cec2017,100,17,agsk,per_function_runlevel,51,3.000000e+00,6.363059e-10,1.543652e-08,win,ok
cec2017,100,17,apgsk,per_function_runlevel,51,7.600000e+01,3.860777e-08,2.702544e-07,win,ok
cec2017,100,17,fdb-agsk,per_function_runlevel,51,3.200000e+01,3.433194e-09,3.776513e-08,win,ok
cec2017,100,17,atmals-gsk,per_function_runlevel,51,5.300000e+01,1.112413e-08,1.779861e-07,win,ok
cec2017,100,17,egsk,per_function_runlevel,51,5.980000e+02,5.454523e-01,1.000000e+00,tie,ok
cec2017,100,18,gsk,per_function_runlevel,51,0.000000e+00,5.322937e-10,1.543652e-08,win,ok
cec2017,100,18,agsk,per_function_runlevel,51,0.000000e+00,5.322937e-10,1.543652e-08,win,ok
cec2017,100,18,apgsk,per_function_runlevel,51,0.000000e+00,5.322937e-10,1.543652e-08,win,ok
cec2017,100,18,fdb-agsk,per_function_runlevel,51,0.000000e+00,5.322937e-10,1.543652e-08,win,ok
cec2017,100,18,atmals-gsk,per_function_runlevel,51,2.000000e+00,5.996047e-10,1.543652e-08,win,ok
cec2017,100,18,egsk,per_function_runlevel,51,1.020000e+02,1.492681e-07,1.940486e-06,loss,ok
cec2017,100,19,gsk,per_function_runlevel,51,1.610000e+02,2.594531e-06,2.853984e-05,win,ok
cec2017,100,19,agsk,per_function_runlevel,51,4.310000e+02,3.000995e-02,1.500498e-01,tie,ok
cec2017,100,19,apgsk,per_function_runlevel,51,5.390000e+02,2.470180e-01,5.923494e-01,tie,ok
cec2017,100,19,fdb-agsk,per_function_runlevel,51,5.580000e+02,3.273195e-01,1.000000e+00,tie,ok
cec2017,100,19,atmals-gsk,per_function_runlevel,51,1.220000e+02,4.061809e-07,6.092714e-06,win,ok
cec2017,100,19,egsk,per_function_runlevel,51,2.260000e+02,4.287878e-05,4.287878e-04,loss,ok
cec2017,100,20,gsk,per_function_runlevel,51,0.000000e+00,5.322937e-10,1.543652e-08,win,ok
cec2017,100,20,agsk,per_function_runlevel,51,1.000000e+00,5.649717e-10,1.543652e-08,win,ok
cec2017,100,20,apgsk,per_function_runlevel,51,5.600000e+01,1.311799e-08,1.180619e-07,win,ok
cec2017,100,20,fdb-agsk,per_function_runlevel,51,1.360000e+02,8.021611e-07,7.219450e-06,win,ok
cec2017,100,20,atmals-gsk,per_function_runlevel,51,1.500000e+01,1.289355e-09,2.320839e-08,win,ok
cec2017,100,20,egsk,per_function_runlevel,51,3.300000e+01,3.633982e-09,5.450973e-08,win,ok
cec2017,100,21,gsk,per_function_runlevel,51,4.790000e+02,8.542671e-02,4.924423e-01,tie,ok
cec2017,100,21,agsk,per_function_runlevel,51,0.000000e+00,5.322937e-10,1.543652e-08,win,ok
cec2017,100,21,apgsk,per_function_runlevel,51,0.000000e+00,5.322937e-10,1.543652e-08,win,ok
cec2017,100,21,fdb-agsk,per_function_runlevel,51,0.000000e+00,5.322937e-10,1.543652e-08,win,ok
cec2017,100,21,atmals-gsk,per_function_runlevel,51,0.000000e+00,5.322937e-10,1.543652e-08,win,ok
cec2017,100,21,egsk,per_function_runlevel,51,3.940000e+02,1.184345e-02,7.106071e-02,tie,ok
cec2017,100,22,gsk,per_function_runlevel,51,0.000000e+00,5.322937e-10,1.543652e-08,win,ok
cec2017,100,22,agsk,per_function_runlevel,51,0.000000e+00,5.322937e-10,1.543652e-08,win,ok
cec2017,100,22,apgsk,per_function_runlevel,51,0.000000e+00,5.322937e-10,1.543652e-08,win,ok
cec2017,100,22,fdb-agsk,per_function_runlevel,51,0.000000e+00,5.322937e-10,1.543652e-08,win,ok
cec2017,100,22,atmals-gsk,per_function_runlevel,51,1.760000e+02,5.115753e-06,6.138903e-05,win,ok
cec2017,100,22,egsk,per_function_runlevel,51,4.000000e+00,6.751958e-10,1.543652e-08,win,ok
cec2017,100,23,gsk,per_function_runlevel,51,1.000000e+00,5.649717e-10,1.543652e-08,loss,ok
cec2017,100,23,agsk,per_function_runlevel,51,0.000000e+00,5.322937e-10,1.543652e-08,win,ok
cec2017,100,23,apgsk,per_function_runlevel,51,0.000000e+00,5.322937e-10,1.543652e-08,win,ok
cec2017,100,23,fdb-agsk,per_function_runlevel,51,0.000000e+00,5.322937e-10,1.543652e-08,win,ok
cec2017,100,23,atmals-gsk,per_function_runlevel,51,1.600000e+02,2.478040e-06,3.221452e-05,win,ok
cec2017,100,23,egsk,per_function_runlevel,51,1.000000e+00,5.649717e-10,1.543652e-08,loss,ok
cec2017,100,24,gsk,per_function_runlevel,51,0.000000e+00,5.322937e-10,1.543652e-08,loss,ok
cec2017,100,24,agsk,per_function_runlevel,51,0.000000e+00,5.322937e-10,1.543652e-08,win,ok
cec2017,100,24,apgsk,per_function_runlevel,51,0.000000e+00,5.322937e-10,1.543652e-08,win,ok
cec2017,100,24,fdb-agsk,per_function_runlevel,51,0.000000e+00,5.322937e-10,1.543652e-08,win,ok
cec2017,100,24,atmals-gsk,per_function_runlevel,51,2.200000e+01,1.935570e-09,3.290469e-08,win,ok
cec2017,100,24,egsk,per_function_runlevel,51,5.500000e+01,1.241759e-08,1.738463e-07,loss,ok
cec2017,100,25,gsk,per_function_runlevel,51,5.650000e+02,3.607625e-01,1.000000e+00,tie,ok
cec2017,100,25,agsk,per_function_runlevel,51,6.530000e+02,9.290437e-01,1.000000e+00,tie,ok
cec2017,100,25,apgsk,per_function_runlevel,51,4.440000e+02,4.054982e-02,1.621993e-01,tie,ok
cec2017,100,25,fdb-agsk,per_function_runlevel,51,4.360000e+02,3.374617e-02,2.362232e-01,tie,ok
cec2017,100,25,atmals-gsk,per_function_runlevel,51,5.680000e+02,3.757292e-01,1.000000e+00,tie,ok
cec2017,100,25,egsk,per_function_runlevel,51,6.060000e+02,5.963887e-01,1.000000e+00,tie,ok
cec2017,100,26,gsk,per_function_runlevel,51,6.300000e+01,1.921487e-08,3.074380e-07,loss,ok
cec2017,100,26,agsk,per_function_runlevel,51,0.000000e+00,5.322937e-10,1.543652e-08,win,ok
cec2017,100,26,apgsk,per_function_runlevel,51,0.000000e+00,5.322937e-10,1.543652e-08,win,ok
cec2017,100,26,fdb-agsk,per_function_runlevel,51,0.000000e+00,5.322937e-10,1.543652e-08,win,ok
cec2017,100,26,atmals-gsk,per_function_runlevel,51,1.000000e+00,5.649717e-10,1.543652e-08,win,ok
cec2017,100,26,egsk,per_function_runlevel,51,2.930000e+02,5.332984e-04,4.266388e-03,loss,ok
cec2017,100,27,gsk,per_function_runlevel,51,1.140000e+02,2.732697e-07,4.099046e-06,win,ok
cec2017,100,27,agsk,per_function_runlevel,51,6.480000e+02,8.918882e-01,1.000000e+00,tie,ok
cec2017,100,27,apgsk,per_function_runlevel,51,0.000000e+00,5.322937e-10,1.543652e-08,win,ok
cec2017,100,27,fdb-agsk,per_function_runlevel,51,6.100000e+02,6.226437e-01,1.000000e+00,tie,ok
cec2017,100,27,atmals-gsk,per_function_runlevel,51,0.000000e+00,5.322937e-10,1.543652e-08,win,ok
cec2017,100,27,egsk,per_function_runlevel,51,1.800000e+01,1.535364e-09,2.610119e-08,win,ok
cec2017,100,28,gsk,per_function_runlevel,51,3.630000e+02,4.995164e-03,3.996131e-02,loss,ok
cec2017,100,28,agsk,per_function_runlevel,51,5.120000e+02,1.583312e-01,6.007984e-01,tie,ok
cec2017,100,28,apgsk,per_function_runlevel,51,5.810000e+02,4.449043e-01,5.923494e-01,tie,ok
cec2017,100,28,fdb-agsk,per_function_runlevel,51,5.650000e+02,3.607625e-01,1.000000e+00,tie,ok
cec2017,100,28,atmals-gsk,per_function_runlevel,51,3.140000e+02,1.088390e-03,8.707120e-03,loss,ok
cec2017,100,28,egsk,per_function_runlevel,51,9.000000e+00,9.071719e-10,1.814344e-08,loss,ok
cec2017,100,29,gsk,per_function_runlevel,51,1.100000e+01,1.020312e-09,1.734530e-08,loss,ok
cec2017,100,29,agsk,per_function_runlevel,51,0.000000e+00,5.322937e-10,1.543652e-08,win,ok
cec2017,100,29,apgsk,per_function_runlevel,51,0.000000e+00,5.322937e-10,1.543652e-08,win,ok
cec2017,100,29,fdb-agsk,per_function_runlevel,51,1.000000e+00,5.649717e-10,1.543652e-08,win,ok
cec2017,100,29,atmals-gsk,per_function_runlevel,51,2.480000e+02,1.022425e-04,9.201828e-04,win,ok
cec2017,100,29,egsk,per_function_runlevel,51,1.310000e+02,6.302901e-07,7.563482e-06,loss,ok
cec2017,100,30,gsk,per_function_runlevel,51,3.970000e+02,1.282274e-02,8.975919e-02,tie,ok
cec2017,100,30,agsk,per_function_runlevel,51,1.740000e+02,4.678140e-06,4.210326e-05,win,ok
cec2017,100,30,apgsk,per_function_runlevel,51,1.700000e+01,1.448669e-09,1.543652e-08,win,ok
cec2017,100,30,fdb-agsk,per_function_runlevel,51,2.990000e+02,6.562995e-04,5.250396e-03,win,ok
cec2017,100,30,atmals-gsk,per_function_runlevel,51,1.930000e+02,1.079192e-05,1.187111e-04,loss,ok
cec2017,100,30,egsk,per_function_runlevel,51,3.530000e+02,3.718828e-03,2.603180e-02,win,ok
