optimizer,suite,function,dimension,run,seed,best_fitness,error,nfes,termination,runtime_seconds
dt-gsk,cec2017,1,30,1,52240781,1.0000000000e+02,0.0000000000e+00,300000,max_evaluations,16.821821
dt-gsk,cec2017,1,30,2,53240818,1.0000000000e+02,0.0000000000e+00,300000,max_evaluations,15.729001
dt-gsk,cec2017,1,30,3,54240855,1.0000000000e+02,0.0000000000e+00,300000,max_evaluations,16.200719
dt-gsk,cec2017,1,30,4,55240892,1.0000000000e+02,0.0000000000e+00,300000,max_evaluations,15.329406
dt-gsk,cec2017,1,30,5,56240929,1.0000000000e+02,0.0000000000e+00,300000,max_evaluations,15.513688
dt-gsk,cec2017,1,30,6,57240966,1.0000000000e+02,0.0000000000e+00,300000,max_evaluations,15.865105
dt-gsk,cec2017,1,30,7,58241003,1.0000000000e+02,0.0000000000e+00,300000,max_evaluations,16.049844
dt-gsk,cec2017,1,30,8,59241040,1.0000000000e+02,0.0000000000e+00,300000,max_evaluations,15.999264
dt-gsk,cec2017,1,30,9,60241077,1.0000000000e+02,0.0000000000e+00,300000,max_evaluations,16.076733
dt-gsk,cec2017,1,30,10,61241114,1.0000000000e+02,0.0000000000e+00,300000,max_evaluations,16.110167
dt-gsk,cec2017,1,30,11,62241151,1.0000000000e+02,0.0000000000e+00,300000,max_evaluations,15.907954
dt-gsk,cec2017,1,30,12,63241188,1.0000000000e+02,0.0000000000e+00,300000,max_evaluations,15.705901
dt-gsk,cec2017,1,30,13,64241225,1.0000000000e+02,0.0000000000e+00,300000,max_evaluations,14.365366
dt-gsk,cec2017,1,30,14,65241262,1.0000000000e+02,0.0000000000e+00,300000,max_evaluations,15.513930
dt-gsk,cec2017,1,30,15,66241299,1.0000000000e+02,0.0000000000e+00,300000,max_evaluations,15.432134
dt-gsk,cec2017,3,30,1,54240847,3.0000000000e+02,0.0000000000e+00,300000,max_evaluations,12.226789
dt-gsk,cec2017,3,30,2,55240884,3.0000000000e+02,0.0000000000e+00,300000,max_evaluations,12.190417
dt-gsk,cec2017,3,30,3,56240921,3.0000000000e+02,0.0000000000e+00,300000,max_evaluations,13.811164
dt-gsk,cec2017,3,30,4,57240958,3.0000000000e+02,0.0000000000e+00,300000,max_evaluations,13.512343
dt-gsk,cec2017,3,30,5,58240995,3.0000000000e+02,0.0000000000e+00,300000,max_evaluations,13.632394
dt-gsk,cec2017,3,30,6,59241032,3.0000000000e+02,0.0000000000e+00,300000,max_evaluations,12.794720
dt-gsk,cec2017,3,30,7,60241069,3.0000000000e+02,0.0000000000e+00,300000,max_evaluations,12.196640
dt-gsk,cec2017,3,30,8,61241106,3.0000000000e+02,0.0000000000e+00,300000,max_evaluations,13.526781
dt-gsk,cec2017,3,30,9,62241143,3.0000000000e+02,0.0000000000e+00,300000,max_evaluations,13.364537
dt-gsk,cec2017,3,30,10,63241180,3.0000000000e+02,0.0000000000e+00,300000,max_evaluations,13.220232
dt-gsk,cec2017,3,30,11,64241217,3.0000000000e+02,0.0000000000e+00,300000,max_evaluations,13.525201
dt-gsk,cec2017,3,30,12,65241254,3.0000000000e+02,0.0000000000e+00,300000,max_evaluations,13.414435
dt-gsk,cec2017,3,30,13,66241291,3.0000000000e+02,0.0000000000e+00,300000,max_evaluations,12.948385
dt-gsk,cec2017,3,30,14,67241328,3.0000000000e+02,0.0000000000e+00,300000,max_evaluations,14.023394
dt-gsk,cec2017,3,30,15,68241365,3.0000000000e+02,0.0000000000e+00,300000,max_evaluations,13.395206
dt-gsk,cec2017,4,30,1,55240880,4.0016685317e+02,1.6685316710e-01,300000,max_evaluations,12.380131
dt-gsk,cec2017,4,30,2,56240917,4.0000757951e+02,7.5795142870e-03,300000,max_evaluations,12.121764
dt-gsk,cec2017,4,30,3,57240954,4.0398662758e+02,3.9866275803e+00,300000,max_evaluations,11.955632
dt-gsk,cec2017,4,30,4,58240991,4.0399018923e+02,3.9901892291e+00,300000,max_evaluations,12.154286
dt-gsk,cec2017,4,30,5,59241028,4.0398692533e+02,3.9869253265e+00,300000,max_evaluations,13.738169
dt-gsk,cec2017,4,30,6,60241065,4.0403646784e+02,4.0364678450e+00,300000,max_evaluations,13.069848
dt-gsk,cec2017,4,30,7,61241102,4.0399855522e+02,3.9985552220e+00,300000,max_evaluations,12.779482
dt-gsk,cec2017,4,30,8,62241139,4.0398662386e+02,3.9866238635e+00,300000,max_evaluations,13.585803
dt-gsk,cec2017,4,30,9,63241176,4.5856155730e+02,5.8561557302e+01,300000,max_evaluations,13.860723
dt-gsk,cec2017,4,30,10,64241213,4.0013009174e+02,1.3009173680e-01,300000,max_evaluations,13.755289
dt-gsk,cec2017,4,30,11,65241250,4.6411739501e+02,6.4117395013e+01,300000,max_evaluations,13.265471
dt-gsk,cec2017,4,30,12,66241287,4.6411739501e+02,6.4117395013e+01,300000,max_evaluations,13.641342
dt-gsk,cec2017,4,30,13,67241324,4.0399778650e+02,3.9977864969e+00,300000,max_evaluations,13.291854
dt-gsk,cec2017,4,30,14,68241361,4.6411739501e+02,6.4117395013e+01,300000,max_evaluations,12.872704
dt-gsk,cec2017,4,30,15,69241398,4.6411739501e+02,6.4117395013e+01,300000,max_evaluations,12.493588
dt-gsk,cec2017,5,30,1,56240913,5.6566719188e+02,6.5667191883e+01,300000,max_evaluations,11.160548
dt-gsk,cec2017,5,30,2,57240950,5.1691430397e+02,1.6914303971e+01,300000,max_evaluations,12.050541
dt-gsk,cec2017,5,30,3,58240987,5.1890570963e+02,1.8905709632e+01,300000,max_evaluations,11.446778
dt-gsk,cec2017,5,30,4,59241024,5.1890620404e+02,1.8906204041e+01,300000,max_evaluations,12.255457
dt-gsk,cec2017,5,30,5,60241061,5.1591934491e+02,1.5919344913e+01,300000,max_evaluations,12.679410
dt-gsk,cec2017,5,30,6,61241098,5.1492551209e+02,1.4925512090e+01,300000,max_evaluations,11.812359
dt-gsk,cec2017,5,30,7,62241135,5.1492587169e+02,1.4925871693e+01,300000,max_evaluations,12.368821
dt-gsk,cec2017,5,30,8,63241172,5.1990363110e+02,1.9903631096e+01,300000,max_evaluations,12.796035
dt-gsk,cec2017,5,30,9,64241209,5.0995035617e+02,9.9503561716e+00,300000,max_evaluations,12.486960
dt-gsk,cec2017,5,30,10,65241246,5.2189308887e+02,2.1893088865e+01,300000,max_evaluations,12.486242
dt-gsk,cec2017,5,30,11,66241283,5.4178824010e+02,4.1788240098e+01,300000,max_evaluations,13.181767
dt-gsk,cec2017,5,30,12,67241320,5.1492438616e+02,1.4924386157e+01,300000,max_evaluations,12.952741
dt-gsk,cec2017,5,30,13,68241357,5.2487626957e+02,2.4876269574e+01,300000,max_evaluations,12.492487
dt-gsk,cec2017,5,30,14,69241394,5.5869155042e+02,5.8691550416e+01,300000,max_evaluations,13.046509
dt-gsk,cec2017,5,30,15,70241431,5.1492516302e+02,1.4925163023e+01,300000,max_evaluations,13.004841
dt-gsk,cec2017,6,30,1,57240946,6.0000000168e+02,1.6767011000e-06,300000,max_evaluations,11.858975
dt-gsk,cec2017,6,30,2,58240983,6.0000000014e+02,1.3687360000e-07,300000,max_evaluations,11.375412
dt-gsk,cec2017,6,30,3,59241020,6.0000000226e+02,2.2623874000e-06,300000,max_evaluations,13.346004
dt-gsk,cec2017,6,30,4,60241057,6.0000000086e+02,8.5545980000e-07,300000,max_evaluations,12.484094
dt-gsk,cec2017,6,30,5,61241094,6.0000001739e+02,1.7386045800e-05,300000,max_evaluations,12.308914
dt-gsk,cec2017,6,30,6,62241131,6.0000000123e+02,1.2322243000e-06,300000,max_evaluations,13.112568
dt-gsk,cec2017,6,30,7,63241168,6.0000000017e+02,1.6801680000e-07,300000,max_evaluations,12.953327
dt-gsk,cec2017,6,30,8,64241205,6.0000000000e+02,0.0000000000e+00,300000,max_evaluations,13.412351
dt-gsk,cec2017,6,30,9,65241242,6.0000000001e+02,0.0000000000e+00,300000,max_evaluations,13.030361
dt-gsk,cec2017,6,30,10,66241279,6.0000000124e+02,1.2370721000e-06,300000,max_evaluations,13.088252
dt-gsk,cec2017,6,30,11,67241316,6.0000000000e+02,0.0000000000e+00,300000,max_evaluations,13.339382
dt-gsk,cec2017,6,30,12,68241353,6.0000000055e+02,5.5010970000e-07,300000,max_evaluations,13.275682
dt-gsk,cec2017,6,30,13,69241390,6.0000000342e+02,3.4218390000e-06,300000,max_evaluations,13.301350
dt-gsk,cec2017,6,30,14,70241427,6.0000000000e+02,0.0000000000e+00,300000,max_evaluations,12.827389
dt-gsk,cec2017,6,30,15,71241464,6.0000000055e+02,5.4749420000e-07,300000,max_evaluations,13.030652
dt-gsk,cec2017,7,30,1,58240979,7.4575695685e+02,4.5756956855e+01,300000,max_evaluations,11.280689
dt-gsk,cec2017,7,30,2,59241016,7.4818445484e+02,4.8184454836e+01,300000,max_evaluations,11.309611
dt-gsk,cec2017,7,30,3,60241053,7.8450198862e+02,8.4501988615e+01,300000,max_evaluations,11.998966
dt-gsk,cec2017,7,30,4,61241090,8.0972190778e+02,1.0972190778e+02,300000,max_evaluations,11.465909
dt-gsk,cec2017,7,30,5,62241127,7.4863506133e+02,4.8635061326e+01,300000,max_evaluations,12.374687
dt-gsk,cec2017,7,30,6,63241164,8.1739724719e+02,1.1739724719e+02,300000,max_evaluations,12.749950
dt-gsk,cec2017,7,30,7,64241201,7.8066753852e+02,8.0667538520e+01,300000,max_evaluations,12.794141
dt-gsk,cec2017,7,30,8,65241238,7.4965465831e+02,4.9654658308e+01,300000,max_evaluations,12.718486
dt-gsk,cec2017,7,30,9,66241275,7.4240186749e+02,4.2401867492e+01,300000,max_evaluations,12.671939
dt-gsk,cec2017,7,30,10,67241312,7.9946647211e+02,9.9466472107e+01,300000,max_evaluations,12.873722
dt-gsk,cec2017,7,30,11,68241349,7.8434507181e+02,8.4345071813e+01,300000,max_evaluations,13.227438
dt-gsk,cec2017,7,30,12,69241386,7.4469646814e+02,4.4696468140e+01,300000,max_evaluations,12.234858
dt-gsk,cec2017,7,30,13,70241423,7.5011196849e+02,5.0111968487e+01,300000,max_evaluations,12.477000
dt-gsk,cec2017,7,30,14,71241460,7.4063391976e+02,4.0633919763e+01,300000,max_evaluations,12.586624
dt-gsk,cec2017,7,30,15,72241497,7.5226780533e+02,5.2267805327e+01,300000,max_evaluations,12.584110
dt-gsk,cec2017,8,30,1,59241012,8.1692060973e+02,1.6920609728e+01,300000,max_evaluations,11.460959
dt-gsk,cec2017,8,30,2,60241049,8.5571761643e+02,5.5717616426e+01,300000,max_evaluations,11.961297
dt-gsk,cec2017,8,30,3,61241086,8.1890421705e+02,1.8904217047e+01,300000,max_evaluations,12.143186
dt-gsk,cec2017,8,30,4,62241123,8.1592112945e+02,1.5921129454e+01,300000,max_evaluations,11.607721
dt-gsk,cec2017,8,30,5,63241160,8.7064192154e+02,7.0641921541e+01,300000,max_evaluations,13.251436
dt-gsk,cec2017,8,30,6,64241197,8.4775790843e+02,4.7757908430e+01,300000,max_evaluations,13.481389
dt-gsk,cec2017,8,30,7,65241234,8.0995001019e+02,9.9500101907e+00,300000,max_evaluations,12.789260
dt-gsk,cec2017,8,30,8,66241271,8.2189135808e+02,2.1891358082e+01,300000,max_evaluations,12.909395
dt-gsk,cec2017,8,30,9,67241308,8.2189011799e+02,2.1890117994e+01,300000,max_evaluations,12.672681
dt-gsk,cec2017,8,30,10,68241345,8.1790998559e+02,1.7909985592e+01,300000,max_evaluations,13.245374
dt-gsk,cec2017,8,30,11,69241382,8.2387900226e+02,2.3879002257e+01,300000,max_evaluations,13.230984
dt-gsk,cec2017,8,30,12,70241419,8.1890778283e+02,1.8907782826e+01,300000,max_evaluations,13.144317
dt-gsk,cec2017,8,30,13,71241456,8.2089413516e+02,2.0894135161e+01,300000,max_evaluations,13.349785
dt-gsk,cec2017,8,30,14,72241493,8.1890421705e+02,1.8904217048e+01,300000,max_evaluations,13.038068
dt-gsk,cec2017,8,30,15,73241530,8.2686494147e+02,2.6864941469e+01,300000,max_evaluations,13.311023
dt-gsk,cec2017,9,30,1,60241045,9.0000000000e+02,0.0000000000e+00,300000,max_evaluations,12.432849
dt-gsk,cec2017,9,30,2,61241082,9.0000000000e+02,0.0000000000e+00,300000,max_evaluations,11.995397
dt-gsk,cec2017,9,30,3,62241119,9.0000000000e+02,0.0000000000e+00,300000,max_evaluations,12.107498
dt-gsk,cec2017,9,30,4,63241156,9.0000000000e+02,0.0000000000e+00,300000,max_evaluations,12.660760
dt-gsk,cec2017,9,30,5,64241193,9.0000000000e+02,0.0000000000e+00,300000,max_evaluations,13.681614
dt-gsk,cec2017,9,30,6,65241230,9.0000000000e+02,0.0000000000e+00,300000,max_evaluations,13.304394
dt-gsk,cec2017,9,30,7,66241267,9.0000000000e+02,0.0000000000e+00,300000,max_evaluations,13.534394
dt-gsk,cec2017,9,30,8,67241304,9.0000000000e+02,0.0000000000e+00,300000,max_evaluations,13.537051
dt-gsk,cec2017,9,30,9,68241341,9.0000000000e+02,0.0000000000e+00,300000,max_evaluations,13.293751
dt-gsk,cec2017,9,30,10,69241378,9.0000000000e+02,0.0000000000e+00,300000,max_evaluations,13.161916
dt-gsk,cec2017,9,30,11,70241415,9.0000000000e+02,0.0000000000e+00,300000,max_evaluations,13.899620
dt-gsk,cec2017,9,30,12,71241452,9.0000000000e+02,0.0000000000e+00,300000,max_evaluations,13.868377
dt-gsk,cec2017,9,30,13,72241489,9.0000000000e+02,0.0000000000e+00,300000,max_evaluations,13.688342
dt-gsk,cec2017,9,30,14,73241526,9.0000000000e+02,0.0000000000e+00,300000,max_evaluations,13.657298
dt-gsk,cec2017,9,30,15,74241563,9.0000000000e+02,0.0000000000e+00,300000,max_evaluations,13.355622
dt-gsk,cec2017,10,30,1,61241078,3.3019723231e+03,2.3019723231e+03,300000,max_evaluations,12.629032
dt-gsk,cec2017,10,30,2,62241115,3.4161620056e+03,2.4161620056e+03,300000,max_evaluations,12.609223
dt-gsk,cec2017,10,30,3,63241152,3.2238547206e+03,2.2238547206e+03,300000,max_evaluations,12.607954
dt-gsk,cec2017,10,30,4,64241189,3.4799716214e+03,2.4799716214e+03,300000,max_evaluations,13.152372
dt-gsk,cec2017,10,30,5,65241226,4.5748868960e+03,3.5748868960e+03,300000,max_evaluations,14.391953
dt-gsk,cec2017,10,30,6,66241263,3.4970589521e+03,2.4970589521e+03,300000,max_evaluations,14.257535
dt-gsk,cec2017,10,30,7,67241300,3.8884312017e+03,2.8884312017e+03,300000,max_evaluations,13.614694
dt-gsk,cec2017,10,30,8,68241337,4.7697137047e+03,3.7697137047e+03,300000,max_evaluations,13.200245
dt-gsk,cec2017,10,30,9,69241374,3.9941525194e+03,2.9941525194e+03,300000,max_evaluations,14.303706
dt-gsk,cec2017,10,30,10,70241411,3.1624305690e+03,2.1624305690e+03,300000,max_evaluations,14.103482
dt-gsk,cec2017,10,30,11,71241448,4.1411669821e+03,3.1411669821e+03,300000,max_evaluations,14.025393
dt-gsk,cec2017,10,30,12,72241485,4.3025264701e+03,3.3025264701e+03,300000,max_evaluations,13.189689
dt-gsk,cec2017,10,30,13,73241522,4.0860680746e+03,3.0860680746e+03,300000,max_evaluations,13.877133
dt-gsk,cec2017,10,30,14,74241559,3.6532961588e+03,2.6532961588e+03,300000,max_evaluations,14.034685
dt-gsk,cec2017,10,30,15,75241596,3.9138544739e+03,2.9138544739e+03,300000,max_evaluations,13.400189
dt-gsk,cec2017,11,30,1,62241111,1.1103005765e+03,1.0300576495e+01,300000,max_evaluations,12.976663
dt-gsk,cec2017,11,30,2,63241148,1.1030149457e+03,3.0149457465e+00,300000,max_evaluations,12.489845
dt-gsk,cec2017,11,30,3,64241185,1.1050458270e+03,5.0458269757e+00,300000,max_evaluations,12.431502
dt-gsk,cec2017,11,30,4,65241222,1.1161879354e+03,1.6187935416e+01,300000,max_evaluations,12.896360
dt-gsk,cec2017,11,30,5,66241259,1.1100266195e+03,1.0026619489e+01,300000,max_evaluations,14.219715
dt-gsk,cec2017,11,30,6,67241296,1.1100153656e+03,1.0015365561e+01,300000,max_evaluations,13.694849
dt-gsk,cec2017,11,30,7,68241333,1.1083783372e+03,8.3783372185e+00,300000,max_evaluations,14.219478
dt-gsk,cec2017,11,30,8,69241370,1.1139917574e+03,1.3991757374e+01,300000,max_evaluations,14.186234
dt-gsk,cec2017,11,30,9,70241407,1.1069756081e+03,6.9756081068e+00,300000,max_evaluations,14.479785
dt-gsk,cec2017,11,30,10,71241444,1.1130295409e+03,1.3029540876e+01,300000,max_evaluations,14.285673
dt-gsk,cec2017,11,30,11,72241481,1.1081009861e+03,8.1009861436e+00,300000,max_evaluations,14.023597
dt-gsk,cec2017,11,30,12,73241518,1.1141907084e+03,1.4190708400e+01,300000,max_evaluations,14.123652
dt-gsk,cec2017,11,30,13,74241555,1.1080380449e+03,8.0380448503e+00,300000,max_evaluations,13.497266
dt-gsk,cec2017,11,30,14,75241592,1.1070842783e+03,7.0842783339e+00,300000,max_evaluations,13.899330
dt-gsk,cec2017,11,30,15,76241629,1.1042216350e+03,4.2216349758e+00,300000,max_evaluations,13.779583
dt-gsk,cec2017,12,30,1,63241144,4.3791059759e+03,3.1791059759e+03,300000,max_evaluations,13.055409
dt-gsk,cec2017,12,30,2,64241181,1.5736994343e+04,1.4536994343e+04,300000,max_evaluations,13.081238
dt-gsk,cec2017,12,30,3,65241218,2.3521507666e+03,1.1521507666e+03,300000,max_evaluations,12.917727
dt-gsk,cec2017,12,30,4,66241255,2.0425544828e+03,8.4255448285e+02,300000,max_evaluations,12.659122
dt-gsk,cec2017,12,30,5,67241292,1.8197330447e+04,1.6997330447e+04,300000,max_evaluations,14.331139
dt-gsk,cec2017,12,30,6,68241329,9.9272780689e+03,8.7272780689e+03,300000,max_evaluations,14.191986
dt-gsk,cec2017,12,30,7,69241366,3.5618636258e+03,2.3618636258e+03,300000,max_evaluations,14.777000
dt-gsk,cec2017,12,30,8,70241403,9.0065016953e+03,7.8065016953e+03,300000,max_evaluations,14.330197
dt-gsk,cec2017,12,30,9,71241440,2.4108862977e+03,1.2108862977e+03,300000,max_evaluations,14.240650
dt-gsk,cec2017,12,30,10,72241477,9.8348988118e+03,8.6348988118e+03,300000,max_evaluations,14.582352
dt-gsk,cec2017,12,30,11,73241514,4.9819089819e+03,3.7819089819e+03,300000,max_evaluations,14.802722
dt-gsk,cec2017,12,30,12,74241551,3.8486162630e+03,2.6486162630e+03,300000,max_evaluations,14.550591
dt-gsk,cec2017,12,30,13,75241588,2.9370882434e+03,1.7370882434e+03,300000,max_evaluations,14.197762
dt-gsk,cec2017,12,30,14,76241625,1.7396269497e+04,1.6196269497e+04,300000,max_evaluations,14.305280
dt-gsk,cec2017,12,30,15,77241662,1.1756013493e+04,1.0556013493e+04,300000,max_evaluations,14.602161
dt-gsk,cec2017,13,30,1,64241177,1.3213875191e+03,2.1387519097e+01,300000,max_evaluations,12.677921
dt-gsk,cec2017,13,30,2,65241214,1.3233693107e+03,2.3369310716e+01,300000,max_evaluations,12.869897
dt-gsk,cec2017,13,30,3,66241251,1.3242356178e+03,2.4235617794e+01,300000,max_evaluations,13.435471
dt-gsk,cec2017,13,30,4,67241288,1.3333046295e+03,3.3304629509e+01,300000,max_evaluations,12.574346
dt-gsk,cec2017,13,30,5,68241325,1.3172030899e+03,1.7203089905e+01,300000,max_evaluations,14.392044
dt-gsk,cec2017,13,30,6,69241362,1.3167531599e+03,1.6753159858e+01,300000,max_evaluations,14.240495
dt-gsk,cec2017,13,30,7,70241399,1.3250994987e+03,2.5099498707e+01,300000,max_evaluations,14.905752
dt-gsk,cec2017,13,30,8,71241436,1.3272555263e+03,2.7255526338e+01,300000,max_evaluations,14.461018
dt-gsk,cec2017,13,30,9,72241473,1.3294817127e+03,2.9481712716e+01,300000,max_evaluations,14.527925
dt-gsk,cec2017,13,30,10,73241510,1.3399793824e+03,3.9979382368e+01,300000,max_evaluations,14.425034
dt-gsk,cec2017,13,30,11,74241547,1.3434646185e+03,4.3464618508e+01,300000,max_evaluations,14.395447
dt-gsk,cec2017,13,30,12,75241584,1.3355872400e+03,3.5587239960e+01,300000,max_evaluations,14.486292
dt-gsk,cec2017,13,30,13,76241621,1.3124658871e+03,1.2465887060e+01,300000,max_evaluations,14.100338
dt-gsk,cec2017,13,30,14,77241658,1.3052956452e+03,5.2956451849e+00,300000,max_evaluations,14.631410
dt-gsk,cec2017,13,30,15,78241695,1.3231674642e+03,2.3167464224e+01,300000,max_evaluations,14.395220
dt-gsk,cec2017,14,30,1,65241210,1.4330540408e+03,3.3054040757e+01,300000,max_evaluations,12.930754
dt-gsk,cec2017,14,30,2,66241247,1.4268091919e+03,2.6809191864e+01,300000,max_evaluations,13.619649
dt-gsk,cec2017,14,30,3,67241284,1.4232551556e+03,2.3255155556e+01,300000,max_evaluations,13.081249
dt-gsk,cec2017,14,30,4,68241321,1.4262115198e+03,2.6211519827e+01,300000,max_evaluations,13.142190
dt-gsk,cec2017,14,30,5,69241358,1.4253660324e+03,2.5366032379e+01,300000,max_evaluations,14.587586
dt-gsk,cec2017,14,30,6,70241395,1.4252356014e+03,2.5235601431e+01,300000,max_evaluations,14.605518
dt-gsk,cec2017,14,30,7,71241432,1.4256055018e+03,2.5605501750e+01,300000,max_evaluations,14.432413
dt-gsk,cec2017,14,30,8,72241469,1.4525025426e+03,5.2502542555e+01,300000,max_evaluations,14.343817
dt-gsk,cec2017,14,30,9,73241506,1.4244892213e+03,2.4489221313e+01,300000,max_evaluations,14.536434
dt-gsk,cec2017,14,30,10,74241543,1.4250354214e+03,2.5035421386e+01,300000,max_evaluations,14.081230
dt-gsk,cec2017,14,30,11,75241580,1.4230544432e+03,2.3054443153e+01,300000,max_evaluations,14.469693
dt-gsk,cec2017,14,30,12,76241617,1.4234152555e+03,2.3415255519e+01,300000,max_evaluations,14.857389
dt-gsk,cec2017,14,30,13,77241654,1.4230359021e+03,2.3035902118e+01,300000,max_evaluations,14.351167
dt-gsk,cec2017,14,30,14,78241691,1.4307310321e+03,3.0731032132e+01,300000,max_evaluations,14.445820
dt-gsk,cec2017,14,30,15,79241728,1.4250761517e+03,2.5076151727e+01,300000,max_evaluations,14.489098
dt-gsk,cec2017,15,30,1,66241243,1.5044458662e+03,4.4458662264e+00,300000,max_evaluations,13.064575
dt-gsk,cec2017,15,30,2,67241280,1.5053839462e+03,5.3839462067e+00,300000,max_evaluations,13.258967
dt-gsk,cec2017,15,30,3,68241317,1.5037732379e+03,3.7732379269e+00,300000,max_evaluations,12.664940
dt-gsk,cec2017,15,30,4,69241354,1.5014456275e+03,1.4456274718e+00,300000,max_evaluations,13.035950
dt-gsk,cec2017,15,30,5,70241391,1.5035911939e+03,3.5911939128e+00,300000,max_evaluations,14.375211
dt-gsk,cec2017,15,30,6,71241428,1.5035600393e+03,3.5600392676e+00,300000,max_evaluations,14.507948
dt-gsk,cec2017,15,30,7,72241465,1.5092786872e+03,9.2786872102e+00,300000,max_evaluations,14.331180
dt-gsk,cec2017,15,30,8,73241502,1.5071060036e+03,7.1060036394e+00,300000,max_evaluations,14.080555
dt-gsk,cec2017,15,30,9,74241539,1.5025494268e+03,2.5494267932e+00,300000,max_evaluations,13.761153
dt-gsk,cec2017,15,30,10,75241576,1.5051685114e+03,5.1685114431e+00,300000,max_evaluations,14.275662
dt-gsk,cec2017,15,30,11,76241613,1.5034659685e+03,3.4659684929e+00,300000,max_evaluations,14.438045
dt-gsk,cec2017,15,30,12,77241650,1.5054653480e+03,5.4653480043e+00,300000,max_evaluations,14.191570
dt-gsk,cec2017,15,30,13,78241687,1.5039816697e+03,3.9816696797e+00,300000,max_evaluations,13.676041
dt-gsk,cec2017,15,30,14,79241724,1.5042154227e+03,4.2154226689e+00,300000,max_evaluations,14.164279
dt-gsk,cec2017,15,30,15,80241761,1.5007964605e+03,7.9646052543e-01,300000,max_evaluations,14.394770
dt-gsk,cec2017,16,30,1,67241276,1.7351991019e+03,1.3519910186e+02,300000,max_evaluations,13.912648
dt-gsk,cec2017,16,30,2,68241313,1.6067421730e+03,6.7421730091e+00,300000,max_evaluations,13.412617
dt-gsk,cec2017,16,30,3,69241350,1.6072107387e+03,7.2107386776e+00,300000,max_evaluations,12.844532
dt-gsk,cec2017,16,30,4,70241387,1.8932664053e+03,2.9326640532e+02,300000,max_evaluations,13.043469
dt-gsk,cec2017,16,30,5,71241424,1.6076656465e+03,7.6656465234e+00,300000,max_evaluations,14.137286
dt-gsk,cec2017,16,30,6,72241461,1.6210419762e+03,2.1041976206e+01,300000,max_evaluations,14.398331
dt-gsk,cec2017,16,30,7,73241498,1.9849802474e+03,3.8498024745e+02,300000,max_evaluations,14.549655
dt-gsk,cec2017,16,30,8,74241535,1.6071840635e+03,7.1840635110e+00,300000,max_evaluations,14.406877
dt-gsk,cec2017,16,30,9,75241572,1.8600767290e+03,2.6007672898e+02,300000,max_evaluations,14.693309
dt-gsk,cec2017,16,30,10,76241609,2.0305986317e+03,4.3059863171e+02,300000,max_evaluations,15.128141
dt-gsk,cec2017,16,30,11,77241646,1.8593211657e+03,2.5932116571e+02,300000,max_evaluations,13.882654
dt-gsk,cec2017,16,30,12,78241683,1.8384315168e+03,2.3843151685e+02,300000,max_evaluations,14.565025
dt-gsk,cec2017,16,30,13,79241720,1.7769484126e+03,1.7694841255e+02,300000,max_evaluations,14.628913
dt-gsk,cec2017,16,30,14,80241757,1.8669975322e+03,2.6699753217e+02,300000,max_evaluations,14.451522
dt-gsk,cec2017,16,30,15,81241794,1.6238924852e+03,2.3892485231e+01,300000,max_evaluations,14.854805
dt-gsk,cec2017,17,30,1,68241309,1.8737852991e+03,1.7378529913e+02,300000,max_evaluations,14.110464
dt-gsk,cec2017,17,30,2,69241346,1.7252233043e+03,2.5223304286e+01,300000,max_evaluations,14.132419
dt-gsk,cec2017,17,30,3,70241383,1.7658775855e+03,6.5877585496e+01,300000,max_evaluations,13.645807
dt-gsk,cec2017,17,30,4,71241420,1.7313625411e+03,3.1362541132e+01,300000,max_evaluations,15.119713
dt-gsk,cec2017,17,30,5,72241457,1.7282644436e+03,2.8264443579e+01,300000,max_evaluations,14.044066
dt-gsk,cec2017,17,30,6,73241494,1.7387935037e+03,3.8793503675e+01,300000,max_evaluations,14.995984
dt-gsk,cec2017,17,30,7,74241531,1.7306808273e+03,3.0680827281e+01,300000,max_evaluations,14.714190
dt-gsk,cec2017,17,30,8,75241568,1.7267126585e+03,2.6712658510e+01,300000,max_evaluations,15.143732
dt-gsk,cec2017,17,30,9,76241605,1.7391201817e+03,3.9120181694e+01,300000,max_evaluations,15.345203
dt-gsk,cec2017,17,30,10,77241642,1.7432458801e+03,4.3245880114e+01,300000,max_evaluations,14.559224
dt-gsk,cec2017,17,30,11,78241679,1.7323875773e+03,3.2387577328e+01,300000,max_evaluations,15.311720
dt-gsk,cec2017,17,30,12,79241716,1.7386657162e+03,3.8665716162e+01,300000,max_evaluations,15.189603
dt-gsk,cec2017,17,30,13,80241753,1.7252562127e+03,2.5256212692e+01,300000,max_evaluations,14.779697
dt-gsk,cec2017,17,30,14,81241790,1.7509386846e+03,5.0938684628e+01,300000,max_evaluations,14.999430
dt-gsk,cec2017,17,30,15,82241827,1.7362643765e+03,3.6264376517e+01,300000,max_evaluations,14.966393
dt-gsk,cec2017,18,30,1,69241342,1.8235112465e+03,2.3511246527e+01,300000,max_evaluations,13.310179
dt-gsk,cec2017,18,30,2,70241379,1.8215827567e+03,2.1582756666e+01,300000,max_evaluations,13.124422
dt-gsk,cec2017,18,30,3,71241416,1.8244039960e+03,2.4403995956e+01,300000,max_evaluations,13.754878
dt-gsk,cec2017,18,30,4,72241453,1.8362748557e+03,3.6274855720e+01,300000,max_evaluations,12.872106
dt-gsk,cec2017,18,30,5,73241490,1.8273514199e+03,2.7351419864e+01,300000,max_evaluations,14.433666
dt-gsk,cec2017,18,30,6,74241527,1.8287863748e+03,2.8786374752e+01,300000,max_evaluations,14.554447
dt-gsk,cec2017,18,30,7,75241564,1.8313675877e+03,3.1367587663e+01,300000,max_evaluations,14.663125
dt-gsk,cec2017,18,30,8,76241601,1.8370263567e+03,3.7026356658e+01,300000,max_evaluations,14.018701
dt-gsk,cec2017,18,30,9,77241638,1.8251001006e+03,2.5100100587e+01,300000,max_evaluations,14.710978
dt-gsk,cec2017,18,30,10,78241675,1.8262759785e+03,2.6275978475e+01,300000,max_evaluations,14.586602
dt-gsk,cec2017,18,30,11,79241712,1.8231288898e+03,2.3128889794e+01,300000,max_evaluations,14.373956
dt-gsk,cec2017,18,30,12,80241749,1.8217569845e+03,2.1756984528e+01,300000,max_evaluations,14.192933
dt-gsk,cec2017,18,30,13,81241786,1.8232341871e+03,2.3234187091e+01,300000,max_evaluations,14.409751
dt-gsk,cec2017,18,30,14,82241823,1.8245374463e+03,2.4537446324e+01,300000,max_evaluations,14.356726
dt-gsk,cec2017,18,30,15,83241860,1.8307963254e+03,3.0796325420e+01,300000,max_evaluations,14.639830
dt-gsk,cec2017,19,30,1,70241375,1.9043647563e+03,4.3647562735e+00,300000,max_evaluations,15.256361
dt-gsk,cec2017,19,30,2,71241412,1.9051215816e+03,5.1215815592e+00,300000,max_evaluations,14.883432
dt-gsk,cec2017,19,30,3,72241449,1.9053824621e+03,5.3824620753e+00,300000,max_evaluations,14.684284
dt-gsk,cec2017,19,30,4,73241486,1.9044633074e+03,4.4633074134e+00,300000,max_evaluations,15.367456
dt-gsk,cec2017,19,30,5,74241523,1.9075759514e+03,7.5759514043e+00,300000,max_evaluations,16.286565
dt-gsk,cec2017,19,30,6,75241560,1.9076213971e+03,7.6213970815e+00,300000,max_evaluations,16.706139
dt-gsk,cec2017,19,30,7,76241597,1.9059819711e+03,5.9819710714e+00,300000,max_evaluations,16.765487
dt-gsk,cec2017,19,30,8,77241634,1.9089999124e+03,8.9999124122e+00,300000,max_evaluations,16.565569
dt-gsk,cec2017,19,30,9,78241671,1.9075754041e+03,7.5754040687e+00,300000,max_evaluations,16.281409
dt-gsk,cec2017,19,30,10,79241708,1.9078355785e+03,7.8355785472e+00,300000,max_evaluations,16.887975
dt-gsk,cec2017,19,30,11,80241745,1.9094552047e+03,9.4552047025e+00,300000,max_evaluations,16.118582
dt-gsk,cec2017,19,30,12,81241782,1.9058304897e+03,5.8304897339e+00,300000,max_evaluations,16.892152
dt-gsk,cec2017,19,30,13,82241819,1.9070689408e+03,7.0689408116e+00,300000,max_evaluations,16.944110
dt-gsk,cec2017,19,30,14,83241856,1.9055327141e+03,5.5327140671e+00,300000,max_evaluations,16.711568
dt-gsk,cec2017,19,30,15,84241893,1.9058306439e+03,5.8306439077e+00,300000,max_evaluations,16.108326
dt-gsk,cec2017,20,30,1,71241408,2.0356483122e+03,3.5648312155e+01,300000,max_evaluations,14.351683
dt-gsk,cec2017,20,30,2,72241445,2.0309876002e+03,3.0987600167e+01,300000,max_evaluations,14.229686
dt-gsk,cec2017,20,30,3,73241482,2.0371606140e+03,3.7160614049e+01,300000,max_evaluations,13.748303
dt-gsk,cec2017,20,30,4,74241519,2.0298974839e+03,2.9897483909e+01,300000,max_evaluations,13.415250
dt-gsk,cec2017,20,30,5,75241556,2.0233820665e+03,2.3382066450e+01,300000,max_evaluations,15.335609
dt-gsk,cec2017,20,30,6,76241593,2.0242829370e+03,2.4282936965e+01,300000,max_evaluations,15.076598
dt-gsk,cec2017,20,30,7,77241630,2.0286329395e+03,2.8632939523e+01,300000,max_evaluations,15.522447
dt-gsk,cec2017,20,30,8,78241667,2.0299827191e+03,2.9982719130e+01,300000,max_evaluations,15.611904
dt-gsk,cec2017,20,30,9,79241704,2.0233912099e+03,2.3391209869e+01,300000,max_evaluations,15.383063
dt-gsk,cec2017,20,30,10,80241741,2.0273431719e+03,2.7343171934e+01,300000,max_evaluations,15.639734
dt-gsk,cec2017,20,30,11,81241778,2.0239277680e+03,2.3927767966e+01,300000,max_evaluations,15.596341
dt-gsk,cec2017,20,30,12,82241815,2.0395343549e+03,3.9534354859e+01,300000,max_evaluations,15.155328
dt-gsk,cec2017,20,30,13,83241852,2.0260986662e+03,2.6098666249e+01,300000,max_evaluations,15.459935
dt-gsk,cec2017,20,30,14,84241889,2.0298223407e+03,2.9822340698e+01,300000,max_evaluations,15.301239
dt-gsk,cec2017,20,30,15,85241926,2.0232262988e+03,2.3226298826e+01,300000,max_evaluations,15.383274
dt-gsk,cec2017,21,30,1,72241441,2.3169017475e+03,2.1690174750e+02,300000,max_evaluations,13.047525
dt-gsk,cec2017,21,30,2,73241478,2.3112996366e+03,2.1129963658e+02,300000,max_evaluations,13.229668
dt-gsk,cec2017,21,30,3,74241515,2.3641476257e+03,2.6414762571e+02,300000,max_evaluations,14.019205
dt-gsk,cec2017,21,30,4,75241552,2.3111796821e+03,2.1117968205e+02,300000,max_evaluations,13.252182
dt-gsk,cec2017,21,30,5,76241589,2.3119921204e+03,2.1199212036e+02,300000,max_evaluations,14.941367
dt-gsk,cec2017,21,30,6,77241626,2.3138767510e+03,2.1387675101e+02,300000,max_evaluations,14.624070
dt-gsk,cec2017,21,30,7,78241663,2.3248874634e+03,2.2488746336e+02,300000,max_evaluations,15.240882
dt-gsk,cec2017,21,30,8,79241700,2.3153890644e+03,2.1538906440e+02,300000,max_evaluations,14.793637
dt-gsk,cec2017,21,30,9,80241737,2.3240736443e+03,2.2407364433e+02,300000,max_evaluations,14.449607
dt-gsk,cec2017,21,30,10,81241774,2.3149571656e+03,2.1495716561e+02,300000,max_evaluations,14.392555
dt-gsk,cec2017,21,30,11,82241811,2.3169673464e+03,2.1696734637e+02,300000,max_evaluations,14.792570
dt-gsk,cec2017,21,30,12,83241848,2.3209809550e+03,2.2098095504e+02,300000,max_evaluations,15.044037
dt-gsk,cec2017,21,30,13,84241885,2.3227323686e+03,2.2273236865e+02,300000,max_evaluations,15.004000
dt-gsk,cec2017,21,30,14,85241922,2.3092733670e+03,2.0927336699e+02,300000,max_evaluations,14.660540
dt-gsk,cec2017,21,30,15,86241959,2.3221633003e+03,2.2216330027e+02,300000,max_evaluations,14.931502
dt-gsk,cec2017,22,30,1,73241474,2.3000000000e+03,1.0000000000e+02,300000,max_evaluations,15.481791
dt-gsk,cec2017,22,30,2,74241511,2.3000000000e+03,1.0000000000e+02,300000,max_evaluations,15.080287
dt-gsk,cec2017,22,30,3,75241548,2.3000000000e+03,1.0000000000e+02,300000,max_evaluations,15.174804
dt-gsk,cec2017,22,30,4,76241585,2.3000000000e+03,1.0000000000e+02,300000,max_evaluations,15.387146
dt-gsk,cec2017,22,30,5,77241622,2.3000000000e+03,1.0000000000e+02,300000,max_evaluations,17.204960
dt-gsk,cec2017,22,30,6,78241659,2.3000000000e+03,1.0000000000e+02,300000,max_evaluations,17.071708
dt-gsk,cec2017,22,30,7,79241696,2.3000000000e+03,1.0000000000e+02,300000,max_evaluations,17.075228
dt-gsk,cec2017,22,30,8,80241733,2.3024533626e+03,1.0245336260e+02,300000,max_evaluations,16.722929
dt-gsk,cec2017,22,30,9,81241770,2.3000000000e+03,1.0000000000e+02,300000,max_evaluations,17.496184
dt-gsk,cec2017,22,30,10,82241807,2.3000000000e+03,1.0000000000e+02,300000,max_evaluations,17.555998
dt-gsk,cec2017,22,30,11,83241844,2.3000000000e+03,1.0000000000e+02,300000,max_evaluations,17.220492
dt-gsk,cec2017,22,30,12,84241881,2.3000000000e+03,1.0000000000e+02,300000,max_evaluations,16.958322
dt-gsk,cec2017,22,30,13,85241918,2.3000000000e+03,1.0000000000e+02,300000,max_evaluations,16.466600
dt-gsk,cec2017,22,30,14,86241955,2.3000000000e+03,1.0000000000e+02,300000,max_evaluations,16.942147
dt-gsk,cec2017,22,30,15,87241992,2.3000000000e+03,1.0000000000e+02,300000,max_evaluations,17.072084
dt-gsk,cec2017,23,30,1,74241507,2.7547904487e+03,4.5479044870e+02,300000,max_evaluations,15.725540
dt-gsk,cec2017,23,30,2,75241544,2.6584126289e+03,3.5841262890e+02,300000,max_evaluations,15.690254
dt-gsk,cec2017,23,30,3,76241581,2.6617245452e+03,3.6172454517e+02,300000,max_evaluations,15.841946
dt-gsk,cec2017,23,30,4,77241618,2.7506975501e+03,4.5069755007e+02,300000,max_evaluations,14.996405
dt-gsk,cec2017,23,30,5,78241655,2.6630254233e+03,3.6302542326e+02,300000,max_evaluations,16.879021
dt-gsk,cec2017,23,30,6,79241692,2.6539284950e+03,3.5392849500e+02,300000,max_evaluations,17.077375
dt-gsk,cec2017,23,30,7,80241729,2.6663662338e+03,3.6636623375e+02,300000,max_evaluations,16.608929
dt-gsk,cec2017,23,30,8,81241766,2.6554405457e+03,3.5544054574e+02,300000,max_evaluations,16.549781
dt-gsk,cec2017,23,30,9,82241803,2.6581953403e+03,3.5819534031e+02,300000,max_evaluations,16.855803
dt-gsk,cec2017,23,30,10,83241840,2.6744608773e+03,3.7446087728e+02,300000,max_evaluations,16.574859
dt-gsk,cec2017,23,30,11,84241877,2.6554024504e+03,3.5540245045e+02,300000,max_evaluations,17.045307
dt-gsk,cec2017,23,30,12,85241914,2.6543256662e+03,3.5432566624e+02,300000,max_evaluations,17.062484
dt-gsk,cec2017,23,30,13,86241951,2.6600086175e+03,3.6000861747e+02,300000,max_evaluations,16.649535
dt-gsk,cec2017,23,30,14,87241988,2.6633262899e+03,3.6332628988e+02,300000,max_evaluations,16.396603
dt-gsk,cec2017,23,30,15,88242025,2.6543215056e+03,3.5432150560e+02,300000,max_evaluations,17.562000
dt-gsk,cec2017,24,30,1,75241540,2.8337836742e+03,4.3378367424e+02,300000,max_evaluations,13.854889
dt-gsk,cec2017,24,30,2,76241577,2.8278657487e+03,4.2786574869e+02,300000,max_evaluations,14.601562
dt-gsk,cec2017,24,30,3,77241614,2.8326050759e+03,4.3260507590e+02,300000,max_evaluations,15.023359
dt-gsk,cec2017,24,30,4,78241651,2.8303481187e+03,4.3034811867e+02,300000,max_evaluations,14.633385
dt-gsk,cec2017,24,30,5,79241688,2.8336800449e+03,4.3368004489e+02,300000,max_evaluations,16.413533
dt-gsk,cec2017,24,30,6,80241725,2.8379845596e+03,4.3798455955e+02,300000,max_evaluations,15.931141
dt-gsk,cec2017,24,30,7,81241762,2.8314590450e+03,4.3145904496e+02,300000,max_evaluations,16.471988
dt-gsk,cec2017,24,30,8,82241799,2.8305066265e+03,4.3050662651e+02,300000,max_evaluations,16.100725
dt-gsk,cec2017,24,30,9,83241836,2.8351586892e+03,4.3515868924e+02,300000,max_evaluations,16.282057
dt-gsk,cec2017,24,30,10,84241873,2.8321673471e+03,4.3216734714e+02,300000,max_evaluations,16.031271
dt-gsk,cec2017,24,30,11,85241910,2.8218273872e+03,4.2182738717e+02,300000,max_evaluations,16.010913
dt-gsk,cec2017,24,30,12,86241947,2.8408962884e+03,4.4089628838e+02,300000,max_evaluations,16.458248
dt-gsk,cec2017,24,30,13,87241984,2.8230043800e+03,4.2300438003e+02,300000,max_evaluations,15.883361
dt-gsk,cec2017,24,30,14,88242021,2.8313955054e+03,4.3139550542e+02,300000,max_evaluations,16.291479
dt-gsk,cec2017,24,30,15,89242058,2.8328894361e+03,4.3288943613e+02,300000,max_evaluations,16.690272
dt-gsk,cec2017,25,30,1,76241573,2.8869119076e+03,3.8691190760e+02,300000,max_evaluations,15.109978
dt-gsk,cec2017,25,30,2,77241610,2.8869481740e+03,3.8694817401e+02,300000,max_evaluations,16.082707
dt-gsk,cec2017,25,30,3,78241647,2.8867888148e+03,3.8678881476e+02,300000,max_evaluations,16.281502
dt-gsk,cec2017,25,30,4,79241684,2.8869654724e+03,3.8696547238e+02,300000,max_evaluations,16.060357
dt-gsk,cec2017,25,30,5,80241721,2.8870527819e+03,3.8705278195e+02,300000,max_evaluations,17.285053
dt-gsk,cec2017,25,30,6,81241758,2.8868119062e+03,3.8681190616e+02,300000,max_evaluations,17.406778
dt-gsk,cec2017,25,30,7,82241795,2.8868661034e+03,3.8686610337e+02,300000,max_evaluations,17.057851
dt-gsk,cec2017,25,30,8,83241832,2.8867535093e+03,3.8675350933e+02,300000,max_evaluations,16.940448
dt-gsk,cec2017,25,30,9,84241869,2.8834085800e+03,3.8340857996e+02,300000,max_evaluations,17.176022
dt-gsk,cec2017,25,30,10,85241906,2.8867830485e+03,3.8678304849e+02,300000,max_evaluations,17.433656
dt-gsk,cec2017,25,30,11,86241943,2.8869007726e+03,3.8690077265e+02,300000,max_evaluations,16.669589
dt-gsk,cec2017,25,30,12,87241980,2.8868283035e+03,3.8682830352e+02,300000,max_evaluations,17.527682
dt-gsk,cec2017,25,30,13,88242017,2.8870141094e+03,3.8701410936e+02,300000,max_evaluations,16.794932
dt-gsk,cec2017,25,30,14,89242054,2.8867666941e+03,3.8676669407e+02,300000,max_evaluations,17.426056
dt-gsk,cec2017,25,30,15,90242091,2.8870005780e+03,3.8700057800e+02,300000,max_evaluations,16.901098
dt-gsk,cec2017,26,30,1,77241606,3.6135983035e+03,1.0135983035e+03,300000,max_evaluations,15.422036
dt-gsk,cec2017,26,30,2,78241643,3.7482705585e+03,1.1482705585e+03,300000,max_evaluations,15.624305
dt-gsk,cec2017,26,30,3,79241680,2.9000000000e+03,3.0000000000e+02,300000,max_evaluations,15.459392
dt-gsk,cec2017,26,30,4,80241717,3.6835731943e+03,1.0835731943e+03,300000,max_evaluations,16.109932
dt-gsk,cec2017,26,30,5,81241754,3.7376433391e+03,1.1376433391e+03,300000,max_evaluations,17.664170
dt-gsk,cec2017,26,30,6,82241791,3.6739532501e+03,1.0739532501e+03,300000,max_evaluations,17.229889
dt-gsk,cec2017,26,30,7,83241828,3.6940525552e+03,1.0940525552e+03,300000,max_evaluations,17.437686
dt-gsk,cec2017,26,30,8,84241865,3.6537813318e+03,1.0537813318e+03,300000,max_evaluations,16.803132
dt-gsk,cec2017,26,30,9,85241902,3.5129163011e+03,9.1291630107e+02,300000,max_evaluations,17.278430
dt-gsk,cec2017,26,30,10,86241939,3.5979648690e+03,9.9796486899e+02,300000,max_evaluations,16.836407
dt-gsk,cec2017,26,30,11,87241976,3.6434080298e+03,1.0434080298e+03,300000,max_evaluations,16.929042
dt-gsk,cec2017,26,30,12,88242013,3.5732300150e+03,9.7323001499e+02,300000,max_evaluations,16.915300
dt-gsk,cec2017,26,30,13,89242050,3.5775708700e+03,9.7757087000e+02,300000,max_evaluations,17.177336
dt-gsk,cec2017,26,30,14,90242087,3.5394078098e+03,9.3940780984e+02,300000,max_evaluations,17.273842
dt-gsk,cec2017,26,30,15,91242124,3.6938924370e+03,1.0938924370e+03,300000,max_evaluations,17.491223
dt-gsk,cec2017,27,30,1,78241639,3.1862348188e+03,4.8623481882e+02,300000,max_evaluations,15.416964
dt-gsk,cec2017,27,30,2,79241676,3.2041373029e+03,5.0413730289e+02,300000,max_evaluations,16.612183
dt-gsk,cec2017,27,30,3,80241713,3.1824475912e+03,4.8244759121e+02,300000,max_evaluations,15.862433
dt-gsk,cec2017,27,30,4,81241750,3.1954413803e+03,4.9544138029e+02,300000,max_evaluations,16.055012
dt-gsk,cec2017,27,30,5,82241787,3.1979574219e+03,4.9795742186e+02,300000,max_evaluations,17.325430
dt-gsk,cec2017,27,30,6,83241824,3.2004619761e+03,5.0046197607e+02,300000,max_evaluations,17.332933
dt-gsk,cec2017,27,30,7,84241861,3.1913370202e+03,4.9133702018e+02,300000,max_evaluations,17.254157
dt-gsk,cec2017,27,30,8,85241898,3.1988173910e+03,4.9881739103e+02,300000,max_evaluations,17.911630
dt-gsk,cec2017,27,30,9,86241935,3.1962850865e+03,4.9628508646e+02,300000,max_evaluations,17.713233
dt-gsk,cec2017,27,30,10,87241972,3.1946822755e+03,4.9468227550e+02,300000,max_evaluations,17.325402
dt-gsk,cec2017,27,30,11,88242009,3.1906693004e+03,4.9066930043e+02,300000,max_evaluations,17.695777
dt-gsk,cec2017,27,30,12,89242046,3.2095241124e+03,5.0952411244e+02,300000,max_evaluations,17.433145
dt-gsk,cec2017,27,30,13,90242083,3.2032808293e+03,5.0328082929e+02,300000,max_evaluations,17.538412
dt-gsk,cec2017,27,30,14,91242120,3.1896811598e+03,4.8968115982e+02,300000,max_evaluations,17.834062
dt-gsk,cec2017,27,30,15,92242157,3.1879187365e+03,4.8791873649e+02,300000,max_evaluations,17.694465
dt-gsk,cec2017,28,30,1,79241672,3.1000000000e+03,3.0000000000e+02,300000,max_evaluations,15.687326
dt-gsk,cec2017,28,30,2,80241709,3.1000000000e+03,3.0000000000e+02,300000,max_evaluations,15.889840
dt-gsk,cec2017,28,30,3,81241746,3.1000000000e+03,3.0000000000e+02,300000,max_evaluations,16.025937
dt-gsk,cec2017,28,30,4,82241783,3.2139751658e+03,4.1397516577e+02,300000,max_evaluations,16.336678
dt-gsk,cec2017,28,30,5,83241820,3.2139751658e+03,4.1397516577e+02,300000,max_evaluations,17.012883
dt-gsk,cec2017,28,30,6,84241857,3.1000000000e+03,3.0000000000e+02,300000,max_evaluations,18.280298
dt-gsk,cec2017,28,30,7,85241894,3.1000000000e+03,3.0000000000e+02,300000,max_evaluations,18.774255
dt-gsk,cec2017,28,30,8,86241931,3.1000000000e+03,3.0000000000e+02,300000,max_evaluations,17.967314
dt-gsk,cec2017,28,30,9,87241968,3.1000000000e+03,3.0000000000e+02,300000,max_evaluations,18.056041
dt-gsk,cec2017,28,30,10,88242005,3.1000000000e+03,3.0000000000e+02,300000,max_evaluations,18.161177
dt-gsk,cec2017,28,30,11,89242042,3.1000000000e+03,3.0000000000e+02,300000,max_evaluations,18.918278
dt-gsk,cec2017,28,30,12,90242079,3.1000000000e+03,3.0000000000e+02,300000,max_evaluations,18.008471
dt-gsk,cec2017,28,30,13,91242116,3.1000000000e+03,3.0000000000e+02,300000,max_evaluations,17.936010
dt-gsk,cec2017,28,30,14,92242153,3.1000000000e+03,3.0000000000e+02,300000,max_evaluations,18.657880
dt-gsk,cec2017,28,30,15,93242190,3.1000000000e+03,3.0000000000e+02,300000,max_evaluations,18.606160
dt-gsk,cec2017,29,30,1,80241705,3.3573307713e+03,4.5733077126e+02,300000,max_evaluations,21.978919
dt-gsk,cec2017,29,30,2,81241742,3.3849167694e+03,4.8491676941e+02,300000,max_evaluations,22.496118
dt-gsk,cec2017,29,30,3,82241779,3.4223096594e+03,5.2230965945e+02,300000,max_evaluations,21.797816
dt-gsk,cec2017,29,30,4,83241816,3.3598784683e+03,4.5987846825e+02,300000,max_evaluations,22.629600
dt-gsk,cec2017,29,30,5,84241853,3.5055322958e+03,6.0553229579e+02,300000,max_evaluations,22.734988
dt-gsk,cec2017,29,30,6,85241890,3.3418220736e+03,4.4182207364e+02,300000,max_evaluations,22.430740
dt-gsk,cec2017,29,30,7,86241927,3.3274091575e+03,4.2740915754e+02,300000,max_evaluations,22.565678
dt-gsk,cec2017,29,30,8,87241964,3.3785693759e+03,4.7856937587e+02,300000,max_evaluations,23.069276
dt-gsk,cec2017,29,30,9,88242001,3.3670149762e+03,4.6701497615e+02,300000,max_evaluations,22.913622
dt-gsk,cec2017,29,30,10,89242038,3.3888250815e+03,4.8882508152e+02,300000,max_evaluations,22.902408
dt-gsk,cec2017,29,30,11,90242075,3.2667140195e+03,3.6671401955e+02,300000,max_evaluations,22.551259
dt-gsk,cec2017,29,30,12,91242112,3.3293637523e+03,4.2936375226e+02,300000,max_evaluations,22.801185
dt-gsk,cec2017,29,30,13,92242149,3.3756816885e+03,4.7568168850e+02,300000,max_evaluations,22.573379
dt-gsk,cec2017,29,30,14,93242186,3.3279897979e+03,4.2798979788e+02,300000,max_evaluations,22.511497
dt-gsk,cec2017,29,30,15,94242223,3.3740407208e+03,4.7404072079e+02,300000,max_evaluations,22.737438
dt-gsk,cec2017,30,30,1,81241738,5.1001012002e+03,2.1001012002e+03,300000,max_evaluations,21.400665
dt-gsk,cec2017,30,30,2,82241775,5.0855168858e+03,2.0855168858e+03,300000,max_evaluations,21.414456
dt-gsk,cec2017,30,30,3,83241812,5.2248339462e+03,2.2248339462e+03,300000,max_evaluations,21.771031
dt-gsk,cec2017,30,30,4,84241849,5.0441294946e+03,2.0441294946e+03,300000,max_evaluations,21.494868
dt-gsk,cec2017,30,30,5,85241886,5.2142450309e+03,2.2142450309e+03,300000,max_evaluations,21.979562
dt-gsk,cec2017,30,30,6,86241923,4.9864726438e+03,1.9864726438e+03,300000,max_evaluations,21.592571
dt-gsk,cec2017,30,30,7,87241960,5.0130929636e+03,2.0130929636e+03,300000,max_evaluations,21.790955
dt-gsk,cec2017,30,30,8,88241997,5.2627497027e+03,2.2627497027e+03,300000,max_evaluations,22.331693
dt-gsk,cec2017,30,30,9,89242034,5.2296673930e+03,2.2296673930e+03,300000,max_evaluations,21.483246
dt-gsk,cec2017,30,30,10,90242071,4.9863261262e+03,1.9863261262e+03,300000,max_evaluations,21.911262
dt-gsk,cec2017,30,30,11,91242108,5.0127987486e+03,2.0127987486e+03,300000,max_evaluations,22.080691
dt-gsk,cec2017,30,30,12,92242145,5.0578296344e+03,2.0578296344e+03,300000,max_evaluations,21.822386
dt-gsk,cec2017,30,30,13,93242182,4.9493375804e+03,1.9493375804e+03,300000,max_evaluations,21.858936
dt-gsk,cec2017,30,30,14,94242219,5.1439841647e+03,2.1439841647e+03,300000,max_evaluations,21.577066
dt-gsk,cec2017,30,30,15,95242256,4.9762437287e+03,1.9762437287e+03,300000,max_evaluations,22.050814
