change_id,reason,evidence,affected_phases,affected_claims,affected_artifacts,rerun_plan,approver,status
CR-0001,User requirement 2026-07-10: every per-function convergence figure must overlay all seven GSK-family algorithms,Section 0.2 precedence item 1 (latest explicit human requirement),"4,5,7,8,10",convergence-figure claims,PAPER_BUILD_PROMPT.md SS6.7/8.4/8.5/8.6/Phase4t8/Phase7t3/15.9.4; convergence generators (tooling task),re-run source-line traceability patch for edited master ranges; Phase 5 pre-registration carries the design,P1,APPROVED
CR-0002,User requirement 2026-07-10: manuscript format calibrated to GSK + ATMALS-GSK exemplars and Q1/Q2 best practices,Section 0.2 precedence item 1 (latest explicit human requirement),"4,8,10",presentation/structure quality bar,PAPER_BUILD_PROMPT.md SS8.7/10.1/Phase4t12/Phase10R4/15.9.4; papers/governance/presentation_conventions.md (Phase 4 output),re-run source-line traceability patch for edited master ranges; Phase 10 R4 gains exemplar-parity check,P1,APPROVED
CR-0003,User requirement 2026-07-10: comprehensive Q1 production-spec deltas (eGSK third exemplar + comparative review; stats/visuals/figure-QA/reproducibility-taxonomy/immutability-list/gate-mapping/narrative-arc additions),Section 0.2 precedence item 1,"2,4,5,6,7,8,10,12",presentation + statistics + convergence + QA scope,PAPER_BUILD_PROMPT.md multiple sections (delta spec in scratchpad cr0003_deltas.md),traceability re-patch after application; Phase 4/5 pre-registrations carry new options,P1,APPROVED
CR-0004,Phase 1 identity audit verified bib-metadata errors against printed sources: 6 wrong DOIs (mohamed2021novel also wrong year + third author); author-name errors in 11 entries; awad2017ensemble title; jawad2024egsk published venue metadata; fialho2010adaptive entry type + author order,reference_inventory.csv notes column (per-key verified corrections) + Phase 1 evidence cards in papers/governance/evidence_cards/,"1 (frozen corpus amended via change control); corrected bib consumed by 4,8,9,10",citation-metadata only; no manuscript prose frozen yet; the prose label 'eGSK 2024' must be reconciled with the 2025 published year at writing time,papers/references.bib; reference_papers/references.bib (byte-identical copy); reference_papers/README.md; reference_papers/PAPERS_LIST.md (affected rows only); decision_log.md D-0007,re-parse bib (57 entries; keys unchanged); byte-identity hash check of the two bib copies; re-check cite-keys-subset-of-bibkeys invariant over papers/sections/*.tex,P1,APPROVED
CR-0005,User supplied the correct CEC2017 bound-constrained problem-definitions report on 2026-07-10 (resolves the awad2016problem WRONG-DOCUMENT block from Phase 1 / EG-001),"reference_papers/awad2016problem.pdf now 34 pp. sha256 b69f52f047f6bca888787ac19f3f1224293000c0a2446bdd5c355795efa9684a; title-page + full-text content check: 'Single Objective Real-Parameter Numerical Optimization' (no 'Constrained'), F1-F30, unimodal/multimodal/hybrid/composition, [-100,100], MaxFES=10000*D, no constraint g/h functions",1 (reopened under change control: BLOCKED key -> admissible); unblocks 8 (benchmark-protocol citations) and every claims-evidence row assigned the CEC2017 suite-definition role,CEC2017 suite-definition citation now permitted (was blocked/narrowed to awad2017ensemble+brest2017single),reference_inventory.csv (awad2016problem row major_mismatch->verified); evidence_cards/awad2016problem.md (STUB->full admissible card); allowed_citation_keys.txt (56->57 keys); evidence_gap_register.md (EG-001 RESOLVED); phase_gate_register.csv (Phase 1 note),re-check admissible-key count = 57; re-verify allowed_citation_keys is subset of bib keys; Phase 8 may cite awad2016problem as the suite definition,P1;P9,APPROVED
CR-0006,"A2-004 data-loss CORRECTION (2026-07-11): apgsk CEC2017 D10/D30/D50 per-run data lost from benchmarks/cec_reference_results/cec2017/apgsk/per_run.csv is recovered by a validated deterministic re-derivation; the previously disclosed-unavailable run-level cells vs apgsk at those dimensions become their true measured values (completeness correction, not new data)","scripts/recover_apgsk_perrun.py reproduces the frozen summary CSVs EXACTLY from the recovered rows (per_run.csv 1479->5916 rows, all 4 dims); manifest sha256 d43f32f6..->ac3419fe.. size 151765->594925; papers/build_prompt_phases/cr_0006_apgsk_recovery/CR_0006_summary.md","6 (run-level analysis recompute, Stage 1); 7 (exhibit regeneration, Stage 2 - all built .tex byte-identical, no exhibit changed); 11 (freeze/parity re-verification). Phase 9 Word/docx NOT reopened by this CR.",RS-07;RS-08;RS-09;LM-04 (evidence completeness only - apgsk run-level cells now computed); NO claim upgraded,"papers/analysis/rel-2026-07-10-262fc16c9 (31 bundle files: wilcoxon_run/effect_sizes/bca_ci/headline_bca/cost/exploratory_bh + robustness r02/r05/r06 + primary_stats + provenance JSONs); papers/governance/evidence_release_manifest.json; phase_05/{analysis_registry.csv,statistical_analysis_plan.md,source_resolution_map.csv}; papers/governance/claims_evidence_matrix.csv; papers/governance/phase2_anomaly_register.csv (A2-004->RESOLVED-CR-0006); papers/governance/decision_log.md (D-0011). UNCHANGED: results/paper_tables/T*.csv + papers/tables/*.tex (byte-identical); artifact_binding.csv (no bound source references a changed file)",Stage 1: phase6_run_analysis.py static APGSK_GAP_DIMS skip replaced by dynamic per_run_absent() presence gate; deterministic recompute (exit 0). Stage 2: rerun generate_latex_tables.py + generate_t16_bca.py (verified byte-identical); dispositions + change-control updated. No benchmark re-run; frozen algorithm and all other optimizers immutable.,P1,APPROVED
CR-0007,"Post-freeze code audit (2026-07-14) found two defects in the hash-frozen core, fixed at source: C006 -- the final polish was entered with a stale incumbent vector paired with a newer incumbent's fitness (_dt_core.py polish entry); best_idx/best_f/best_x are now re-materialised atomically. M038 -- the interaction graph imported gsk_family._numba_accel (nonexistent), so the compiled kernels silently fell back to NumPy; now imports ._numba_accel.","C006 CHANGES TRAJECTORIES wherever the polish fires (D>=50); on a 14-cell probe only 2 cells moved, both slightly worse (F1 D50 ~1e-13; F3 D100 0.13%) -- a correctness fix, not a performance win. M038 is RESULT-NEUTRAL: kernels are fastmath=False with no thread-parallel reduction, bit-identity verified at D50/D100; wall-clock only (~1.34x faster at D50, memory-on arm). Both locked by regression tests that FAIL on the pre-fix code: tests/regression/test_dt_polish_incumbent_consistent.py (C006) and tests/regression/test_dt_graph_backend_parity.py (M038, also asserts backend bit-identity; the pre-existing byte-stability KAT could not catch this because its cells are D<=30, below the tier where the graph activates). Runbook: docs/development/evidence_rerun_runbook.md.","3 (freeze invalidated),6,7,8,10,11,12","All DT-GSK performance claims: the pre-fix evidence can no longer be attributed to the shipped code. Ranks, Wilcoxon/Holm decisions and effect sizes were re-derived, not assumed to survive. Runtime and ISM-overhead figures were re-measured (the +54%/+37% overheads were un-accelerated pre-fix values).","src/gsk_family/optimizers/_dt_core.py + interaction graph import; freeze manifest hashes now HISTORICAL (all four differ from the shipped modules: a274e0f83b4efd3c->51b12194a3962a20, 1ef815cee5d4c9c3->dc2d59db91a288ee, c3dcdce3a3477dca->7baadf228d356394, db1cc028b3ebc145->8a0fc27d7531b847); evidence release rel-2026-07-10-262fc16c9 SUPERSEDED by rel-2026-07-16-78f075cb0 (anchor 78f075cb0f68a80010d524bdcc390a69a0afc5cd, 3403 files); analysis bundle papers/analysis/rel-2026-07-16-78f075cb0; supplementary.tex sec:repro:freeze (rewritten as a chronological provenance record, M-031) and sec:supp:ablation:caveats (defect disclosure).","DONE: full 51-run regeneration of the primary-panel, scaffold and overlay dt-gsk cells with the corrected binary; comparator cells verified byte-identical to the prior release during minting, so regeneration was scoped to dt-gsk. New release minted and promoted; every reported number is drawn from it. OUTSTANDING (RT-001): comparators were not re-timed, so the cross-algorithm runtime table mixes measurement sessions and is frozen pending scripts/retime_comparators.py.",P1,APPROVED
CR-0008,"SE-018: the shipped build exceeds the repo-internal manuscript budget recorded in page_budget.md Section 2 (B1 target 28-34 pp hard cap 34; B2 hard cap 12,000 words), both marked BINDING. Measured on the 2026-07-22 build: B1 = 36 pp, B2 ~= 19,536 words. The overrun is raised formally rather than absorbed, because the panel forbids resolving it by shrinking exhibits (SE-005 and SE-013 require the opposite) and because the material added since the cap was set is disclosure text - the SciPy attribution correction (SE-020), the GSK-RL tallies (SE-024), the null-framing restatement (SE-021), the floor-sensitivity surrogate and omnibus-statistic disclosures (SE-046), and the no-comparator-wall-clock statement (SE-044). Cutting those to meet an internal target would trade accuracy for a number.","pypdf page scan of papers/DT-GSK.pdf: 40 pp total; back matter (Author Contributions) begins p.37; References begin p.38; B1 = 36. B2 from pdftotext extraction over pp.1-36 counting every token including table cells and numerals (a prose-only count is lower: the 2026-07-22 panel measured ~13,264-13,368). page_budget.md Section 2 records the superseded caps. MDPI Algorithms imposes no page or word limit, so the cap is internal only and its purpose is reviewer-attention discipline, not venue compliance.",12 (production only),"NONE. No claim, number, rank, p-value, equation, figure, or table value changes. This change request alters a repository-internal production target only.","papers/governance/page_budget.md (caps superseded); papers/governance/phase_gate_register.csv (Phase 12 measurement row); papers/DT-GSK.pdf / .docx (unchanged by this CR - measured, not modified)","NONE - no experiment, analysis, or optimizer code is touched. Production-side only.",P1,"APPROVED 2026-07-22. New caps: B1 hard cap 40 pp, B2 hard cap 20,000 words, both measured on the shipped PDF by the method recorded in the evidence column. Prior caps (34 pp / 12,000 words) are SUPERSEDED. Any future build exceeding the new caps requires a further change request."
CR-0009,"DT-GSK was too slow on CEC2013LSGO (D=1000/905, MaxFES=3e6 ~ 50 min/run). Profiling isolated the cost: the objective is ~2% of wall time (numba-JIT) and the ISM interaction-graph block extraction is ~80%. Within it, interaction_graph._split_component re-derived the within-set row-sums Wn[rem][:,rem].sum(axis=1) by materialising a fresh |rem|x|rem| submatrix on every greedy iteration (~240 MB of copies per call at D=1000). This CR replaces that with a zero-allocation numba kernel (ig_component_rowsum_fast in _numba_accel.py) that reads Wn through the index in place. ~2.3-3x faster on CEC2013LSGO; the full ISM subsystem stays ACTIVE (not disabled). Performance only.","Bit-identity certified. The reference Wn[idx][:,idx].sum(axis=1) is a fancy-indexed reduction which NumPy evaluates with its NAIVE strided loop (left-to-right in idx order), not the pairwise SIMD path used for plain-contiguous arrays -- shown by a crafted [1e16,1,1,...] row: fancy returns 1e16 (naive), plain returns 1.0000000000001008e16 (pairwise). The kernel accumulates in the same idx order, so it reproduces the reference to the last bit. Unit parity: 848/848 real (captured D=1000) + adversarial random cases, max abs diff 0.0. End-to-end best_fitness bit-identical: cec2017 F3 D50 90113.3156549878, F5 D50 745.7618813989388, F3 D100 316049.9747246865, cec2013lsgo F1 D1000 52449801968.83455. Regression: tests/regression/test_dt_graph_backend_parity.py (D50 trajectory identity + kernels-bound) and test_dt_gsk_byte_stable.py (D<=30 golden) both PASS (7 passed). Kernel compiled fastmath=False, no parallel reduction, matching the file's existing bit-identity policy. Source SHA-256 prefixes: _numba_accel.py 58d5f9d639e090f1 -> 0a7984c855d2a575; interaction_graph.py 4c089a00421ca81c -> b99f601e7fd49375.","NONE. Output is bit-identical, so no evidence release is regenerated: rel-2026-07-20-67d9345f9 remains valid and reproduces bit-for-bit under the optimized code.","NONE. No number, rank, p-value, equation, figure, or table value changes. Certified bit-identical on the primary suite's ISM-active cells (cec2017 D50/D100).","src/gsk_family/optimizers/_dt_subsystems/_numba_accel.py and interaction_graph.py (new SHA-256 prefixes in the evidence column). No manuscript-printed value changes: the four pinned module hashes are dt_gsk/_dt_core/_dt_profiles/_dt_rng (none edited), and the printed Merkle e532fc44 is the historical 2026-07-10 freeze value (unchanged). The _dt_subsystems_merkle in build_prompt_phases/phase_03/algorithm_freeze_manifest_2026-07-19.json (e2a86124...) is SUPERSEDED for the current tree; that dated manifest is retained unmodified (supplement 'retain + superseded' provenance pattern). New name-sorted raw-concat SHA-256 over _dt_subsystems/*.py: 4f668deaab00dde514b4e320061335c17fc76dd13d0c2a4309ed2fca04d7bc66. validate_provenance_claims and check_manifest remain green (15/15).","NONE - bit-identical, certified by the parity + byte-stability regression tests and end-to-end best_fitness identity at D50/D100/D1000. No experiment or analysis is re-run.",Author decision 2026-07-25 (apply on main + register CR),APPROVED 2026-07-25. Performance-only optimization of the interaction-graph block extraction; full ISM retained; certified bit-identical (no released number changes). Applies to all DT-GSK runs; the CEC2013LSGO campaign is the motivating consumer.
CR-0010,"Threefry scalar-draw overhead dominated the GSK family on CEC2013LSGO. Post-CR-0009 profiling at a representative budget (150k/300k differencing, F1 D1000, production threefry) attributed 26-39% of wall time to the RNG for five classics and 68.9% for atmals-gsk, whose local search draws scalars per dimension per elite (atmals_gsk.py:98,100). Root cause was NOT the fill kernel (already unrolled 4.19x by 61dc84bd8) and NOT a missing batch (_draw already buffers 4 doubles/call): it was per-call Python overhead -- np.empty(1) allocation plus 'self._buffer = self._buffer[take:]', which constructs a fresh ndarray view object on EVERY draw. Naive batching was rejected as non-bit-identical: the draw count is data-dependent (line 100 draws only when line 98's test passes), so pre-drawing shifts the stream.","Bit-identity certified by construction and by test. _fill_doubles_kernel maps block index k to a fixed quadruple independent of blocks-per-call, so refilling 256 blocks at once yields exactly the one-at-a-time sequence; only the buffering schedule changes. Verified: (1) 60 randomised trials x 120 mixed scalar/batch calls against an independent reimplementation of the OLD buffering semantics -- 0 mismatches; (2) copy_state/restore_state round-trip reproduces the stream (schema preserved: 'buffer' still serialises the unconsumed tail); (3) 2-D column-major reshape/swapaxes order preserved (Appendix A trap T2); (4) 37 RNG KATs pass (tests/unit/test_rng.py threefry known-answer, tests/unit/test_dt_rng.py 13-substream vs fixtures/dt_rng_kat.json); (5) full suite 488 passed; (6) end-to-end identical best_fitness at F1 D1000 MaxFES=300k for atmals-gsk, gsk and egsk. Measured speedup: atmals-gsk 1.85x (46.42->25.10s), gsk 1.46x (17.37->11.92s), egsk 1.33x (16.35->12.28s). New SHA-256 prefixes: threefry_rng.py efdeb0e807d06d60, reference_rng.py 62a76b0ea0945284.","NONE. Output is bit-identical, so no evidence release is regenerated: rel-2026-07-20-67d9345f9 remains valid and reproduces bit-for-bit under the optimised RNG.","NONE. No number, rank, p-value, equation, figure or table value changes. The generator is shared by all seven algorithms and every suite, so bit-identity was certified at the stream level (not per-suite) plus end-to-end best_fitness identity.",src/gsk_family/common/threefry_rng.py (index-based reservoir + random_scalar fast path) and src/gsk_family/common/reference_rng.py (scalar fast-path dispatch in the shared base). No manuscript-printed value depends on either file.,"NONE - bit-identical, certified by the RNG KATs, the old-semantics equivalence harness, and end-to-end best_fitness identity for atmals-gsk/gsk/egsk. No experiment re-executed.",Author decision 2026-07-25 (apply all; full unfreeze in force but this change needs none of it),APPROVED 2026-07-25. Performance-only optimisation of the shared Threefry stream; certified bit-identical (no released value changes). Benefits all seven algorithms and all five suites.
CR-0011,"Duplicate non-finite population scan, twice per evaluate call, on every suite. benchmark_adapter/problem.py as_population ran np.all(np.isfinite(pop)) and every suite dispatcher (cec2011/cec2013/cec2017/cec2020/cec2013lsgo functions.py) repeated the identical scan on the same array immediately after. Microbenchmarked at NP=100/D=1000: the scan is 18.42 us of as_population's 18.60 us (99% of its cost; comparable to a full pop.sum() over 1e5 doubles at 23.14 us), while ascontiguousarray is only 0.12 us. Scanning twice therefore cost ~1.1 s per LSGO run.","as_population gains check_finite: bool = True; only the duplicate pass is elided and only at the two real-suite adapter call sites (factory.py, both inside the evaluator), which hand pop straight to a suite dispatcher that repeats the scan. The sphere call site keeps the default True. Shape/dtype/emptiness checks are ALWAYS performed. Verified: (1) non-finite input still raises on BOTH the adapter path (via the suite dispatcher) and the direct as_population path; (2) 1-D / empty / wrong-D inputs still raise with check_finite=False; (3) bit-identical best_fitness for ALL SEVEN algorithms, pre vs post, hex-exact (F1 D1000, seed 20240620, MaxFES=60k); (4) full suite 488 passed. Measured gain, all 7 improved (7/7 same direction, p~0.016 by chance): gsk 1.13x, agsk 1.09x, apgsk 1.11x, fdb-agsk 1.13x, atmals-gsk 1.06x, egsk 1.12x, dt-gsk 1.17x. Magnitude carries measurement uncertainty (this machine shows up to 22% run-to-run spread); the DIRECTION is unambiguous. New SHA-256 prefixes: problem.py 2e47bff135a81443, factory.py c2d53f59ab3fc770.","NONE. Output is bit-identical, so no evidence release is regenerated: rel-2026-07-20-67d9345f9 remains valid and reproduces bit-for-bit.","NONE. No number, rank, p-value, equation, figure or table value changes. A redundant VALIDATION pass was removed; no arithmetic was touched.",src/gsk_family/benchmark_adapter/problem.py (check_finite parameter) and src/gsk_family/benchmark_adapter/factory.py (opt-out at the two real-suite evaluator call sites). No manuscript-printed value depends on either file.,"NONE - bit-identical, certified for all seven algorithms plus the safety-regression checks above.",Author decision 2026-07-25 (open permission to tune LSGO without changing algorithm logic),"APPROVED 2026-07-25. Removes a duplicated validation pass; finiteness is still enforced on every path. Benefits all seven algorithms and all five suites. NOTE the accepted tradeoff: on the campaign path the suite dispatcher is now the sole non-finite guard, which is why the check was made optional rather than deleted -- a future refactor that bypasses the dispatcher must re-enable check_finite."
CR-0012,"BUG-RESUME-01: resume mode silently corrupted the per-dimension summary CSV. Reported by the author 2026-07-25 from the sibling project (shade-ils/cec2013lsgo: a resume that filled 6 missing F8 runs left the D1000 summary containing ONLY F8; 12 other functions were dropped). Confirmed present here for all seven algorithms and all five suites. Root cause: run_experiment.py builds `artifacts` empty (:1356) and appends only NEW runs (:1630) because already-complete runs are skipped without reconstruction (:1366-1371), then output.py write_summary_tables opened <alg>_<suite>_D<dim>.csv with mode 'w' and wrote only those functions. SECOND FACE not in the original report and more dangerous: a PARTIALLY resumed function was summarised over its new runs alone, so 6 new runs of a 25-run cell yielded Best/Median/Mean/Worst/SD over 6 values -- a plausible-looking wrong row rather than a visibly missing one. The cec2011 single rollup had the identical truncation defect. per_run.csv was always correct (it merges existing rows at :1355).","Fix designed to never perturb a number it did not recompute. The naive 'rebuild everything from per_run.csv' approach was REJECTED after measurement: per_run.csv stores %.10e-rounded values while the artifact path summarises full float64, so rebuilding shifts Mean/SD in the 10th significant digit -- verified on real dt-gsk LSGO data, 5 of 20 fields differed (e.g. F3 Mean 2.0522500209E+01 vs 2.0522500208E+01). Best/Median/Worst always matched. That drift never reaches manuscript precision (tables print ~3 significant digits) but would break file hashes on every frozen summary it rewrote. Implemented instead: (a) _read_existing_summary carries untouched rows over BYTE-FOR-BYTE; (b) fully covered cells keep the exact artifact computation; (c) only partially-resumed cells fall back to the complete banked values via new bank_counts/bank_values arguments derived from per_run.csv by _bank_from_rows (basis-aware: best_fitness for raw_objective, the precomputed error column otherwise). Verified: RED-then-GREEN -- the new regression test fails on pre-fix code reproducing the exact symptom ('resume dropped functions: kept [8], expected [1, 2, 3, 8, 15]') and passes after; 3 new tests in tests/regression/test_resume_summary_not_truncated.py cover truncation, subset-statistics, and the cec2011 rollup; full suite 491 passed (was 488); end-to-end against the real runner -- F1/F2/F3 run, then a resume touching only F2 retained all three functions. New SHA-256 prefixes: output.py 078cce58df59be78, run_experiment.py b11a82e97e48a628.",NONE. No existing artifact is rewritten by this change: untouched summary rows are preserved byte-for-byte and fully-covered cells keep the identical artifact computation. rel-2026-07-20-67d9345f9 remains valid.,"NONE. No released number, rank, p-value, equation, figure or table value changes. The defect could only manifest on a FUTURE resume; no frozen evidence was produced by a resume.","src/gsk_family/runners/output.py (merge-instead-of-truncate, _read_existing_summary, bank_counts/bank_values), src/gsk_family/runners/run_experiment.py (_bank_from_rows helper, both call sites), tests/regression/test_resume_summary_not_truncated.py (new), docs/development/BUG_resume_summary_truncation.md (diagnosis).","NONE - no experiment re-executed. NOTE: any summary CSV previously produced BY A RESUME is suspect and should be regenerated from per_run.csv, which is authoritative and was never affected.",Author decision 2026-07-25 (bug reported by author; fix + regression test requested),APPROVED 2026-07-25. Data-integrity fix. Removes a silent corruption path that would have hit the dt-gsk CEC2013LSGO campaign on its next resume (it stands at 100/375 runs).
CR-0013,"Family-wide acceleration Wave 1 (bit-identical): four structural memory-traffic removals shared by the classic optimizers and the Threefry stream. W1.1 _draw direct-fill: every large draw allocated an intermediate block array and paid a full-size memcpy into `out` (microbenched 56% of draw cost at >=300k doubles; ~70 GB redundant memcpy per dt-gsk LSGO run). Full blocks now generate straight into `out`; only the partial tail (need%4 doubles) uses a 4-double temp that becomes the reservoir. W1.3 single population buffer: gsk/agsk/apgsk/fdb-agsk began each generation with `pop = popold.copy()` and ended with `popold = pop.copy()` -- two full NP*D copies whose source and destination are byte-identical (no writer in between; verified per file). Replaced by one array with the ORIGINAL masked-scatter expression. W1.4 reduction helper: the second (dead) survivor gather and the arange allocated on every non-reducing generation removed; signature now single-array (unit test updated). W1.2 rand-plane buffer: the (3,NP,D) draw's F-order planes were strided-copied into FRESH allocations by the kernel's ascontiguousarray each generation; now copied once into a persistent C-buffer (prefix-sliced for NLPSR-shrinking NP) so the kernel-side coercion is a free pass-through. Discovered by a 6-agent static-analysis workflow (47 findings) + an 84-cell cross-suite attribution ledger; every candidate microbenchmarked before coding (T1 rule).","Bit-identity certified at three levels. (1) By construction: W1.1 -- the fill kernel maps block index to a fixed quadruple independent of destination; _next_block advances by full_blocks+(1 if rem else 0) == (need+3)//4; the unconsumed reservoir tail holds the identical doubles, so copy_state snapshots are byte-unchanged; verified additionally by 80 trials x 150 adversarial mixed scalar/batch calls against an independent reimplementation of the old semantics (0 mismatches) and 37 RNG KATs. W1.2 -- layout-only: same doubles at the same (i,j); the draw itself is untouched. W1.3/W1.4 -- dead-copy/dead-value proofs verified in source per file. (2) NEW GOLDEN-VALUES MATRIX (tests/regression/test_family_golden_values.py): 7 optimizers x 6 suites, seed 20240620, hex-exact best_fitness pins minted from PRE-Wave-1 HEAD -- all 42 green after every edit. (3) Full-budget hex identity: gsk/agsk/fdb-agsk LSGO D1000 @300k and gsk/apgsk cec2017 D100 @60k reproduce the pre-fix ledger's hex best_fitness exactly. Full suite 575 passed. Performance: microbenched savings ~15 us/FE at D=1000 for the classics (471+331 us/gen copies removed + 56% of draw cost); interleaved subprocess A/B (agsk LSGO, 3 reps alternating) median 1.07x faster with sharply reduced variance (old 54.7-87.2, new 58.4-61.9 us/FE); per the campaign's measurement rule, whole-run effects under ~1.3x are quoted as indicative only. New SHA-256 prefixes: threefry_rng.py 71c6a4c53202fb37, gsk.py 8513b2d9420b2a33, agsk.py a5a65016d9ce6ba7, apgsk.py 986b5a2c9590e4e8, fdb_agsk.py 2cd08cb11fec7c14.",NONE. Output is bit-identical (hex-verified at small AND full measurement budgets); rel-2026-07-20-67d9345f9 remains valid and reproduces bit-for-bit.,"NONE. No number, rank, p-value, equation, figure or table value changes.","src/gsk_family/common/threefry_rng.py (W1.1), src/gsk_family/optimizers/{gsk,agsk,apgsk,fdb_agsk}.py (W1.2/W1.3/W1.4), tests/unit/test_agsk_helpers.py (new helper signature), NEW tests/regression/test_family_golden_values.py + fixtures/family_golden_values.json (certification backbone), docs/development/FAMILY_ACCELERATION_PLAN.md (campaign plan).",NONE - bit-identical. Golden fixtures are re-minted ONLY on a deliberate result-changing release.,"Author directive 2026-07-25 (tune all algorithms, all suites, without impacting logic; ultracode campaign)","APPROVED 2026-07-25. Wave 1 of the family-wide acceleration campaign; Wave 2 (dt-gsk: authorized _rng_3buf fused draw, trial-assembly fusion, dead-scan removal) and Wave 3 (suite dispatcher hoisting) planned in FAMILY_ACCELERATION_PLAN.md."
CR-0014,"Acceleration Wave 2.1: realized the author-authorized _rng_3buf fast path in DT-GSK as ONE fused flat core-stream draw. Production previously took three separate (N,D) draws per generation from rngs.core (both the linkage-off and scalar-rows branches of _dt_core.py); the pre-allocated (3*NP_init,D) buffer and its Generator.random(out=...) path were DEAD CODE -- unreachable because ReferenceRNG.uses_reference_matrix_order is a class attribute True for every generator, and the out= path would in fact have filled C-order, NOT reproducing the three column-major draws (the old B04 comment claiming 'no determinism break' was wrong; the guard protecting against it was load-bearing). The fused form draws rng_core.random(3*n) once and views segment k as reshape(D,N).T.","Bit-identical BY CONSTRUCTION: a shaped (N,D) draw is _draw(N*D) + reshape(D,N).swapaxes, so element [i,j] is the stream double at start+j*N+i; _draw is concatenation-consistent (Threefry doubles are a pure function of block index, the reservoir carries partial-block tails, so _draw(a)+_draw(b) consumes exactly the positions of _draw(a+b)); therefore segment k of the fused draw occupies exactly draw k's absolute stream positions, the identical reshape maps each element to the same 8 bytes, and the generator end state (counter + unconsumed tail) is unchanged. The .T views preserve the F-order layout downstream numba mask kernels always received. Certified: 13-substream dt KAT + 42-cell golden matrix + dt byte-stable pins (66 tests) green; full-budget hex best_fitness identity vs the pre-change ledger at cec2017 D50 (SGSM tier), cec2017 D100 and cec2013lsgo D1000 @300k -- all YES; full suite 575 passed. Performance: interleaved subprocess A/B (dt-gsk LSGO, 3 reps alternating stash/pop) median 1.07x faster (309 -> 289 us/FE); removes 2 Python draw dispatches + 2 allocations per generation. An uncontrolled spot-read suggested a large slowdown; the interleave showed the machine itself was ~2x slower than the ledger window -- ambient drift, not the change. All dead _rng_3buf plumbing (parameter, two pass-throughs, buffer allocation, stale B04 comment) removed. New SHA-256 prefix: _dt_core.py de86c59e0926266b.",NONE. Output is bit-identical (hex-verified at small and full budgets); rel-2026-07-20-67d9345f9 remains valid.,"NONE. No number, rank, p-value, equation, figure or table value changes.",src/gsk_family/optimizers/_dt_core.py only (draw fusion + dead-code removal).,NONE - bit-identical.,Author authorization 2026-07-25 (_rng_3buf explicitly authorized; full unfreeze in force but unneeded),"APPROVED 2026-07-25. Wave 2.1 of the family acceleration campaign. Remaining Wave-2 items (trial-assembly fusion, dead-scan/telemetry gates W2.3/W2.4/W2.6 pending consumer re-verification, linkage flatten cache) tracked in FAMILY_ACCELERATION_PLAN.md."
CR-0015,"Acceleration Wave 2.3/2.4/2.6: three dead-work removals in DT-GSK's per-generation loop, each applied only after re-verifying the 'no consumer' claim in source (the campaign plan's own warning). W2.3: the np.logical_or(D_J, D_S) into _dim_upd_buf was dead whenever the numba coverage kernel is active (the kernel reads D_J/D_S directly; the mask's only reader is the numpy fallback) -- an O(NP*D) scan per generation moved inside the fallback branch. W2.4: coverage_i's only consumers are the ACE coverage weight (ace_coverage_weighted=False in every shipped profile) and the mean_dim_coverage telemetry field, whose GenStats reach generation_callback only (verified: the callback call is inner-guarded and curve_callback takes (evals, best_f)); computation now gated on _need_coverage = ace_coverage_weighted or generation_callback present, with the DE coverage write and telemetry mean guarded (placeholder 0.0 is only reachable when the stats are discarded). W2.6: the accepted_displacements gather (ui[idx_imp]-pop[idx_imp], O(K*D)) has exactly two consumers -- the subspace-NM displacement buffer (_track_disp_vectors) and the SGSM update (interaction_state is not None); the DT2 shadow computes its own displacements (verified). Gather now gated on those consumers, eliminating it below D50 and under coordinate LS.","Bit-identical by dead-value proofs verified in source per surface. Certified: 42-cell golden matrix + dt byte-stable pins + 13-substream KAT + smoke incl. dt_diagnostics runner (generation_callback path exercises the coverage-computed branch) -- 124 targeted tests green; full-budget hex best_fitness identity vs the pre-change ledger at cec2017 D10 (ISM-off: BOTH new gates active), cec2017 D50 and cec2013lsgo D1000 @300k; full suite 575 passed. New SHA-256 prefix: _dt_core.py 5bd9e0837e2fd64d.",NONE. Output bit-identical; rel-2026-07-20-67d9345f9 remains valid. Diagnostics output is unchanged when generation_callback is present (coverage computed exactly as before on that path).,"NONE. No number, rank, p-value, equation, figure or table value changes.",src/gsk_family/optimizers/_dt_core.py only.,NONE - bit-identical.,"Author directive 2026-07-25 (family acceleration campaign, no logic impact)",APPROVED 2026-07-25. Wave 2 remainder tracked in FAMILY_ACCELERATION_PLAN.md: W2.2 trial-assembly fusion (new numba kernel) and W2.5 linkage-flatten cache; then Wave 3 suite-dispatcher hoisting.
CR-0016,"Acceleration Wave 2.2: fused DT-GSK trial assembly. The per-generation sequence np.copyto(ui, pop); ui[D_J] = vi_junior[D_J]; ui[D_S] = vi_senior[D_S] performed a full NP*D copy plus TWO boolean fancy-index gather/scatter pairs, each materialising index arrays and masked temporaries. Replaced by one branchy numba pass (_compose_trial_nb in _dt_subsystems/_numba_accel.py, cache=True fastmath=False, added to the warmup registry): out = D_S ? vi_senior : (D_J ? vi_junior : pop). NumPy fallback preserves the original sequence verbatim when numba is absent. Wave 2.5 (linkage-flatten cache) was REJECTED by inspection: the rebuild is ~20 small allocations + a 20-iteration loop per generation at D=1000 (<0.5% of runtime) and identity-based caching is medium-risk -- recorded as a ceiling line, not a target.","Bit-identical for EVERY mask combination, not only disjoint ones: the sequential writes end with vi_senior wherever D_S is True (written last), vi_junior where only D_J, pop where neither -- exactly the kernel's selection; pure selection, no arithmetic, no RNG. Certified: 42-cell golden matrix + dt byte-stable pins + 13-substream KAT green; full-budget hex best_fitness identity vs the pre-change ledger at cec2017 D10/D50/D100 and cec2013lsgo D1000 @300k -- all YES; full suite 576 passed (575 + the new kernel's coverage). Performance, honestly sized: synthetic microbench 2353->469 us/gen (NP=100, D=1000, 45%/45% masks); REAL captured call-site data (production densities D_J 0.1%, D_S 76.6%, NLPSR-shrunk NP=65) 436->124 us/gen (71.5% of the assembly surface) with outputs verified identical -- ~2% of an LSGO run, ~5% at D=100, so the interleaved whole-run A/B was correctly unresolvable (0.93 median with fully overlapping arms 208-239 vs 189-252 us/FE) per the campaign's <1.3x rule; the effect is claimed from the isolated measurements, not the whole-run read. New SHA-256 prefixes: _numba_accel.py 484f76ed92a8538f, _dt_core.py 3ce5db5291dcda4d.",NONE. Output bit-identical; rel-2026-07-20-67d9345f9 remains valid.,"NONE. No number, rank, p-value, equation, figure or table value changes.","src/gsk_family/optimizers/_dt_subsystems/_numba_accel.py (new kernel + warmup), src/gsk_family/optimizers/_dt_core.py (call site with fallback).",NONE - bit-identical.,"Author directive 2026-07-25 (family acceleration campaign, no logic impact)","APPROVED 2026-07-25. Closes Wave 2. Remaining campaign surface: Wave 3 suite-dispatcher hoisting + cec2013 transform reuse (microbench first); classics leftovers (atmals/egsk selection variants, W1.5 donor batch). See FAMILY_ACCELERATION_PLAN.md."
CR-0017,"Acceleration campaign close-out: classics leftovers applied, Wave 3 and two residual candidates REJECTED by measurement. Applied -- atmals-gsk: the full-population snapshot copied every generation was dead (popold is read-only until selection: _gsk_generation copies internally, _local_search touches only the fresh trial, the dim-1 path is read-only); the selection scatter now writes popold directly (~506 us/gen at D=1000). egsk: single population buffer (the loop-top copy and both selection-branch full copies were redundant; branch B rewritten as the in-place complement scatter pop[~parent_better]=trial[~parent_better] -- identical selected values; the late-stage IP-refine write-back retargeted to the single array) plus the W1.2 persistent rand-plane buffer. REJECTED with numbers -- W3.1 dispatcher hoisting: measured adapter+dispatch delta is 1.7 us/gen at cec2013 D50 and ~0 at cec2017 D100 (~0.1%); W3.2 cec2013 transform-temp reuse: the ENTIRE evaluate is 0.44-2.81 us/FE, so even full capture cannot clear the bar, and the surface is a KAT-locked FP-sensitive pipeline; W1.5 senior-donor draw batching: ~2 us/gen; W2.5 linkage-flatten cache: <0.5% surface, identity-caching medium-risk. All recorded as ceiling lines in FAMILY_ACCELERATION_PLAN.md.","Bit-identity certified: dead-copy proofs verified per file (all popold/pop readers and writers enumerated; egsk branch-B complement proven value-identical row-by-row); 42-cell golden matrix green after each file; full-budget hex best_fitness identity vs the pre-campaign ledger for atmals-gsk LSGO D1000 @300k, egsk LSGO D1000 @300k, atmals-gsk cec2011 native @30k, egsk cec2017 D100 @60k -- all YES; full suite 575 passed. New SHA-256 prefixes: atmals_gsk.py 6de97d9b66659e4b, egsk.py 6d917795814e9b98.",NONE. Output bit-identical; rel-2026-07-20-67d9345f9 remains valid.,"NONE. No number, rank, p-value, equation, figure or table value changes.","src/gsk_family/optimizers/atmals_gsk.py, src/gsk_family/optimizers/egsk.py, docs/development/FAMILY_ACCELERATION_PLAN.md (rejection ledger).",NONE - bit-identical.,"Author directive 2026-07-25 (family acceleration campaign, no logic impact)",APPROVED 2026-07-25. Closes the fix waves of the family acceleration campaign (CR-0013..CR-0017). Remaining deliverable: post-campaign ledger re-measure + written ceiling proof.
CR-0018,"Campaign close-out record for CR-0013..CR-0017: final certification + measured result + ceiling proof. Reason for a separate entry: the post-campaign 84-cell sequential re-measure reported 0.79-0.90x (i.e. APPARENTLY SLOWER) for all seven algorithms, including cells the campaign never touches. That reading is INVALID and must not be cited: it was machine drift, proven independently because FIXED workloads slowed by the same factor over the same period -- the unchanged 575-test suite 77.0s -> 110.0s (1.43x) and the unchanged 42-pin golden test 3.6s -> 7.1s. No optimizer edit can slow a suite dominated by non-optimizer tests; uniformity across untouched cells was the tell.","FINAL CERTIFICATION: 84 of 84 ledger cells (7 algorithms x cec2017 D10/30/50/100, cec2013 D10/50, cec2020 D10/20, cec2011 native x3, cec2013lsgo D1000) reproduce their pre-campaign best_fitness BIT-FOR-BIT, hex compared -- zero breaks. Plus 42-pin golden matrix, threefry + 13-substream KATs, dt byte-stable pins, 575-test suite green. rel-2026-07-20-67d9345f9 untouched and still reproducing; no rerun incurred and the authorized full unfreeze was never spent. FINAL PERFORMANCE (paired interleaved A/B vs baseline 428cf02e6, arms alternating within one time window, n=12, hex verified identical in every arm): gsk cec2013lsgo D1000 1.718x, dt-gsk cec2013lsgo D1000 1.440x, agsk cec2013lsgo D1000 1.205x, gsk cec2017 D100 1.076x; OVERALL PAIRED MEDIAN 1.280x. Methodological rule now load-bearing for this repository: on this machine only paired/interleaved designs resolve optimizer speedups -- sequential before/after ledgers separated by hours measure the machine, not the code. CEILING PROOF (full text in docs/development/FAMILY_ACCELERATION_PLAN.md section 7): the bit-identical surface is exhausted. Rejected by measurement: T1 wrapper ceremony 0.03 s/run, W3.1 dispatcher hoisting 1.7 us/gen, W3.2 cec2013 transform reuse (whole evaluate is 0.44-2.81 us/FE), W1.5 donor batching ~2 us/gen, W2.5 linkage cache <0.5%. Structural floors protected by bit-identity: the BSE archive distance scan (~29% of dt-gsk, order-dependent by construction), the CR-0009 row-sum kernel (~12%, inherent FLOPs), the already-unrolled Threefry kernel (4.19x, 61dc84bd8), the JIT objective kernels, and the column-major reference draw order (removing it remaps stream->cell). Further gains require accepting result changes and paying the full evidence rerun.",NONE. Campaign-wide: output bit-identical on all 84 cells; rel-2026-07-20-67d9345f9 remains valid.,"NONE. No number, rank, p-value, equation, figure or table value changed anywhere in CR-0013..CR-0017.",docs/development/FAMILY_ACCELERATION_PLAN.md (section 7: result + ceiling proof). No source change in this entry.,NONE - the campaign incurred no rerun. Golden fixtures are re-minted ONLY on a deliberate result-changing release.,"Author directive 2026-07-25 (tune all algorithms, all suites, without impacting logic)",APPROVED 2026-07-25. CAMPAIGN COMPLETE. Stopping is the deliverable: the bit-identical surface is exhausted and the ceiling proof is recorded.
CR-0019,"Final empirical scope, fixed by author decision 2026-07-27/28. (a) The paper's analyzed scope is the SEVEN GSK-family algorithms on FIVE suites: CEC2017 (29 functions, D10/30/50/100, 51 runs), CEC2011 (22 problems, native, 25 runs), CEC2013 (28 functions, D10/30/50, 51 runs), CEC2020 (10 functions, D5/10/15/20, F6/F7 undefined at D5 -> 38 cells, 30 runs, MaxFES 50k/1M/3M/10M) and CEC2013LSGO (15 functions, D1000/905, 25 runs, 3e6 FES). (b) Decision Gate 0 outcome: CEC2013 is KEPT (author, 2026-07-28); the five-suite branch of FINAL_PUBLICATION_PLAN.md is in force and every [DROP]-branch task is void. (c) The eight vendored external baselines (MOS, SHADE-ILS, DECC-G, CMA-ES, EBOwithCMAR, jSO, L-SHADE, LSHADE-SPACMA) appear in NO panel, table, figure or claim; they remain in-repo as runnable tooling whose validation evidence is not reproducible in this repository (six of the eight vendored ports carry their author-code parity records only in the sibling project; DECC-G is first-party code with no author-code oracle), with their result banks documented-but-unpromoted. Wording corrected 2026-07-28 (D-0025); the decision itself is unchanged. (d) CEC2013LSGO uses the TRANSFORMED Ackley variant only, and no comparison against published raw-Ackley results is drawn. Precise statement (corrected 2026-07-28, an earlier wording said ackley_raw is 'permanently unwired' which is imprecise): the raw kernels ARE implemented inside the evaluator and are reachable through the ackley_raw_scope context manager, but nothing activates them -- no reference to ackley_raw_scope or ackley_variant exists anywhere in src/, configs/, tests/, scripts/ or papers/scripts/, and ackley_raw_active() returns False, so every committed bank ran the transformed chain (T_osz -> T_asy(0.2) -> Lambda(10) -> ackley). The scope stays permanently INACTIVE for paper evidence. (e) Seed policy is unified everywhere, so every cell of every suite is paired across optimizers: configs/agsk_cec2020.yml carried seed_policy: reference and a data_root (benchmarks/cec_suite) that does not exist in this repository -- both corrected; scripts/run_all_cec2020.py, which hard-pointed at that config, now runs configs/family_cec2020.yml and forwards CLI arguments.","Verified 2026-07-28 before the change: scripts/run_all_cec2020.py:9 invoked configs/agsk_cec2020.yml; configs/agsk_cec2020.yml:19 read seed_policy: reference; benchmarks/cec_suite is absent from the tree. Verified after: both cec2020 configs resolve to exactly 38 protocol cells (8 at D5, 10 at D10/D15/D20), F6/F7 at D5 absent, runs 30, seed 20240620, policy unified, generator threefry, overwrite false, budgets 50k/1M/3M/10M -- family total 7,980 runs / 2.948e10 evaluations. No CEC2020 result bank exists anywhere in the repository (results/_run_all/*/cec2020 empty), so the seed-policy correction invalidated nothing.","0,1,2,3,4,5,6,7,8",RS-12; RS-13; LM-06; PR-03; RS-11; LM-05; MT-02; MT-06; AB-02,configs/agsk_cec2020.yml; scripts/run_all_cec2020.py; papers/build_prompt_phases/phase_05/statistical_analysis_plan_addendum_cec2020_lsgo.md; papers/build_prompt_phases/phase_05/S8_cec2020_supplement_skeleton.tex; papers/governance/claims_evidence_matrix.csv; papers/governance/_pending_refreeze.json; docs/development/FINAL_PUBLICATION_PLAN.md,"CEC2020 campaign is NEW compute (no bank exists). The frozen banks for CEC2017, CEC2011 and CEC2013 are NEVER re-run and rel-2026-07-20-67d9345f9 is never re-minted; CEC2013LSGO banks already exist and are promoted, not re-run.",Author decision 2026-07-27 (scope) and 2026-07-28 (Gate 0 KEEP; unified seed policy for all suites),APPROVED 2026-07-28. Supersedes the LSGO campaign ruling that admitted an external descriptive-context layer; comparability_audit.md and the data_ledger.csv context rows are amended to out-of-paper-scope in Phase 2.
CR-0020,"Citation corpus reopened from 57 to at most 61 keys for exactly four admissions, all forced by the new scope: (1) the CEC2013LSGO suite definition (Li, Tang, Omidvar, Yang, Qin 2013) -- no key exists today and liang2013cec2013 is the WRONG suite (bound-constrained CEC2013); (2) yue2020cec2020, already present in references.bib but absent from the allowed set, now cited as the CEC2020 protocol source; (3) SHADE-ILS and (4) MOS, required because the mandatory large-scale limitation sentence (LM-06) cites PUBLISHED specialist results by name. DECC-G is NOT admitted: it is not named in any disclosure sentence.","Each admission costs the full citation lockstep enforced by papers/scripts/validate_citation_controls.py (C1-C5): references.bib entry, PDF in reference_papers/ with a README entry, evidence card, the citation role/usage/Word-tag maps, allowed_citation_keys.txt, and PAPER_BUILD_PROMPT Appendix A/B.4. Bibliographic metadata is taken from the PDF itself and never reconstructed from memory; a key whose PDF cannot be obtained stays BLOCKED and its dependent sentence is not written.","4,5,6",LM-06; RS-12; RS-13; PR-03,papers/references.bib; papers/governance/allowed_citation_keys.txt; papers/governance/citation_role_map.csv; papers/governance/citation_usage_map.csv; papers/governance/evidence_cards/; papers/PAPER_BUILD_PROMPT.md; reference_papers/,NONE. Citation-only change; no evaluation is re-run and no reported value changes.,"Author decision 2026-07-28 (externals out of the paper, large-scale limitation mandatory)","APPROVED 2026-07-31. Closure criteria met in full. All four admissions (the CEC2013LSGO suite definition, yue2020cec2020, SHADE-ILS, MOS) completed the citation lockstep: the corpus stands at 61 keys in allowed_citation_keys.txt and validate_citation_controls.py reports PASS: C1-C5 hold across all three citation-control files (role=61 usage=142 word=61 overrides=1), re-verified 2026-07-31. No key was recorded BLOCKED-NEEDS-PDF and no dependent sentence was withdrawn, so LM-06, RS-12, RS-13 and PR-03 all ship as written. Corroborated by _pending_refreeze.json ticket P0-CITATIONS (DONE 2026-07-28, CrossRef-verified metadata). Status-only closure: no manuscript file, evaluation, or reported value is touched, and this register is not among the files hashed by main_manuscript_freeze_manifest.json, so the pass-26 freeze is unaffected and no re-mint is required."
CR-0021,"Production budget re-set for the five-suite build. The shipped build exceeds the CR-0008 caps (B1 hard cap 40 pp, B2 hard cap 20,000 words): measured B1 = 41 pp, B2 = 22,821 tokens. The cause is the CR-0019 five-suite scope change: supplements S7/S8, the two new main-text results subsections with their panels (tab:cec2020-ranks, tab:lsgo-ranks), the main-text comparator parameter table, and the mandated registered disclosure text. Raised formally rather than absorbed: SE-005/SE-013-class rules forbid resolving an overrun by shrinking exhibits, and LM-06 plus the calibrated-statement text may not be cut for page budget.","pypdf page scan of papers/DT-GSK.pdf on 2026-07-31: 46 pp total; back matter (Author Contributions) begins p.42, so B1 = 41. B2 = 22,821 tokens over pp.1-41 by the CR-0008 recorded method (pdftotext, every token including table cells and numerals). MDPI Algorithms imposes no page or word limit; the cap is repo-internal reviewer-attention discipline, not venue compliance. Flagged by the eight-seat panel register (papers/governance/panel_review_register_2026-07-31.md, U-5/SEAT5-9).",12 (production only),"NONE. No claim, number, rank, p-value, equation, figure, or table value changes.","papers/build_prompt_phases/phase_04/page_budget.md (cap banner updated); papers/DT-GSK.pdf / .docx (measured, not modified by this CR)","NONE - no experiment, analysis, or optimizer code is touched. Production-side only.","Author directive 2026-07-31 (""fix all"" over the panel register); P1","APPROVED 2026-07-31. New caps: B1 hard cap 44 pp, B2 hard cap 24,000 words, both measured on the shipped PDF by the CR-0008 method. Prior caps (40 pp / 20,000 words) are SUPERSEDED. Any future build exceeding the new caps requires a further change request."
CR-0022,"Three defects in the frozen supplementary artifact, found by a four-seat adversarial code audit that re-derived every implementation claim from the shipped pub profile. (a) MATERIAL, and a main-text/supplement contradiction: papers/build_prompt_phases/phase_03/parameter_table_detail.tex line 73 carries the row 'trust-region budget policy | present, runtime-inert | redundant guard; not an active mechanism'. That file is \input by papers/supplementary.tex:1526, so the row renders on page 43 of the frozen supplementary.pdf. It is wrong on three counts. The trust-region displacement governor was REMOVED from the code at the paper freeze, which the main manuscript itself states (papers/sections/proposed_algorithm.tex:674-676), so the row names a mechanism that does not exist. The flag actually enabled at D>=100 is budget_policy_enabled, and it is not runtime-inert: it sets terra_ls_allowed = (nfes_used/max_nfes >= 0.70), which is ANDed into the coordinate-local-search trigger. It is therefore an active mechanism. The main manuscript describes it correctly at proposed_algorithm.tex:224 ('a budget/ROI gate additionally gates the local search'), so the supplement and the main text disagree and the supplement is the wrong one. It is also not exactly redundant with the tier's local_search_start_frac=0.70: the policy reads the consumed fraction BEFORE the BSE escape block while the local-search time gate reads it AFTER, and the escape consumes evaluations, so on the generation that crosses 0.70 inside an escape the policy suppresses a local search the time gate admits. (b) MINOR: the supplement prints the five-arm pi_0 vector (0.05,0.05,0.45,0.05,0.40), which sums to 1.00, and then states that for 20<=D<100 a sixth differential-evolution arm 'enters with initial probability 0.10-0.20 by tier' (supplementary.tex:1546-1563), with no mention of the rescale. As printed the six probabilities sum to 1.10-1.20. The shipped code rescales the five by 1-pi_DE and re-projects onto the simplex, giving (0.05,0.05,0.40,0.05,0.355,0.095) at 20-49 and (0.05,0.05,0.35,0.05,0.31,0.19) at 50-99. (c) MINOR OMISSION: the blockwise linkage mask's own dimension gate (linkage_min_dim = 10 below D=50, 30 above) appears nowhere in the supplement's detail table, which is introduced by the sentence 'Both halves derive from the same hash-frozen configuration and no value is omitted' (supplementary.tex:1523). The main manuscript does state the gate (proposed_algorithm.tex:236 and the tab:dim-gating caption), so the package is incomplete where it claims completeness rather than wrong.","Code, verified directly rather than on the audit's word: src/gsk_family/optimizers/_dt_core.py:3362-3365 records the trust-region governor's removal ('TR-GSK trust-region displacement governor removed in v4.1-paper-freeze (runtime-dead)') with terra_trust_clip_rate pinned to 0.0; :3915-3924 is the live budget_policy_enabled branch setting terra_ls_allowed from tau >= 0.70; :4149 ANDs it into the local-search trigger; :3922 (pre-escape read) versus :4113 (post-escape read) with budget.eval_batch_safe at :3962 and :4040 establishes the divergence. _dt_profiles.py:187 sets budget_policy_enabled=True at D>=100 and :113 sets local_search_start_frac=0.70. The pi_0 vectors were recomputed by running build_pub_config(D, seed=20240620, max_nfes=10000*D) and the shipped _ace_project_probs at D=10/30/50/100; linkage_min_dim was read the same way (10/10/30/30). Render confirmed with PyMuPDF: the string 'present, runtime-inert' appears on page 43 of papers/supplementary.pdf. Note the supplement is CORRECT on four other constants the audit checked -- the K_R coverage floor (supplementary.tex:1747-1748), the 0.5 ISM linkage mix (:1746), the D>=100 update thinning (:1648) and the conditional senior widening (:1755-1757) -- so this is a narrow defect set, not a systemic one.","3,5,12","NONE - no claim, number, rank, p-value or registered outcome is affected; the defect is in descriptive parameter text","papers/build_prompt_phases/phase_03/parameter_table_detail.tex (line 73, and the pi_0 row); papers/supplementary.tex (1523, 1546-1563); papers/supplementary.pdf; papers/supplementary.docx","NONE. No experiment, analysis, optimizer path or reported number is involved -- this is descriptive text about a mechanism, not a result. No rank, p-value, test, standing or registered outcome moves. The cost is a production re-mint only: rebuild supplementary.pdf/.docx at the pinned epochs (PDF 1783468800, DOCX 1783641600), twice for reproducibility, re-run the gate suite, re-mint the manifest as pass-31 and cut a superseding tag v2.6 with CITATION.cff bumped IN the tagged state. Main manuscript, cover letter and the three CSVs are untouched, so 2 of the 15 tracked hashes move.",Raised by Claude 2026-08-01 from the four-seat code audit; author decision pending,"APPROVED AND CLOSED 2026-08-01 (author directive ""fix all""). All three defects fixed and shipped in freeze pass-31 / tag v2.6. (a) The 'trust-region budget policy | present, runtime-inert | not an active mechanism' row is replaced by the budget/ROI gate it actually is: it admits the coordinate local search only from consumed budget fraction 0.70, duplicating the tier's local-search start but read before the escape rather than after it, and the trust-region displacement governor it descends from was removed from the code at the paper freeze. The supplement and the main text now agree. (b) The supplement states the DE rescale explicitly and gives the shipped starting vectors, so the six arm probabilities no longer print as summing past 1. (c) A linkage minimum-dimension row (10 below D=50, 30 at or above) is added to the detail table that claims no value is omitted. Verified: five artifacts byte-identical across two builds at the pinned epochs, check_manifest 15/15 at the pass-31 mint, all eleven gates green. No number, rank, p-value or registered outcome moved, as forecast. See D-0034."
CR-0023,"Journal round-1 major revision (algorithms-4507562, 2 reviewers, MAJOR REVISION 2026-08-24). Six of the ten reviewer points close with zero optimizer runs and are executed here; the other four require ~32,000 new runs and stay open. Raised under D-0047.","papers/review_2026_08_24/reviewer_reports_verbatim.md (both reports verbatim, plus reviewer 1's PDF; author-local, withheld from the public repository under D-0049). Recomputation evidence for (a) reproduced independently from benchmarks/cec_reference_results/_ablation/**; scope evidence for (e) at main.tex:180, introduction.tex:89, performance.tex:889 and :1239, conclusions.tex:104, supplementary.tex:1376.","3,5,8,12","NO claim, rank, p-value, effect size or registered outcome is invalidated. MT-01's permitted_wording is amended (control -> configuration) with its no-novel-operator constraint untouched. All seven component-study omnibus p-values DECREASE under the corrected convention; no Holm decision changes.","(a) R1.4 statistics: papers/scripts/{regen_cec2017_contrasts,promote_cec2017_overlay,generate_ablation_exhibits}.py; supplementary.tex; tables/SA01.tex, SA02.tex, word_sources/SA01.json; three overlay contrasts JSONs (additive keys only); _ablation/manifest.json. (b) R1.2 retitle + ACE re-gloss: 20 files incl. main.tex, supplementary.tex, both cover letters, build_docx.py docProps, CITATION.cff, README.md, SUBMISSION_KIT.md, citation_usage_map.csv (30 rows). (c) R2.4 ISM de-emphasis: abstract, keywords (5 places), performance.tex runtime. (d) R2.5 + R1.1: performance.tex:12, conclusions.tex:47, merged abstract. (e) R2.6 scope limb + S7 disclosures; comparability_audit.md, _ablation/manifest.json and run_ablation.py label corrections; evidence_gap_register.md T21/T22. (f) pass-39 re-mint + CITATION.cff 2.14.","NONE for the six points executed here -- all six are text, presentation-convention or reanalysis of frozen data. check_frozen_analysis 115/115 byte-identical. The four remaining points (R1.3/R2.2, R2.1, R2.3, R2.7) DO require new runs and are tracked separately; they are not part of this CR.",Raised by Claude 2026-08-25 under D-0047; author directed each phase in turn.,"APPROVED AND EXECUTED 2026-08-25, sub-items (a)-(f). Freeze pass-39 minted. TAG v2.14 DELIBERATELY WITHHELD by author directive until the four experiments are complete and their results integrated and validated -- CITATION.cff is advanced to 2.14 so the eventual tag ships a correct file. CLOSED 2026-08-26: the experimental closure this CR waited on is complete, tracked and closed separately as CR-0024 under D-0048. Freeze pass-40 supersedes pass-39 and the v2.14 tag is cut from it."
CR-0024,"Experiment track of the Algorithms round-1 major revision: the four reviewer points that could not be closed without new optimizer runs (R2.3 refinement-basis isolation, R1.3/R2.2 matched population size, R2.1 tiered vs tier-constant, R2.7 parameter sensitivity), plus their write-up into the manuscript. Raised under D-0047 and resolved under D-0048. Split from CR-0023, which covered only the six zero-run points.","Pre-registration signed 2026-08-25 before any result existed: papers/review_2026_08_24/revision_experiments_preregistration.md (hypotheses, Holm family structure per experiment, reporting convention, and the manuscript wording for each possible outcome including the adverse ones; amendments A1 and A2 appended post-hoc and disclosed). Raw evidence: benchmarks/cec_reference_results/_revision/ (release rev-rel-2026-08-26-dd42d37eb, 252 files, non-superseding). Analysis: papers/analysis/rev-rel-2026-08-26-dd42d37eb/ (self-manifested; 11 fail-closed known-answer pins reproduced; seed pairing verified by seed identity, 0 mismatches). Campaign: 31 legs, 32,451 runs, 22.19 h, zero failures.","3,5,8,12","TWO SUBMITTED CLAIMS FALSIFIED AND ACCEPTED. (1) C1's learned eigenbasis: E1 finds the plain coordinate axes outperform it at D = 50 (Holm 1.4e-4, 25 of 29 functions) and not separated at D = 100 -- C1 renamed 'a deterministic final polish' and claimed basis-neutrally; the polish itself is vindicated against no refinement at both tiers. (2) C2's tiering at D = 30: E3 finds the D = 10 parameter set beating the shipped one on 20 of 29 functions (Holm 5.5e-3) -- C2 narrowed to the demonstrated dimensions and the 20 <= D < 50 tier disclosed as mis-specified. E2 leaves the standing intact (top two at every dimension) but the D = 50 and D = 100 rank claims are qualified as resting in part on the NP = 5D rule. E4 is exploratory and licenses no claim. NO PRIMARY RESULT CHANGED: check_frozen_analysis 115/115 byte-identical.","New: papers/tables/{SA05,SA06,SA07,SA08}.tex + word_sources/*.json; papers/scripts/generate_revision_exhibits.py; papers/review_2026_08_24/response_to_reviewers.md. Modified: papers/supplementary.tex (Section S9 and its four subsections); papers/main.tex (abstract C1 basis-neutral); sections/{introduction,proposed_algorithm,performance,conclusions}.tex; papers/cover_letter.{md,tex,pdf} (converted to revision-1 form); CITATION.cff (release date and preferred-citation status); papers/scripts/validate_cross_format_parity.py (one narrow rule: a display cell reproducing a semantic value of its own row verbatim is derivable outright -- STRICTER than the per-number check it short-circuits); all four submission artifacts rebuilt.","COMPLETE -- this CR IS the rerun. 32,451 runs executed 2026-08-26 on the unified Threefry seed schedule shared with the frozen legs, so every paired test is paired run-for-run. No further runs are planned or required: the D = 30 tier repair that E3 and E4 both point at is left to future work rather than retro-fitted into a paper whose configuration is hash-frozen and pre-registered.",Raised by Claude 2026-08-26 under D-0047; author directed the campaign and the write-up.,"APPROVED, EXECUTED AND CLOSED 2026-08-26. All four experiments run, promoted, analysed and written into Supplementary Section S9 (Tables A43-A46); pre-registered adverse-branch wording applied unmodified for E1 and E3; response letter written. Freeze pass-40 minted, anchor 77f9bc0, check_manifest 15/15. Gate battery all exit 0 including cross_format_parity 761 rows / 0 FAIL and check_frozen_analysis 115/115. TAG v2.14 CUT from this pass: the author's 2026-08-25 hold required the four experiments to be complete, integrated and validated, and all three conditions are met."
CR-0025,"Correction pass against the PUBLISHED round-one revision (pass-41 / v2.14), before the SuSy resubmission. Twelve alleged defects in the shipped artifacts were verified independently and then challenged in the opposite direction. Nine survived and are corrected: the Table A45 caption asserting that the tie counts confirm both identity controls while the table beneath printed 2/25/2 for the D = 100 control (C1); the false self-audit that the population qualification is stated wherever the rank claims appear (C2); a universal falsified by the revision's own matched-population control (C3); 'perturbs no tier threshold' against a threshold the sweep does perturb (C6); an over-broad robustness-variant scope (C7); the 'only fitness-affecting channel' exclusivity claim, merged across two findings (C8+C9); a four-orders-of-magnitude overstatement that recomputes to two (C10); the transplant disclosure (C11); and the missing relativity warning on matched-population ranks (C12). The Data Availability Statement advances to v2.15 together with every artifact that hardcodes the tag.","Adjudication in two rounds: 12 independent verifications, then adversarial challenge of every verdict. 11 of 12 verdicts survived; C4 was REFUTED and its proposed fix rejected as a regression, so C4 is deliberately NOT edited. Of the proposed fixes that were audited, 10 of 11 were unsafe as written and were repaired before application - the diagnoses were reliable, the prescriptions were not. Every FROM anchor was verified byte-exact and unique before any write; per-file line endings were preserved; every edit was then verified in the BUILT PDF and in the DOCX rather than in the sources. C10 recomputed from the strict source: worst function F6 at D = 50 is 8.345e-05 against 7.716e-07, a ratio of 108.2 = 2.03 orders. C12's contested aggregate recomputed to 2.7802 against eGSK 2.8578, the method reproducing the paper's own printed 2.48 and 2.96 exactly. Swallowed-prose sweep: 0 suspicious resumptions introduced, diffed against the pre-pass baseline.","NONE. No experiment, analysis or evidence artifact is touched; check_frozen_analysis reads 115/115 byte-identical.","NO number, rank, p-value, effect size or decision changes. Contribution C3 is explicitly NOT narrowed: byte-stable determinism is claimed in the declared single-threaded environment, and a new D >= 50 regression now demonstrates it in the tier the previous test never reached. The Table A45 residual is reported without asserting a cause.","9 of the 15 freeze-tracked files move: papers/main.tex, sections/{introduction,performance,conclusions}.tex, DT-GSK.pdf, DT-GSK.docx, supplementary.pdf, supplementary.docx, cover_letter.pdf. Also supplementary.tex, cover_letter.tex, cover_letter.md, DT-GSK-plain-summary.tex, CITATION.cff (2.15), SUBMISSION_KIT.md, submission_package_manifest.json, README.md, three docs pages and the untracked reviewer response letter. The two _pandoc shims and docs/html are REGENERATED, never hand-edited.",NONE - no rerun. Wording and one tag only.,author,APPLIED
CR-0026,"Reconcile the Supplementary Material with the response letter before resubmission, and close the hashed-render / unhashed-source blind spot. The letter concedes in plain English that the D = 100 internal control does not hold and that the residual is unexplained; the Supplementary still asserted that no reported number, rank, p-value or decision depends on which revision of the optimizer source is used. Both ship in the same package, so both statements would have reached the referees together.","The exception is verified from the printed exhibit: Table A45's U-high row at D = 100 prints 2/25/2, where an identity control by construction would print 0/29/0. Bound and recomputed: Holm-adjusted p is 1.000 and A12 prints 0.500, which is exactly what a perfect identity would print, and D = 100 carries the largest raw p in its family so it cannot move the D = 10 or D = 50 headline values. No other exhibit draws on that cell, verified exhaustively across the Supplementary, the Conclusions and the method section. BIND audit for the edit: 192 contexts and 597 numeric tokens before and after, zero lost, zero gained.","NONE. No experiment, analysis or evidence artifact is touched; check_frozen_analysis reads 115/115 byte-identical.","NO number, rank, p-value, effect size or decision changes. Contribution C3 is NOT narrowed and no cause is asserted for the residual.","5 of the 15 freeze-tracked files move: papers/main.tex for the tag, and the four main and supplementary renders. cover_letter.pdf does not move. Also CITATION.cff (2.16), SUBMISSION_KIT.md, submission_package_manifest.json, and papers/scripts/check_manifest.py, which gains an additive source_files check.",NONE - no rerun. One prose edit and one tag.,author,APPLIED
CR-0027,"Three optional wording items carried before resubmission, the last entries on the open list. P1: 'no constant tested here is knife-edge' scoped to the magnitude register, so it cannot be read as contradicting the ordinal flip the same paragraph discloses. P2: the differencing prohibition carried into Table A46's caption. P3: the A12 convention declared once, at the subsection's own definition.","P1 verified against papers/tables/SA08.tex: the Ratio column extremes are 0.982 and 1.016, so max |ratio-1| is 1.8 per cent, and the one ordinally-flipping cell (n_min, D=30, hi) has Ratio 1.000 - the two registers are orthogonal in the data, not merely separable. 'in magnitude' is the subsection's own existing phrasing 25 lines earlier. P2 verified by grepping every differencing and re-ranking mention in the supplement: the document's ONLY such prohibition sits at :3760 and is attached to Table A44, so Table A46 had none. P3 verified against papers/scripts/ablation_overlay_effects.py, which takes per-function A12 on raw runs and then the mean over functions, against analyze_revision_experiments.py, which pools 29 x 51 into one list and runs all-pairs - two genuinely different aggregations of the same contrast. BIND audit: 192 contexts and 597 numeric tokens before and after, none lost or gained.","NONE. No experiment, analysis or evidence artifact touched; check_frozen_analysis 115/115.","NO number, rank, p-value, effect size or decision changes.","5 of the 15 tracked files move: papers/main.tex for the tag and the four main and supplementary renders. cover_letter.pdf does not. Also CITATION.cff (2.17), SUBMISSION_KIT.md and submission_package_manifest.json.",NONE - no rerun. Three prose edits and one tag.,author,APPLIED
CR-0028,"Discharge the reader-facing findings of a deep application of the project's own review instrument (papers/PAPER_REVIEW_PROMPT.md): 14 stage-mapped dimensions, 82 findings each adversarially verified. Two Major main-text corrections plus four smaller items.","T1: section 3.5, the subsection defining C1, still asserted that whether the learned basis outperforms coordinate axes is not established and routed to the superseded S6.5, while S9.1 established the opposite (coordinate axes win at D = 50, Holm 1.4e-4, 25 of 29 functions). Found independently by four dimensions; it is the exact point reviewer 2 raised. T2: the evidence-discipline paragraph claimed the pipeline may read only the three releases identified in the Data Availability Statement; the statement identifies four and a main-text result also draws on the ablation overlay release. T3: Table A43's caption described the pooled A12 with the phrase S6.5 uses for the per-function-averaged one, a collision pass-44 sharpened. Verified: BIND contexts and numeric tokens unchanged in all three edited sources, zero lost, zero gained; four artifacts rebuilt twice and byte-compared; twelve gates green; every edit read out of the PDF.","NONE. No experiment, analysis or evidence artifact touched; check_frozen_analysis 115/115.","NO number, rank, p-value, effect size or decision changes. C3 untouched. C1's basis-neutral framing is reinforced, not altered.","7 of the 15 tracked files move: main.tex, sections/proposed_algorithm.tex, sections/performance.tex and the four renders. Also supplementary.tex, CITATION.cff (2.18), SUBMISSION_KIT.md, submission_package_manifest.json.",NONE - no rerun. Wording and one tag.,author,APPLIED
CR-0029,"Round-two batch answering the external second-round audit: the E5 dimension-boundary sensitivity study (registered as pre-registration Amendment A4 BEFORE execution), the canonical near-zero tie rule the paper stated but the revision analyzer had skipped (Amendments A5-A6), the audit's P0 text corrections, and the submission package manifest resynced to the actual bytes.","E5 executed as four new 15-run cells (1,740 runs) plus one registered cell reusing E3's U-low arm; promoted as rev2-rel-2026-08-28-203c78744. Tie rule implemented in src/gsk_family/analysis/statistics.py (wilcoxon_paired zero_tol, default 0.0 preserves callers) with five known-answer tests; analyzer passes 1e-8. One decision flips: E1 D100 eigenframe-vs-coordinate 0.054296 -> 0.048869, now separated.",S9.5 and Table A47 added; S9.1 canonical values regenerated; abstract at 195 texcount words.,One decision changes (E1 D100 separated); C2 as narrowed is untouched by every E5 cell.,"main.tex, supplementary.tex and the four renders; CITATION.cff (2.22), SUBMISSION_KIT.md, submission_package_manifest.json.",E5 executed once; no other rerun.,author,APPLIED
CR-0030,"Reopened-items batch, on the author's explicit instruction to implement every item previously closed by decision or deferred as polish.","D-0051 identity re-execution promoted as g1-rel-2026-08-28-65b3d39e6 with a fail-closed verdict re-derivation (255 cells; 26/26 divergent cells reproduce the transplant arm, 229/229 agreeing cells reproduce both, zero seed mismatches). Figure 4 redesigned; convergence captions tightened; cover letter reframed; references.bib pruned 61 -> 44 with the three citation-control files.",Table A45 caption and the S6 package paragraph now report the residual as a demonstrated build difference; every reviewer/revision-process reference removed from the published artifacts; S9 retitled Mechanism-Isolation and Sensitivity Experiments.,"NO number, rank, p-value or decision changes.","main.tex, supplementary.tex, sections and the four renders; CITATION.cff (2.23), SUBMISSION_KIT.md, submission_package_manifest.json.",NONE - no rerun beyond the already-staged g1 diagnostic.,author,APPLIED
CR-0031,Acceptance-readiness review executed at maximal input over all 92 register passages plus rendered-text sweeps; five verified findings fixed.,"S6.5 asserted the eigenbasis-vs-coordinate question 'remains unidentified' eight lines above the same paragraph's statement that S9.1 answers it (fourth member of the stale-open-claim family). Three revision-process references survived the pass-50 sweep because each wraps across a source line break - caught only in the rendered text. Environment attestation predated pass-49's statistics.py change (613 tests recorded, 618 collected); re-minted green at 618 x2.",S6.5 scoped to phase-level attribution with the basis-level pointer to S9.1; three process references removed; supplement test count 613 -> 618.,"NO number, rank, p-value or decision changes.","supplementary.tex, sections/performance.tex, sections/proposed_algorithm.tex, sections/conclusions.tex and the renders; CITATION.cff (2.24), SUBMISSION_KIT.md, submission_package_manifest.json.",NONE - no rerun. Attestation re-run only.,author,APPLIED
CR-0032,"Seven-lens fourteen-agent panel review of the reviewer-facing response letter; 28 confirmed findings fixed, plus the cover letter's stale register count.","The letter quoted the revised abstract as 'scalar control' where the shipped abstract says 'scalar parameters'; two E1 table cells carried the superseded exact-zero values (6.1e-4, 3.0e-6) instead of the canonical tie-rule values Table A43 prints (6.8e-4, 4.0e-6); SA01/SA02 are internal include filenames that reviewers see as Tables A23-A24. Separately the package manifest's recorded byte sizes had been silently stale since pass-51 - no gate checks them.",Response letter corrected throughout (untracked); cover_letter.tex/.md replaced the stale 84-passage count with count-free wording.,"NO number, rank, p-value or decision changes.","cover_letter.tex, cover_letter.md, cover_letter.pdf, main.tex (DAS tag) and the renders; CITATION.cff (2.25), SUBMISSION_KIT.md, submission_package_manifest.json.",NONE - no rerun.,author,APPLIED
CR-0033,"Full remediation pass on the consolidated findings of five re-applied review instruments: every manuscript, governance, documentation and reproducibility defect fixed, with only submission-day operational actions deferred.","Manuscript: the supplement's ninth limitation asserted the tier boundaries were 'unvaried, so their sensitivity is untested' nine pages before S9.5, which varies them and finds against the shipped profile in two of five cells; no published sentence explained why ISM and its eigenbasis still ship despite measured cost and null benefit; C2's narrowing appeared at one site while C1's appeared at five; the abstract's 'only at CEC2017's D=10' was false for CEC2013 D=10 (p_Holm 0.0017, favourable). Build: the deterministic epoch had been lost from build_pdf.py and build_supplementary.py since pass-51, so the shipped PDFs carried wall-clock timestamps under a manifest claiming double-build determinism; the epoch is now pinned inside both builders and a double build verifies byte-identical.",Supplement limitation reconciled with S9.5; retention rationale added to the Conclusions; C2 narrowed in the Introduction; abstract quantifier scoped; S9.1 pointer added at the alternative-explanations paragraph; LSGO fifty-fold ratio disclosed in the main text; A46 caption states the registered integer convention; C1 stage named consistently; Figure 4 value labels no longer struck by the critical-difference rule.,"NO number, rank, p-value, effect size or decision changes. Every edit is wording, placement or disclosure.","main.tex, all five section files, supplementary.tex and the four renders; plus CITATION.cff (2.26), SUBMISSION_KIT.md, submission_package_manifest.json, reproducibility_manifest.json, build_pdf.py, build_supplementary.py, generate_nemenyi_cd.py.",NONE - no rerun. Figure 4 regenerated from the frozen rel-2026-07-20 bundle.,author,APPLIED
CR-0034,"Merged findings of five re-applied review instruments and three cross-audits after pass-53: the C1 stage rename missing from both architecture tables, a pre-registration auditability claim the squashed public history falsifies, an abstract suite anaphor that made a rank claim false, a tie-band claim contradicted by its own paragraph, an over-absolute unfavorable-cell claim, three findings absent from the Conclusions, the CEC2020 runner-up citation pointing at the APGSK paper, an undisclosed Amendment A3, a cover letter whose Markdown twin contradicted its own adverse-finding count, five red mypy errors under five clean assertions, and a hosted CI asserted by fourteen documents that has never existed",papers/DT-GSK.pdf and papers/supplementary.pdf renders; git cat-file on the recorded signing commit; Table 14 and Table A16 rank cells; papers/governance/decision_log.md D-0059,freeze pass-54,C1 stage name; pre-registration auditability; abstract CEC2013 D=30 rank; C2 narrowing; E1 basis negative at D=100; E2 population-rule bound,papers/main.tex; papers/sections/proposed_algorithm.tex; papers/sections/performance.tex; papers/sections/conclusions.tex; papers/supplementary.tex; papers/cover_letter.tex; papers/main_pandoc.tex; papers/supplementary_pandoc.tex; all five shipped artifacts,"No re-run. No number, rank, p-value or decision changes; every edit is prose, a table label, or a citation key. Both PDFs and both DOCX rebuilt at the pinned epoch and verified byte-reproducible.",author,applied at pass-54 / v2.27 (D-0059)
CR-0035,"Author-directed closure of pass-54 register issues 4-10 after six-agent verification: abstract trimmed to 199 rendered words in unregistered material only, an additive gating-taxonomy sentence in the CEC2020 subsection, six verified supplement caption/prose refinements, three genuine orphan-table references (seven candidates refuted as range-covered), three page-order clearpage flushes, 87 re-based algorithm-guide citations, verbatim register hunk context with the latent tex_escape ordering bug fixed, an orientation blockquote, and two cross-slugger anchor repairs",Six read-only verification agents (workflow wf_2185caa0-005); papers/DT-GSK.pdf and papers/supplementary.pdf renders; papers/analysis/rev2-rel-2026-08-28-203c78744 bundles; the hash-gated _dt_profiles.py; papers/governance/decision_log.md D-0060,freeze pass-55,abstract length and voice (registered sentences byte-identical); inactive-at-D<=20 scoping; A43/A45/A47 caption completeness; E5 adverse mean-rank disclosure; S7.1 port provenance; S9.4 monotonicity claim,papers/main.tex; papers/main_pandoc.tex; papers/sections/performance.tex; papers/supplementary.tex; papers/scripts/build_change_register.py; docs/algorithms/*.md; all five shipped artifacts,"No re-run. No number, rank, p-value or decision changes; every edit is prose, a caption, a cross-reference, a float flush, or a citation number. Both PDFs and both DOCX rebuilt at the pinned epoch and verified byte-reproducible; supplement pagination grew 81 -> 83 by design.",author,applied at pass-55 / v2.28 (D-0060)
CR-0036,"From-scratch re-application of all five review instruments at pass-55/v2.28 (31 findings, 45 agent-refuted): the cover letter's blanket before-any-result-existed pre-registration claim (false for E5 on its natural reading) aligned with the response letter's precise chronology; cover-letter PDF metadata added; RS-12's quoted verbatim aligned to the abstract locus; three unbound shipped figures bound in artifact_binding; plus the batch-A ordinary commits (the stale-claim family's fifth recurrence across seven documents, the live upload-day instructions ordering the register from the superseded v2.27 diff, the missing eGSK source in CITATION.cff, the check_manifest resolvability gate after the pass-55 invented-tail published_commit)",Five instrument agents (workflow wf_e98d4e7c-276); papers/DT-GSK.pdf and cover_letter.pdf renders; git cat-file on the recorded commits; papers/governance/decision_log.md D-0061,freeze pass-56,pre-registration chronology (cover letter); E1 D=100 canonical result in public-facing docs; RS-12 verbatim; figure provenance bindings,papers/cover_letter.tex; papers/cover_letter.md; papers/governance/claims_evidence_matrix.csv; papers/governance/artifact_binding.csv; papers/main.tex (DAS tag); all five shipped artifacts,"No re-run. No number, rank, p-value or decision changes; every edit is prose, metadata, a governance row, or a citation. Rebuilt artifacts verified byte-reproducible at the pinned epoch.",author,applied at pass-56 / v2.29 (D-0061)
CR-0037,"Author-directed closure of the optional-queued and immutable-history register items: artifact_binding's output_checksum column re-derived (84 stale pairs across 48 rows, two independent derivations in agreement, no other column changed); the protocol-conformance sentence added to Section 3.2 after verifying all five suites' in-repo protocol authorities prescribe no population size; the letter's not-a-manuscript-statement aside updated; the freeze manifest gains immutable_history_note disclosing the two unfixable-by-design history blemishes",Two verification agents (workflow wf_b5c71f55-7b6); independent sha256 recomputation; papers/DT-GSK.pdf render (Table 13 reference verified); papers/governance/decision_log.md D-0062,freeze pass-57,figure/table provenance checksums; protocol conformance of both population settings; immutable-history disclosure,papers/governance/artifact_binding.csv; papers/sections/proposed_algorithm.tex; papers/main_pandoc.tex; papers/main.tex (DAS tag); papers/governance/main_manuscript_freeze_manifest.json; all five shipped artifacts,"No re-run. No number, rank, p-value or decision changes; checksum metadata, one protocol sentence, one governance note. Rebuilt artifacts verified at the pinned epoch.",author,applied at pass-57 / v2.30 (D-0062)
CR-0038,"Author-directed author-metadata update: Ali Wagdy Mohamed gains affiliation 2 (University of Science and Technology, Zewail City of Science and Technology, 6th of October City, Giza 12588, Egypt) in the manuscript, the DOCX shim, the Supplementary Materials, CITATION.cff and the submission kit's portal author table; the same close folds in the four-lens sweep's documentation repairs (severed flip sentence, stale next-free ids, package manifest v2.28 note and hand-typed timestamp, What-remains 3-5, P3 pointer)",Author instruction 2026-08-29; four-lens open-issues sweep (workflow wf_b7803afe-c3a); papers/DT-GSK.pdf page-1 render; papers/governance/decision_log.md D-0063,freeze pass-58,author affiliation metadata; documentation currency,papers/main.tex; papers/main_pandoc.tex; papers/supplementary.tex; CITATION.cff; papers/submission/SUBMISSION_KIT.md; all five shipped artifacts; papers/governance manifests; REVISION_STATUS.md; CLAUDE.md,"No re-run. No number, rank, p-value or decision changes; author metadata and documentation only. Renders rebuilt at pinned epochs, main PDF double-built byte-identical, page counts unchanged.",author,applied at pass-58 / v2.31 (D-0063)
CR-0039,"Author-directed author-metadata update: the corresponding author's byline carries the full name Mostafa Elsayed Ahmed Masoud with matching initials M.E.A.M. in the address block, CRediT statement and Conflicts of Interest statement, across the manuscript, Supplementary Materials, cover letter, plain-language summary, CITATION.cff, README, submission kit, response letter and the withheld author-side documents (54 edits, 12 documents)",Author instruction 2026-08-29; papers/DT-GSK.pdf page-1 render; papers/governance/decision_log.md D-0064,freeze pass-59,author name metadata,papers/main.tex; papers/supplementary.tex; papers/cover_letter.tex; papers/DT-GSK-plain-summary.tex; CITATION.cff; README.md; papers/submission/SUBMISSION_KIT.md; all five shipped artifacts; papers/governance manifests,"No re-run. No number, rank, p-value or decision changes; author metadata only. All renders rebuilt at pinned epochs and double-built byte-identical; page counts unchanged.",author,applied at pass-59 / v2.32 (D-0064)
CR-0040,"Author-directed presentation pass: the Data Availability Statement keeps the primary evidence release inline and compresses the five auxiliary additive release identifiers into one sentence deferring to the Supplementary Materials and repository manifests (the inline hash-suffixed enumeration read as machine output); Algorithm 1 re-rendered at papers/sections/algorithm_pseudocode_render.tex with one line per step and no orphaned anchors, semantics and frozen loop order unchanged, phase_03 canonical sources untouched",Author instruction 2026-08-29; papers/DT-GSK.pdf page-12 and page-45 renders; papers/governance/decision_log.md D-0065,freeze pass-60,presentation only: DAS release-ID prose; pseudocode rendering,papers/main.tex; papers/sections/proposed_algorithm.tex; papers/sections/algorithm_pseudocode_render.tex (new); all five shipped artifacts; papers/governance manifests,"No re-run. No number, rank, p-value or decision changes; renders rebuilt at pinned epochs, main PDF double-built byte-identical, page counts and letter page anchors unchanged.",author,applied at pass-60 / v2.33 (D-0065)
CR-0041,"Author-directed presentation pass, part two: the four mdpi.cls back-matter statements (Acknowledgments, Author Contributions, Funding, Conflicts of Interest) re-declared at fontsize 9/11.5 in the preamble, curing the class's 9/9 zero-leading crush; the Section 3 twelve-step execution-order list gains item separation and a keep-together guard, rendering as one block on page 15; the letter's single page-16 reference updated for the resulting one-page shift of the Section 3.3 C2-narrowing statement",Author instruction 2026-08-29; papers/DT-GSK.pdf page-15/45/46 renders; papers/governance/decision_log.md D-0066,freeze pass-61,presentation only: back-matter leading; list spacing; one letter page ref,papers/main.tex; papers/sections/proposed_algorithm.tex; all five shipped artifacts; papers/governance manifests; response letter (untracked),"No re-run. No number, rank, p-value or decision changes; renders rebuilt at pinned epochs, main PDF double-built byte-identical, page counts unchanged, letter anchors re-verified.",author,applied at pass-61 / v2.34 (D-0066)
CR-0042,"Author-directed presentation pass, part three: the Supplementary Materials and Abbreviations statements - the last two users of mdpi.cls's fontsize 9/9 zero-leading style - re-declared at 9/11.5 in the manuscript preamble, closing the crushed-back-matter family opened at pass-61; the class's remaining 9/9 sites verified to carry real leading via their own spacing/linespread wrappers",Author instruction 2026-08-29; papers/DT-GSK.pdf page-44 render; papers/governance/decision_log.md D-0067,freeze pass-62,presentation only: back-matter leading,papers/main.tex; all five shipped artifacts; papers/governance manifests,"No re-run. No number, rank, p-value or decision changes; renders rebuilt at pinned epochs, main PDF double-built byte-identical, page counts and letter anchors unchanged.",author,applied at pass-62 / v2.35 (D-0067)
CR-0043,"Resubmission re-dated to 2026-08-30 (author submits today, two days ahead of the confirmed 2026-09-01 deadline): cover letter and response letter re-dated 30 August 2026 and rebuilt; CITATION.cff date-released and planned-date updated with the deadline noted; status documents drop the zero-slack framing",Author instruction 2026-08-30; papers/cover_letter.pdf and papers/submission/response_to_reviewers.pdf renders; papers/governance/decision_log.md D-0068,freeze pass-63,"dates only: letter dates, CFF dates, planning language",papers/cover_letter.tex; papers/cover_letter.md; CITATION.cff; papers/main.tex (DAS tag); all five shipped artifacts; papers/governance manifests; response letter (untracked),"No re-run. No number, rank, p-value or decision changes; renders rebuilt at pinned epochs and double-built byte-identical; page counts and letter anchors unchanged.",author,applied at pass-63 / v2.36 (D-0068)
CR-0044,"Editorial-office request (email, 2026-09-01): supplementary material must be standalone - remove all reference content and clear all highlighted markings. The markings were the latexdiff marks of the changes-marked supplement the office had on file (verified byte-identical to DT-GSK-supplementary-changes-marked.pdf); the clean supplement is re-sent with its citation apparatus removed: 30 cite callouts (31 key instances, 26 lines) and the bibliography block",Editorial email 2026-09-01; papers/supplementary.pdf render (82 pp, zero bracket callouts, no References section); papers/governance/decision_log.md D-0069,freeze pass-64,"none: presentation-layer citation apparatus only; registered wording byte-identical; all 18 supplement keys remain cited in the main text",papers/supplementary.tex; papers/governance/citation_usage_map.csv (31 supplement rows removed); papers/main.tex (DAS tag); CITATION.cff; papers/submission/SUBMISSION_KIT.md; all four main/supplement renders; papers/governance manifests,"No re-run. No number, rank, p-value or decision changes; renders rebuilt at pinned epochs and double-built byte-identical; supplement 83 -> 82 pp with every sent-letter page anchor verified unmoved.",author,applied at pass-64 / v2.37 (D-0069)
CR-0045,"Editorial office asked (email, 2026-09-02) for the Word version of the revised supplementary material so its English-editing team can polish the language. Two defects in that artifact fixed first, both confined to the Word channel: build_docx.py rendered the raw label [eq:opspec-conf] in the body text because replace_refs matched only ref and not eqref, and docProps carried the short author name",Editorial email 2026-09-02; papers/supplementary.docx rebuilt (REF fields 87 to 89, zero leaked labels, full name in dc:creator); papers/governance/decision_log.md D-0070,freeze pass-65,"none: no manuscript source and no PDF changed; all three PDFs byte-identical to v2.37, the state the paper in production prints",papers/scripts/build_docx.py; papers/DT-GSK.docx; papers/supplementary.docx; papers/supplementary_pandoc.tex (regenerated); word/field_registry.csv; CITATION.cff; papers/governance manifests,"No re-run. Both DOCX rebuilt twice at epoch 1783641600 and byte-identical; cross-format parity 755 rows 0 FAIL; PDFs untouched and verified unchanged against the freeze digests.",author,applied at pass-65 / v2.38 (D-0070)
CR-0046,"Supplementary Materials aligned with the accepted article before being re-sent to the journal in all three formats. The authors supplied corrected affiliations while answering the proof queries, and MDPI production had restyled the article in ways the supplement never saw",Author message 2026-09-02 (affiliations); word-level diff of papers/DT-GSK.pdf against the MDPI proof PDF (post-hoc to post hoc, 6 occurrences); papers/governance/decision_log.md D-0071,freeze pass-66,"none: no number, claim or registered sentence changed",papers/supplementary.tex; papers/supplementary.pdf; papers/supplementary.docx; papers/supplementary_pandoc.tex (regenerated); word/field_registry.csv; CITATION.cff; papers/governance manifests,"No re-run. Supplement PDF and DOCX each rebuilt twice and byte-identical; 82 pages unchanged; every fix verified in the rendered PDF; main manuscript untouched and verified byte-identical to v2.38.",author,applied at pass-66 / v2.39 (D-0071)
CR-0047,"Article title revised and both affiliations corrected, as returned with the galley proof: title becomes ...for Gaining-Sharing Knowledge-Based Optimization Algorithm; affiliation 1 becomes Department of Operations Research; affiliation 2 gains the Mathematics Program, becomes October Gardens 6th of October, postcode 12588 to 12578",Author messages 2026-09-02 (title form confirmed as title case; affiliations supplied verbatim); papers/governance/decision_log.md D-0072,freeze pass-67,"none: metadata only; no number, claim or registered sentence changed",papers/main.tex; papers/supplementary.tex; CITATION.cff; papers/scripts/build_docx.py; papers/submission/SUBMISSION_KIT.md; all four renders; papers/governance manifests,"No re-run. All four renders rebuilt twice and byte-identical; title and both affiliations verified in each render; full ladder green.",author,applied at pass-67 / v2.40 (D-0072)
CR-0048,"Cover letter updated to carry the revised article title and re-dated 2 September 2026",Author request 2026-09-02; papers/cover_letter.pdf render (2 pp, title and date read back); papers/governance/decision_log.md D-0073,freeze pass-68,"none: letter metadata only; the body remains the account of the round-one revision",papers/cover_letter.tex; papers/cover_letter.md; papers/cover_letter.pdf; papers/governance manifests,"No re-run. PDF rebuilt twice at the pinned epoch and byte-identical; both twins moved together so the title-consistency gate stays green.",author,applied at pass-68 / v2.41 (D-0073)
CR-0049,"Em-dash density reduced in the Supplementary Materials: 148 of 156 printing em-dashes replaced with commas, colons, semicolons or parentheses. Supervisor instruction to minimise traces of AI drafting, dashes where commas belong being the named example",Supervisor instruction relayed by the author 2026-09-02; papers/supplementary.pdf render (82 pp, 8 dashes remaining); papers/governance/decision_log.md D-0074,freeze pass-69,"none: punctuation only; no wording, number, claim or registered word changed",papers/supplementary.tex; papers/supplementary.pdf; papers/supplementary.docx; papers/supplementary_pandoc.tex (regenerated); word/field_registry.csv; papers/governance manifests,"No re-run. Each site judged against its own sentence; pairs applied atomically; parenthesis balance over rendered text unchanged; PDF and DOCX rebuilt twice byte-identical; parity 755 rows 0 FAIL; evidence bindings green.",author,applied at pass-69 / v2.42 (D-0074)
CR-0050,"Table row shading removed for consistency with the MDPI table style, in both channels: the PDF zebra macro made a no-op, and the grey header fill written by build_docx.py removed from the DOCX. A stray space before a parenthesis left by the pass-69 de-dashing also closed",Author report 2026-09-02; papers/supplementary.pdf and both DOCX renders (0 shading elements across 70 tables); papers/governance/decision_log.md D-0075,freeze pass-70,"none: presentation only; no wording, number or claim changed",papers/supplementary.tex; papers/scripts/build_docx.py; papers/supplementary.pdf; papers/supplementary.docx; papers/DT-GSK.docx; papers/governance manifests,"No re-run. Page counts unchanged 48/82; parity 755 rows 0 FAIL; bindings green; shading verified absent in all three rendered formats.",author,applied at pass-70 / v2.43 (D-0075)
CR-0051,"Cover letter de-dashed to match the manuscript. It was built at pass-68, before the pass-69 de-dashing, so it still carried four em-dashes and no longer matched either the manuscript or the plain-text version supplied to the author",Author request for current artifacts 2026-09-02; papers/cover_letter.pdf render (2 pp, zero dashes); papers/governance/decision_log.md D-0076,freeze pass-71,"none: punctuation only",papers/cover_letter.tex; papers/cover_letter.md; papers/cover_letter.pdf; papers/governance manifests,"No re-run. Both twins moved together; PDF rebuilt twice and byte-identical; full ladder green.",author,applied at pass-71 / v2.44 (D-0076)
CR-0052,"Second-round proof queries: affiliation 2 reordered to department-faculty-school-city-country; Author 2 Yahoo address replaced with her institutional one; four out-of-sequence table citations fixed in the returned proof",Editorial email 2026-09-03 with the highlighted second proof; corrected proof render (first-citation order 1..19, no gaps); papers/governance/decision_log.md D-0077,freeze pass-72,"none: metadata and cross-reference placement only; no number, claim or registered sentence changed",papers/main.tex; papers/supplementary.tex; CITATION.cff; all four renders; papers/governance manifests; the returned proof .tex (outside the repository),"No re-run. Renders rebuilt at pinned epochs; parity 755 rows 0 FAIL; bindings green; citation order recomputed from the rebuilt .aux rather than assumed.",author,applied at pass-72 / v2.45 (D-0077)
