citation_key,file,in_build,line,section,semantic_role,in_allowed_57,evidence_card,usage_condition_class,evidence_card_supported,context
apgsk2021,sections/conclusions.tex,yes,63,Conclusions,APGSK/adaptive-parameter family baseline,PASS,evidence_cards/apgsk2021.md,optional-role-scoped,yes - role-consistent per citation_role_map (manual spot-check 2026-07-11),the runner-up~\cite{apgsk2021} --- \dtgsk{} places fourth; the family
omidvar2014dg,sections/conclusions.tex,yes,187,Conclusions,differential grouping and decomposition comparison/future work,PASS,evidence_cards/omidvar2014dg.md,optional-role-scoped,yes - role-consistent per citation_role_map (manual spot-check 2026-07-11),line~\cite{omidvar2014dg} remains future work.
awad2016problem,sections/introduction.tex,yes,20,Introduction,"CEC2017 suite definition: function set, search bounds, dimensions, run budget, and the 1e-8 success floor",PASS,evidence_cards/awad2016problem.md,optional-role-scoped,yes - role-consistent per citation_role_map (manual spot-check 2026-07-11),"formalize~\cite{awad2016problem,das2011cec2011}."
das2011cec2011,sections/introduction.tex,yes,20,Introduction,verified CEC2011 definition role,PASS,evidence_cards/das2011cec2011.md,optional-role-scoped,yes - role-consistent per citation_role_map (manual spot-check 2026-07-11),"formalize~\cite{awad2016problem,das2011cec2011}."
hussain2019metaheuristic,sections/introduction.tex,yes,25,Introduction,field framing and taxonomy only as supported,PASS,evidence_cards/hussain2019metaheuristic.md,optional-role-scoped,yes - role-consistent per citation_role_map (manual spot-check 2026-07-11),"exist~\cite{hussain2019metaheuristic,del2019bio}."
del2019bio,sections/introduction.tex,yes,25,Introduction,field framing and taxonomy only as supported,PASS,evidence_cards/del2019bio.md,optional-role-scoped,yes - role-consistent per citation_role_map (manual spot-check 2026-07-11),"exist~\cite{hussain2019metaheuristic,del2019bio}."
mohamed2020gaining,sections/introduction.tex,yes,42,Introduction,"GSK origin, inherited mechanics, thematic comparison",PASS,evidence_cards/mohamed2020gaining.md,optional-role-scoped,yes - role-consistent per citation_role_map (manual spot-check 2026-07-11),for the whole run~\cite{mohamed2020gaining}.
mohamed2020agsk,sections/introduction.tex,yes,45,Introduction,AGSK method and family baseline,PASS,evidence_cards/mohamed2020agsk.md,optional-role-scoped,yes - role-consistent per citation_role_map (manual spot-check 2026-07-11),"pool updated by success history~\cite{mohamed2020agsk}, and \apgsk{}"
apgsk2021,sections/introduction.tex,yes,46,Introduction,APGSK/adaptive-parameter family baseline,PASS,evidence_cards/apgsk2021.md,optional-role-scoped,yes - role-consistent per citation_role_map (manual spot-check 2026-07-11),extends those parameter-adaptation pools~\cite{apgsk2021}. \fdbagsk{}
fdbagsk2023,sections/introduction.tex,yes,49,Introduction,FDB-AGSK and fitness-distance-balance family baseline,PASS,evidence_cards/fdbagsk2023.md,optional-role-scoped,yes - role-consistent per citation_role_map (manual spot-check 2026-07-11),predecessor~\cite{fdbagsk2023}. \egsk{} adds dual adaptive knowledge
jawad2024egsk,sections/introduction.tex,yes,51,Introduction,eGSK family baseline and verified mechanism scope,PASS,evidence_cards/jawad2024egsk.md,optional-role-scoped,yes - role-consistent per citation_role_map (manual spot-check 2026-07-11),sequential-quadratic-programming solver~\cite{jawad2024egsk}. \atmals{}
alfadli2025atmals,sections/introduction.tex,yes,54,Introduction,ATMALS-GSK and memory/local-search family baseline,PASS,evidence_cards/alfadli2025atmals.md,optional-role-scoped,yes - role-consistent per citation_role_map (manual spot-check 2026-07-11),acknowledge~\cite{alfadli2025atmals}.
jawad2024egsk,sections/performance.tex,yes,48,Experimental Setup,eGSK family baseline and verified mechanism scope,PASS,evidence_cards/jawad2024egsk.md,optional-role-scoped,yes - role-consistent per citation_role_map (manual spot-check 2026-07-11),"polish~\cite{jawad2024egsk}, realized as MATLAB fmincon in the family's"
awad2016problem,sections/performance.tex,yes,61,Experimental Setup,"CEC2017 suite definition: function set, search bounds, dimensions, run budget, and the 1e-8 success floor",PASS,evidence_cards/awad2016problem.md,optional-role-scoped,yes - role-consistent per citation_role_map (manual spot-check 2026-07-11),suite is the CEC2017 bound-constrained suite~\cite{awad2016problem}:
das2011cec2011,sections/performance.tex,yes,69,Experimental Setup,verified CEC2011 definition role,PASS,evidence_cards/das2011cec2011.md,optional-role-scoped,yes - role-consistent per citation_role_map (manual spot-check 2026-07-11),"The real-world suite is CEC2011~\cite{das2011cec2011}, which supplies"
liang2013cec2013,sections/performance.tex,yes,83,Experimental Setup,verified CEC2013 definition role,PASS,evidence_cards/liang2013cec2013.md,optional-role-scoped,yes - role-consistent per citation_role_map (manual spot-check 2026-07-11),"Finally, CEC2013~\cite{liang2013cec2013} is reported as a second"
yue2020cec2020,sections/performance.tex,yes,90,Experimental Setup,verified CEC2020 definition role,PASS,evidence_cards/yue2020cec2020.md,optional-role-scoped,yes - role-consistent per citation_role_map (manual spot-check 2026-07-11),registration. The CEC2020 bound-constrained suite~\cite{yue2020cec2020}
li2013lsgo,sections/performance.tex,yes,98,Experimental Setup,verified CEC2013-LSGO definition role,PASS,evidence_cards/li2013lsgo.md,optional-role-scoped,yes - role-consistent per citation_role_map (manual spot-check 2026-07-11),The CEC2013LSGO large-scale suite~\cite{li2013lsgo} --- distinct from
wilcoxon1945individual,sections/performance.tex,yes,278,Experimental Setup,signed-rank test,PASS,evidence_cards/wilcoxon1945individual.md,optional-role-scoped,yes - role-consistent per citation_role_map (manual spot-check 2026-07-11),a two-sided Wilcoxon signed-rank test~\cite{wilcoxon1945individual}
holm1979simple,sections/performance.tex,yes,281,Experimental Setup,family-wise multiplicity control,PASS,evidence_cards/holm1979simple.md,optional-role-scoped,yes - role-consistent per citation_role_map (manual spot-check 2026-07-11),Holm step-down correction~\cite{holm1979simple} across the
vargha2000critique,sections/performance.tex,yes,305,Experimental Setup,A12 effect size,PASS,evidence_cards/vargha2000critique.md,optional-role-scoped,yes - role-consistent per citation_role_map (manual spot-check 2026-07-11),unpaired Vargha--Delaney $A_{12}$~\cite{vargha2000critique} ($A_{12} > 0.5$
friedman1937use,sections/performance.tex,yes,332,Experimental Setup,Friedman/rank/post-hoc practice,PASS,evidence_cards/friedman1937use.md,optional-role-scoped,yes - role-consistent per citation_role_map (manual spot-check 2026-07-11),test~\cite{friedman1937use} with the Iman--Davenport correction~\cite{demsar2006statistical} is
demsar2006statistical,sections/performance.tex,yes,332,Experimental Setup,Friedman/rank/post-hoc practice,PASS,evidence_cards/demsar2006statistical.md,optional-role-scoped,yes - role-consistent per citation_role_map (manual spot-check 2026-07-11),test~\cite{friedman1937use} with the Iman--Davenport correction~\cite{demsar2006statistical} is
demsar2006statistical,sections/performance.tex,yes,336,Experimental Setup,Friedman/rank/post-hoc practice,PASS,evidence_cards/demsar2006statistical.md,optional-role-scoped,yes - role-consistent per citation_role_map (manual spot-check 2026-07-11),analysis~\cite{demsar2006statistical} follow. It is rendered as mean-rank plots
efron1993introduction,sections/performance.tex,yes,339,Experimental Setup,BCa bootstrap,PASS,evidence_cards/efron1993introduction.md,optional-role-scoped,yes - role-consistent per citation_role_map (manual spot-check 2026-07-11),and accelerated (BCa) bootstrap intervals~\cite{efron1993introduction}
demsar2006statistical,sections/performance.tex,yes,355,Experimental Setup,Friedman/rank/post-hoc practice,PASS,evidence_cards/demsar2006statistical.md,optional-role-scoped,yes - role-consistent per citation_role_map (manual spot-check 2026-07-11),"$q_{0.05}(k = 7) = 2.949$ of~\cite{demsar2006statistical}, not a \textsc{SciPy}"
wilcoxon1945individual,sections/performance.tex,yes,466,Statistical Analysis,signed-rank test,PASS,evidence_cards/wilcoxon1945individual.md,optional-role-scoped,yes - role-consistent per citation_role_map (manual spot-check 2026-07-11),Comparisons use the Wilcoxon signed-rank test~\cite{wilcoxon1945individual} on
holm1979simple,sections/performance.tex,yes,468,Statistical Analysis,family-wise multiplicity control,PASS,evidence_cards/holm1979simple.md,optional-role-scoped,yes - role-consistent per citation_role_map (manual spot-check 2026-07-11),correction~\cite{holm1979simple} applied within each dimension over the family
friedman1937use,sections/performance.tex,yes,469,Statistical Analysis,Friedman/rank/post-hoc practice,PASS,evidence_cards/friedman1937use.md,optional-role-scoped,yes - role-consistent per citation_role_map (manual spot-check 2026-07-11),of six comparators; the tie-corrected Friedman test~\cite{friedman1937use}
demsar2006statistical,sections/performance.tex,yes,471,Statistical Analysis,Friedman/rank/post-hoc practice,PASS,evidence_cards/demsar2006statistical.md,optional-role-scoped,yes - role-consistent per citation_role_map (manual spot-check 2026-07-11),separation~\cite{demsar2006statistical}. In every case the null hypothesis is
holm1979simple,sections/performance.tex,yes,480,Statistical Analysis,family-wise multiplicity control,PASS,evidence_cards/holm1979simple.md,optional-role-scoped,yes - role-consistent per citation_role_map (manual spot-check 2026-07-11),"$p$~\cite{holm1979simple,demsar2006statistical}. Second, win/tie/loss counts are"
demsar2006statistical,sections/performance.tex,yes,480,Statistical Analysis,Friedman/rank/post-hoc practice,PASS,evidence_cards/demsar2006statistical.md,optional-role-scoped,yes - role-consistent per citation_role_map (manual spot-check 2026-07-11),"$p$~\cite{holm1979simple,demsar2006statistical}. Second, win/tie/loss counts are"
benjamini1995controlling,sections/performance.tex,yes,630,Statistical Analysis,exploratory FDR only when used,PASS,evidence_cards/benjamini1995controlling.md,optional-role-scoped,yes - role-consistent per citation_role_map (manual spot-check 2026-07-11),companion~\cite{benjamini1995controlling} over the run-level tests is
apgsk2021,sections/performance.tex,yes,809,Results on the CEC2020 Pre-Registered Confirmatory Suite,APGSK/adaptive-parameter family baseline,PASS,evidence_cards/apgsk2021.md,optional-role-scoped,yes - role-consistent per citation_role_map (manual spot-check 2026-07-11),the runner-up~\cite{apgsk2021} --- \dtgsk{} places fourth; the family
apgsk2021,sections/performance.tex,yes,886,Results on the CEC2020 Pre-Registered Confirmatory Suite,APGSK/adaptive-parameter family baseline,PASS,evidence_cards/apgsk2021.md,optional-role-scoped,yes - role-consistent per citation_role_map (manual spot-check 2026-07-11),"competition~\cite{apgsk2021}, and its paper is a co-author's."
molina2018shadeils,sections/performance.tex,yes,896,Results on the CEC2013LSGO Large-Scale Suite,competition context only where the source supports the stated claim,PASS,evidence_cards/molina2018shadeils.md,optional-role-scoped,yes - role-consistent per citation_role_map (manual spot-check 2026-07-11),SHADE-ILS~\cite{molina2018shadeils} and MOS~\cite{latorre2013mos} ---
latorre2013mos,sections/performance.tex,yes,896,Results on the CEC2013LSGO Large-Scale Suite,competition context only where the source supports the stated claim,PASS,evidence_cards/latorre2013mos.md,optional-role-scoped,yes - role-consistent per citation_role_map (manual spot-check 2026-07-11),SHADE-ILS~\cite{molina2018shadeils} and MOS~\cite{latorre2013mos} ---
wolpert1997nfl,sections/performance.tex,yes,1252,Discussion,"bounded NFL premise, never proof of expected superiority",PASS,evidence_cards/wolpert1997nfl.md,optional-role-scoped,yes - role-consistent per citation_role_map (manual spot-check 2026-07-11),seven-algorithm GSK-family panel~\cite{wolpert1997nfl}.
mohamed2020gaining,sections/proposed_algorithm.tex,yes,57,Notation and Base-GSK Recap,"GSK origin, inherited mechanics, thematic comparison",PASS,evidence_cards/mohamed2020gaining.md,optional-role-scoped,yes - role-consistent per citation_role_map (manual spot-check 2026-07-11),GSK~\cite{mohamed2020gaining} evolves a population $P$ through a
zhang2009jade,sections/proposed_algorithm.tex,yes,77,Notation and Base-GSK Recap,adaptive DE and external-archive lineage,PASS,evidence_cards/zhang2009jade.md,optional-role-scoped,yes - role-consistent per citation_role_map (manual spot-check 2026-07-11),with JADE~\cite{zhang2009jade} and carried through the L-SHADE
tanabe2014improving,sections/proposed_algorithm.tex,yes,78,Notation and Base-GSK Recap,SHADE/L-SHADE and population-size reduction lineage,PASS,evidence_cards/tanabe2014improving.md,optional-role-scoped,yes - role-consistent per citation_role_map (manual spot-check 2026-07-11),"lineage~\cite{tanabe2014improving}, and survivors are chosen by"
mohamed2020gaining,sections/proposed_algorithm.tex,yes,85,Notation and Base-GSK Recap,"GSK origin, inherited mechanics, thematic comparison",PASS,evidence_cards/mohamed2020gaining.md,optional-role-scoped,yes - role-consistent per citation_role_map (manual spot-check 2026-07-11),"sources~\cite{mohamed2020gaining,tanabe2014improving} with their"
tanabe2014improving,sections/proposed_algorithm.tex,yes,85,Notation and Base-GSK Recap,SHADE/L-SHADE and population-size reduction lineage,PASS,evidence_cards/tanabe2014improving.md,optional-role-scoped,yes - role-consistent per citation_role_map (manual spot-check 2026-07-11),"sources~\cite{mohamed2020gaining,tanabe2014improving} with their"
mohamed2020gaining,sections/proposed_algorithm.tex,yes,179,Architecture Overview and Execution Order,"GSK origin, inherited mechanics, thematic comparison",PASS,evidence_cards/mohamed2020gaining.md,optional-role-scoped,yes - role-consistent per citation_role_map (manual spot-check 2026-07-11),"al.~\cite{mohamed2020gaining}, redrawn here from that paper's description: a"
mohamed2020agsk,sections/proposed_algorithm.tex,yes,318,ACE: Bandit Control of the Operator Pool,AGSK method and family baseline,PASS,evidence_cards/mohamed2020agsk.md,optional-role-scoped,yes - role-consistent per citation_role_map (manual spot-check 2026-07-11),"history~\cite{mohamed2020agsk}, and APGSK widens the adapted parameter"
apgsk2021,sections/proposed_algorithm.tex,yes,319,ACE: Bandit Control of the Operator Pool,APGSK/adaptive-parameter family baseline,PASS,evidence_cards/apgsk2021.md,optional-role-scoped,yes - role-consistent per citation_role_map (manual spot-check 2026-07-11),pools~\cite{apgsk2021}; both adapt at the parameter level.
tanabe2013shade,sections/proposed_algorithm.tex,yes,338,ACE: Bandit Control of the Operator Pool,SHADE/L-SHADE and population-size reduction lineage,PASS,evidence_cards/tanabe2013shade.md,optional-role-scoped,yes - role-consistent per citation_role_map (manual spot-check 2026-07-11),history~\cite{tanabe2013shade}.
storn1997differential,sections/proposed_algorithm.tex,yes,341,ACE: Bandit Control of the Operator Pool,DE origin,PASS,evidence_cards/storn1997differential.md,optional-role-scoped,yes - role-consistent per citation_role_map (manual spot-check 2026-07-11),joins the pool~\cite{storn1997differential}.
auer2002finite,sections/proposed_algorithm.tex,yes,344,ACE: Bandit Control of the Operator Pool,"bandit/adaptive operator-selection grounding, not proof that the exact ACE mechanism is inherited",PASS,evidence_cards/auer2002finite.md,optional-role-scoped,yes - role-consistent per citation_role_map (manual spot-check 2026-07-11),"problem~\cite{auer2002finite,fialho2010adaptive}; ACE is not an"
fialho2010adaptive,sections/proposed_algorithm.tex,yes,344,ACE: Bandit Control of the Operator Pool,"bandit/adaptive operator-selection grounding, not proof that the exact ACE mechanism is inherited",PASS,evidence_cards/fialho2010adaptive.md,optional-role-scoped,yes - role-consistent per citation_role_map (manual spot-check 2026-07-11),"problem~\cite{auer2002finite,fialho2010adaptive}; ACE is not an"
apgsk2021,sections/proposed_algorithm.tex,yes,369,NLPSR: Tier-Floored Population-Size Reduction,APGSK/adaptive-parameter family baseline,PASS,evidence_cards/apgsk2021.md,optional-role-scoped,yes - role-consistent per citation_role_map (manual spot-check 2026-07-11),reduction shape of APGSK's NLPSR schedule~\cite{apgsk2021} and
storn1997differential,sections/proposed_algorithm.tex,yes,432,BSE and the Diversity Archive: Budget-Safe Escape,DE origin,PASS,evidence_cards/storn1997differential.md,optional-role-scoped,yes - role-consistent per citation_role_map (manual spot-check 2026-07-11),"evolution~\cite{storn1997differential,zhang2009jade,tanabe2013shade}."
zhang2009jade,sections/proposed_algorithm.tex,yes,432,BSE and the Diversity Archive: Budget-Safe Escape,adaptive DE and external-archive lineage,PASS,evidence_cards/zhang2009jade.md,optional-role-scoped,yes - role-consistent per citation_role_map (manual spot-check 2026-07-11),"evolution~\cite{storn1997differential,zhang2009jade,tanabe2013shade}."
tanabe2013shade,sections/proposed_algorithm.tex,yes,432,BSE and the Diversity Archive: Budget-Safe Escape,SHADE/L-SHADE and population-size reduction lineage,PASS,evidence_cards/tanabe2013shade.md,optional-role-scoped,yes - role-consistent per citation_role_map (manual spot-check 2026-07-11),"evolution~\cite{storn1997differential,zhang2009jade,tanabe2013shade}."
omidvar2014dg,sections/proposed_algorithm.tex,yes,483,Interaction-Structure Memory and Linkage-Aware Exploitation (Supporting Mechanism),differential grouping and decomposition comparison/future work,PASS,evidence_cards/omidvar2014dg.md,optional-role-scoped,yes - role-consistent per citation_role_map (manual spot-check 2026-07-11),dimension --- before optimization starts~\cite{omidvar2014dg}. Covariance
hansen2001cmaes,sections/proposed_algorithm.tex,yes,485,Interaction-Structure Memory and Linkage-Aware Exploitation (Supporting Mechanism),covariance-adaptation conceptual comparison,PASS,evidence_cards/hansen2001cmaes.md,optional-role-scoped,yes - role-consistent per citation_role_map (manual spot-check 2026-07-11),steps~\cite{hansen2001cmaes}. Eigenvector-based crossover
guo2015eig,sections/proposed_algorithm.tex,yes,487,Interaction-Structure Memory and Linkage-Aware Exploitation (Supporting Mechanism),eigenvector crossover comparison,PASS,evidence_cards/guo2015eig.md,optional-role-scoped,yes - role-consistent per citation_role_map (manual spot-check 2026-07-11),generation~\cite{guo2015eig}.
kolda2003directsearch,sections/proposed_algorithm.tex,yes,620,Eigenframe Final Polish (Contribution C1),compass/direct-search basis,PASS,evidence_cards/kolda2003directsearch.md,optional-role-scoped,yes - role-consistent per citation_role_map (manual spot-check 2026-07-11),"priori~\cite{kolda2003directsearch}, and the Nelder--Mead simplex, the"
nelder1965simplex,sections/proposed_algorithm.tex,yes,623,Eigenframe Final Polish (Contribution C1),Nelder-Mead basis (with gao2012implementing),PASS,evidence_cards/nelder1965simplex.md,optional-role-scoped,yes - role-consistent per citation_role_map (manual spot-check 2026-07-11),"dimension~\cite{nelder1965simplex,kolda2003directsearch,gao2012implementing}."
kolda2003directsearch,sections/proposed_algorithm.tex,yes,623,Eigenframe Final Polish (Contribution C1),compass/direct-search basis,PASS,evidence_cards/kolda2003directsearch.md,optional-role-scoped,yes - role-consistent per citation_role_map (manual spot-check 2026-07-11),"dimension~\cite{nelder1965simplex,kolda2003directsearch,gao2012implementing}."
gao2012implementing,sections/proposed_algorithm.tex,yes,623,Eigenframe Final Polish (Contribution C1),Nelder-Mead basis (with nelder1965simplex),PASS,evidence_cards/gao2012implementing.md,optional-role-scoped,yes - role-consistent per citation_role_map (manual spot-check 2026-07-11),"dimension~\cite{nelder1965simplex,kolda2003directsearch,gao2012implementing}."
mohamed2020gaining,sections/proposed_algorithm.tex,yes,744,"Parameter Configuration, Determinism, and Configuration Lock (Contribution C3)","GSK origin, inherited mechanics, thematic comparison",PASS,evidence_cards/mohamed2020gaining.md,optional-role-scoped,yes - role-consistent per citation_role_map (manual spot-check 2026-07-11),"GSK & \cite{mohamed2020gaining} & reference-implementation constants, $NP=100$ at every $D$; in-repository re-run\\"
mohamed2020agsk,sections/proposed_algorithm.tex,yes,745,"Parameter Configuration, Determinism, and Configuration Lock (Contribution C3)",AGSK method and family baseline,PASS,evidence_cards/mohamed2020agsk.md,optional-role-scoped,yes - role-consistent per citation_role_map (manual spot-check 2026-07-11),"AGSK & \cite{mohamed2020agsk} & reference-implementation constants, $NP=100$ at every $D$; in-repository re-run\\"
apgsk2021,sections/proposed_algorithm.tex,yes,746,"Parameter Configuration, Determinism, and Configuration Lock (Contribution C3)",APGSK/adaptive-parameter family baseline,PASS,evidence_cards/apgsk2021.md,optional-role-scoped,yes - role-consistent per citation_role_map (manual spot-check 2026-07-11),"APGSK & \cite{apgsk2021} & reference-implementation constants, $NP=100$ at every $D$; in-repository re-run\\"
fdbagsk2023,sections/proposed_algorithm.tex,yes,749,"Parameter Configuration, Determinism, and Configuration Lock (Contribution C3)",FDB-AGSK and fitness-distance-balance family baseline,PASS,evidence_cards/fdbagsk2023.md,optional-role-scoped,yes - role-consistent per citation_role_map (manual spot-check 2026-07-11),"FDB-AGSK & \cite{fdbagsk2023} & reference-implementation constants, $NP=100$ at every $D$; in-repository re-run\\"
alfadli2025atmals,sections/proposed_algorithm.tex,yes,750,"Parameter Configuration, Determinism, and Configuration Lock (Contribution C3)",ATMALS-GSK and memory/local-search family baseline,PASS,evidence_cards/alfadli2025atmals.md,optional-role-scoped,yes - role-consistent per citation_role_map (manual spot-check 2026-07-11),"ATMALS-GSK & \cite{alfadli2025atmals} & reference-implementation constants, $NP=100$ at every $D$; in-repository re-run\\"
jawad2024egsk,sections/proposed_algorithm.tex,yes,751,"Parameter Configuration, Determinism, and Configuration Lock (Contribution C3)",eGSK family baseline and verified mechanism scope,PASS,evidence_cards/jawad2024egsk.md,optional-role-scoped,yes - role-consistent per citation_role_map (manual spot-check 2026-07-11),eGSK & \cite{jawad2024egsk} & Python port; SLSQP substitutes the
mohamed2020gaining,sections/related_work.tex,yes,35,The GSK Family: From Fixed Parameters to Adaptive Configuration,"GSK origin, inherited mechanics, thematic comparison",PASS,evidence_cards/mohamed2020gaining.md,optional-role-scoped,yes - role-consistent per citation_role_map (manual spot-check 2026-07-11),paper~\cite{mohamed2020gaining}.
mohamed2020gaining,sections/related_work.tex,yes,42,The GSK Family: From Fixed Parameters to Adaptive Configuration,"GSK origin, inherited mechanics, thematic comparison",PASS,evidence_cards/mohamed2020gaining.md,optional-role-scoped,yes - role-consistent per citation_role_map (manual spot-check 2026-07-11),problems~\cite{mohamed2020gaining}.
mohamed2020agsk,sections/related_work.tex,yes,55,The GSK Family: From Fixed Parameters to Adaptive Configuration,AGSK method and family baseline,PASS,evidence_cards/mohamed2020agsk.md,optional-role-scoped,yes - role-consistent per citation_role_map (manual spot-check 2026-07-11),"lineage~\cite{mohamed2020agsk,tanabe2014improving}."
tanabe2014improving,sections/related_work.tex,yes,55,The GSK Family: From Fixed Parameters to Adaptive Configuration,SHADE/L-SHADE and population-size reduction lineage,PASS,evidence_cards/tanabe2014improving.md,optional-role-scoped,yes - role-consistent per citation_role_map (manual spot-check 2026-07-11),"lineage~\cite{mohamed2020agsk,tanabe2014improving}."
mohamed2020agsk,sections/related_work.tex,yes,59,The GSK Family: From Fixed Parameters to Adaptive Configuration,AGSK method and family baseline,PASS,evidence_cards/mohamed2020agsk.md,optional-role-scoped,yes - role-consistent per citation_role_map (manual spot-check 2026-07-11),CEC2017 protocol~\cite{mohamed2020agsk}.
apgsk2021,sections/related_work.tex,yes,64,The GSK Family: From Fixed Parameters to Adaptive Configuration,APGSK/adaptive-parameter family baseline,PASS,evidence_cards/apgsk2021.md,optional-role-scoped,yes - role-consistent per citation_role_map (manual spot-check 2026-07-11),population~\cite{apgsk2021}.
apgsk2021,sections/related_work.tex,yes,69,The GSK Family: From Fixed Parameters to Adaptive Configuration,APGSK/adaptive-parameter family baseline,PASS,evidence_cards/apgsk2021.md,optional-role-scoped,yes - role-consistent per citation_role_map (manual spot-check 2026-07-11),act~\cite{apgsk2021}.
fdbagsk2023,sections/related_work.tex,yes,75,The GSK Family: From Fixed Parameters to Adaptive Configuration,FDB-AGSK and fitness-distance-balance family baseline,PASS,evidence_cards/fdbagsk2023.md,optional-role-scoped,yes - role-consistent per citation_role_map (manual spot-check 2026-07-11),functions~\cite{fdbagsk2023}.
fdbagsk2023,sections/related_work.tex,yes,80,The GSK Family: From Fixed Parameters to Adaptive Configuration,FDB-AGSK and fitness-distance-balance family baseline,PASS,evidence_cards/fdbagsk2023.md,optional-role-scoped,yes - role-consistent per citation_role_map (manual spot-check 2026-07-11),untested~\cite{fdbagsk2023}.
alfadli2025atmals,sections/related_work.tex,yes,88,The GSK Family: From Fixed Parameters to Adaptive Configuration,ATMALS-GSK and memory/local-search family baseline,PASS,evidence_cards/alfadli2025atmals.md,optional-role-scoped,yes - role-consistent per citation_role_map (manual spot-check 2026-07-11),fraction~\cite{alfadli2025atmals}.
alfadli2025atmals,sections/related_work.tex,yes,93,The GSK Family: From Fixed Parameters to Adaptive Configuration,ATMALS-GSK and memory/local-search family baseline,PASS,evidence_cards/alfadli2025atmals.md,optional-role-scoped,yes - role-consistent per citation_role_map (manual spot-check 2026-07-11),search~\cite{alfadli2025atmals}.
jawad2024egsk,sections/related_work.tex,yes,101,The GSK Family: From Fixed Parameters to Adaptive Configuration,eGSK family baseline and verified mechanism scope,PASS,evidence_cards/jawad2024egsk.md,optional-role-scoped,yes - role-consistent per citation_role_map (manual spot-check 2026-07-11),window~\cite{jawad2024egsk}.
jawad2024egsk,sections/related_work.tex,yes,105,The GSK Family: From Fixed Parameters to Adaptive Configuration,eGSK family baseline and verified mechanism scope,PASS,evidence_cards/jawad2024egsk.md,optional-role-scoped,yes - role-consistent per citation_role_map (manual spot-check 2026-07-11),\agsk{}~\cite{jawad2024egsk}.
hpe_agsk2025,sections/related_work.tex,yes,112,The GSK Family: From Fixed Parameters to Adaptive Configuration,GSK variants and hybrids - related-work breadth only; use only where its verified mechanism is actually discussed; do not insert one sentence per source solely to force bibliography usage,PASS,evidence_cards/hpe_agsk2025.md,mechanism-discussion-only,yes - verified mechanism discussed at cite site (manual check 2026-07-11),categories~\cite{hpe_agsk2025}. Population-side devices include
epd_gsk2024,sections/related_work.tex,yes,114,The GSK Family: From Fixed Parameters to Adaptive Configuration,GSK variants and hybrids - related-work breadth only; use only where its verified mechanism is actually discussed; do not insert one sentence per source solely to force bibliography usage,PASS,evidence_cards/epd_gsk2024.md,mechanism-discussion-only,yes - verified mechanism discussed at cite site (manual check 2026-07-11),"reverse learning~\cite{epd_gsk2024}, opposition-based learning with"
jalali2021opposition,sections/related_work.tex,yes,115,The GSK Family: From Fixed Parameters to Adaptive Configuration,GSK variants and hybrids - related-work breadth only; use only where its verified mechanism is actually discussed; do not insert one sentence per source solely to force bibliography usage,PASS,evidence_cards/jalali2021opposition.md,mechanism-discussion-only,yes - verified mechanism discussed at cite site (manual check 2026-07-11),"Cauchy mutation~\cite{jalali2021opposition}, and multi-population"
pogsk2023,sections/related_work.tex,yes,116,The GSK Family: From Fixed Parameters to Adaptive Configuration,GSK variants and hybrids - related-work breadth only; use only where its verified mechanism is actually discussed; do not insert one sentence per source solely to force bibliography usage,PASS,evidence_cards/pogsk2023.md,mechanism-discussion-only,yes - verified mechanism discussed at cite site (manual check 2026-07-11),parallelism with Taguchi-orthogonal communication~\cite{pogsk2023}.
hpe_agsk2025,sections/related_work.tex,yes,118,The GSK Family: From Fixed Parameters to Adaptive Configuration,GSK variants and hybrids - related-work breadth only; use only where its verified mechanism is actually discussed; do not insert one sentence per source solely to force bibliography usage,PASS,evidence_cards/hpe_agsk2025.md,mechanism-discussion-only,yes - verified mechanism discussed at cite site (manual check 2026-07-11),\agsk{}'s adaptation~\cite{hpe_agsk2025} to a reinforcement-learned
nomer2021gskrl,sections/related_work.tex,yes,123,The GSK Family: From Fixed Parameters to Adaptive Configuration,GSK variants and hybrids - related-work breadth only; use only where its verified mechanism is actually discussed; do not insert one sentence per source solely to force bibliography usage,PASS,evidence_cards/nomer2021gskrl.md,mechanism-discussion-only,yes - verified mechanism discussed at cite site (manual check 2026-07-11),one~\cite{nomer2021gskrl}.
zhong2021gskhho,sections/related_work.tex,yes,125,The GSK Family: From Fixed Parameters to Adaptive Configuration,GSK variants and hybrids - related-work breadth only; use only where its verified mechanism is actually discussed; do not insert one sentence per source solely to force bibliography usage,PASS,evidence_cards/zhong2021gskhho.md,mechanism-discussion-only,yes - verified mechanism discussed at cite site (manual check 2026-07-11),"into DE~\cite{zhong2021gskhho}, and the junior-phase operator into a"
liang2024gskwoa,sections/related_work.tex,yes,126,The GSK Family: From Fixed Parameters to Adaptive Configuration,GSK variants and hybrids - related-work breadth only; use only where its verified mechanism is actually discussed; do not insert one sentence per source solely to force bibliography usage,PASS,evidence_cards/liang2024gskwoa.md,mechanism-discussion-only,yes - verified mechanism discussed at cite site (manual check 2026-07-11),whale-optimization host~\cite{liang2024gskwoa}; composite designs extend the family to
chalabi2023mogsk,sections/related_work.tex,yes,127,The GSK Family: From Fixed Parameters to Adaptive Configuration,GSK variants and hybrids - related-work breadth only; use only where its verified mechanism is actually discussed; do not insert one sentence per source solely to force bibliography usage,PASS,evidence_cards/chalabi2023mogsk.md,mechanism-discussion-only,yes - verified mechanism discussed at cite site (manual check 2026-07-11),"multiobjective search~\cite{chalabi2023mogsk} and to dual-population,"
ma2023mgskdpmo,sections/related_work.tex,yes,129,The GSK Family: From Fixed Parameters to Adaptive Configuration,GSK variants and hybrids - related-work breadth only; use only where its verified mechanism is actually discussed; do not insert one sentence per source solely to force bibliography usage,PASS,evidence_cards/ma2023mgskdpmo.md,mechanism-discussion-only,yes - verified mechanism discussed at cite site (manual check 2026-07-11),"histories~\cite{ma2023mgskdpmo,tanabe2013shade}. Across all of these"
tanabe2013shade,sections/related_work.tex,yes,129,The GSK Family: From Fixed Parameters to Adaptive Configuration,SHADE/L-SHADE and population-size reduction lineage,PASS,evidence_cards/tanabe2013shade.md,optional-role-scoped,yes - role-consistent per citation_role_map (manual spot-check 2026-07-11),"histories~\cite{ma2023mgskdpmo,tanabe2013shade}. Across all of these"
mohamed2020gaining,sections/related_work.tex,yes,150,The GSK Family: From Fixed Parameters to Adaptive Configuration,"GSK origin, inherited mechanics, thematic comparison",PASS,evidence_cards/mohamed2020gaining.md,optional-role-scoped,yes - role-consistent per citation_role_map (manual spot-check 2026-07-11),GSK~\cite{mohamed2020gaining} & Junior/senior gaining-sharing operator
mohamed2020agsk,sections/related_work.tex,yes,153,The GSK Family: From Fixed Parameters to Adaptive Configuration,AGSK method and family baseline,PASS,evidence_cards/mohamed2020agsk.md,optional-role-scoped,yes - role-consistent per citation_role_map (manual spot-check 2026-07-11),"\agsk{}~\cite{mohamed2020agsk} & Four-setting $(KF, KR)$ probability"
apgsk2021,sections/related_work.tex,yes,157,The GSK Family: From Fixed Parameters to Adaptive Configuration,APGSK/adaptive-parameter family baseline,PASS,evidence_cards/apgsk2021.md,optional-role-scoped,yes - role-consistent per citation_role_map (manual spot-check 2026-07-11),\apgsk{}~\cite{apgsk2021} & Negative-$KF$ pool after half budget;
fdbagsk2023,sections/related_work.tex,yes,161,The GSK Family: From Fixed Parameters to Adaptive Configuration,FDB-AGSK and fitness-distance-balance family baseline,PASS,evidence_cards/fdbagsk2023.md,optional-role-scoped,yes - role-consistent per citation_role_map (manual spot-check 2026-07-11),\fdbagsk{}~\cite{fdbagsk2023} & Fitness--distance-balance replacement of
alfadli2025atmals,sections/related_work.tex,yes,165,The GSK Family: From Fixed Parameters to Adaptive Configuration,ATMALS-GSK and memory/local-search family baseline,PASS,evidence_cards/alfadli2025atmals.md,optional-role-scoped,yes - role-consistent per citation_role_map (manual spot-check 2026-07-11),\atmals{} \cite{alfadli2025atmals} & Gaussian/EWMA memory auto-tuning of
jawad2024egsk,sections/related_work.tex,yes,170,The GSK Family: From Fixed Parameters to Adaptive Configuration,eGSK family baseline and verified mechanism scope,PASS,evidence_cards/jawad2024egsk.md,optional-role-scoped,yes - role-consistent per citation_role_map (manual spot-check 2026-07-11),\egsk{}~\cite{jawad2024egsk} & Population-sum selection; self-adaptive
omidvar2014dg,sections/related_work.tex,yes,191,Structure Learning Outside the GSK Family,differential grouping and decomposition comparison/future work,PASS,evidence_cards/omidvar2014dg.md,optional-role-scoped,yes - role-consistent per citation_role_map (manual spot-check 2026-07-11),separability~\cite{omidvar2014dg}.
hansen2001cmaes,sections/related_work.tex,yes,195,Structure Learning Outside the GSK Family,covariance-adaptation conceptual comparison,PASS,evidence_cards/hansen2001cmaes.md,optional-role-scoped,yes - role-consistent per citation_role_map (manual spot-check 2026-07-11),time~\cite{hansen2001cmaes}.
guo2015eig,sections/related_work.tex,yes,198,Structure Learning Outside the GSK Family,eigenvector crossover comparison,PASS,evidence_cards/guo2015eig.md,optional-role-scoped,yes - role-consistent per citation_role_map (manual spot-check 2026-07-11),cumulative memory --- at $O(D^3)$ per generation~\cite{guo2015eig}.
fialho2010adaptive,sections/related_work.tex,yes,202,Structure Learning Outside the GSK Family,"bandit/adaptive operator-selection grounding, not proof that the exact ACE mechanism is inherited",PASS,evidence_cards/fialho2010adaptive.md,optional-role-scoped,yes - role-consistent per citation_role_map (manual spot-check 2026-07-11),"only~\cite{fialho2010adaptive,auer2002finite}: ACE is not claimed to"
auer2002finite,sections/related_work.tex,yes,202,Structure Learning Outside the GSK Family,"bandit/adaptive operator-selection grounding, not proof that the exact ACE mechanism is inherited",PASS,evidence_cards/auer2002finite.md,optional-role-scoped,yes - role-consistent per citation_role_map (manual spot-check 2026-07-11),"only~\cite{fialho2010adaptive,auer2002finite}: ACE is not claimed to"
kolda2003directsearch,sections/related_work.tex,yes,206,Structure Learning Outside the GSK Family,compass/direct-search basis,PASS,evidence_cards/kolda2003directsearch.md,optional-role-scoped,yes - role-consistent per citation_role_map (manual spot-check 2026-07-11),"structure~\cite{kolda2003directsearch,nelder1965simplex}."
nelder1965simplex,sections/related_work.tex,yes,206,Structure Learning Outside the GSK Family,Nelder-Mead basis (with gao2012implementing),PASS,evidence_cards/nelder1965simplex.md,optional-role-scoped,yes - role-consistent per citation_role_map (manual spot-check 2026-07-11),"structure~\cite{kolda2003directsearch,nelder1965simplex}."
jawad2024egsk,sections/related_work.tex,yes,285,Positioning of \dtgsk{,eGSK family baseline and verified mechanism scope,PASS,evidence_cards/jawad2024egsk.md,optional-role-scoped,yes - role-consistent per citation_role_map (manual spot-check 2026-07-11),"which depends on a gradient-based solver~\cite{jawad2024egsk}, and"
alfadli2025atmals,sections/related_work.tex,yes,287,Positioning of \dtgsk{,ATMALS-GSK and memory/local-search family baseline,PASS,evidence_cards/alfadli2025atmals.md,optional-role-scoped,yes - role-consistent per citation_role_map (manual spot-check 2026-07-11),overhead its authors acknowledge~\cite{alfadli2025atmals}. \dtgsk{}'s
mohamed2020agsk,sections/related_work.tex,yes,294,Positioning of \dtgsk{,AGSK method and family baseline,PASS,evidence_cards/mohamed2020agsk.md,optional-role-scoped,yes - role-consistent per citation_role_map (manual spot-check 2026-07-11),"$D \leq 20$~\cite{mohamed2020agsk,apgsk2021}, and \fdbagsk{} at a"
apgsk2021,sections/related_work.tex,yes,294,Positioning of \dtgsk{,APGSK/adaptive-parameter family baseline,PASS,evidence_cards/apgsk2021.md,optional-role-scoped,yes - role-consistent per citation_role_map (manual spot-check 2026-07-11),"$D \leq 20$~\cite{mohamed2020agsk,apgsk2021}, and \fdbagsk{} at a"
fdbagsk2023,sections/related_work.tex,yes,295,Positioning of \dtgsk{,FDB-AGSK and fitness-distance-balance family baseline,PASS,evidence_cards/fdbagsk2023.md,optional-role-scoped,yes - role-consistent per citation_role_map (manual spot-check 2026-07-11),$1000 \times D$ budget without $D = 10$~\cite{fdbagsk2023}. The two
jawad2024egsk,sections/related_work.tex,yes,297,Positioning of \dtgsk{,eGSK family baseline and verified mechanism scope,PASS,evidence_cards/jawad2024egsk.md,optional-role-scoped,yes - role-consistent per citation_role_map (manual spot-check 2026-07-11),"significantly worse than \agsk{} at $D = 10$~\cite{jawad2024egsk}, and"
alfadli2025atmals,sections/related_work.tex,yes,298,Positioning of \dtgsk{,ATMALS-GSK and memory/local-search family baseline,PASS,evidence_cards/alfadli2025atmals.md,optional-role-scoped,yes - role-consistent per citation_role_map (manual spot-check 2026-07-11),\atmals{} is competitive-only there~\cite{alfadli2025atmals}.
alfadli2025atmals,sections/related_work.tex,yes,303,Positioning of \dtgsk{,ATMALS-GSK and memory/local-search family baseline,PASS,evidence_cards/alfadli2025atmals.md,optional-role-scoped,yes - role-consistent per citation_role_map (manual spot-check 2026-07-11),dimension~\cite{alfadli2025atmals}. This paper meets that regime head-on:
apgsk2021,sections/related_work.tex,yes,311,Positioning of \dtgsk{,APGSK/adaptive-parameter family baseline,PASS,evidence_cards/apgsk2021.md,optional-role-scoped,yes - role-consistent per citation_role_map (manual spot-check 2026-07-11),"new~\cite{apgsk2021}), the budget-safe escape"
zhang2009jade,sections/related_work.tex,yes,312,Positioning of \dtgsk{,adaptive DE and external-archive lineage,PASS,evidence_cards/zhang2009jade.md,optional-role-scoped,yes - role-consistent per citation_role_map (manual spot-check 2026-07-11),"in the JADE/SHADE archive lineage~\cite{zhang2009jade,tanabe2013shade},"
tanabe2013shade,sections/related_work.tex,yes,312,Positioning of \dtgsk{,SHADE/L-SHADE and population-size reduction lineage,PASS,evidence_cards/tanabe2013shade.md,optional-role-scoped,yes - role-consistent per citation_role_map (manual spot-check 2026-07-11),"in the JADE/SHADE archive lineage~\cite{zhang2009jade,tanabe2013shade},"
mohamed2020gaining,sections/related_work.tex,yes,320,Positioning of \dtgsk{,"GSK origin, inherited mechanics, thematic comparison",PASS,evidence_cards/mohamed2020gaining.md,optional-role-scoped,yes - role-consistent per citation_role_map (manual spot-check 2026-07-11),"unchanged~\cite{mohamed2020gaining}, while the surrounding generation mechanics"
awad2016problem,supplementary.tex,yes,183,(preamble),"CEC2017 suite definition: function set, search bounds, dimensions, run budget, and the 1e-8 success floor",PASS,evidence_cards/awad2016problem.md,optional-role-scoped,yes - role-consistent per citation_role_map (manual spot-check 2026-07-11),"(function, dimension) cell, and $\mathrm{MaxFES} = 10^{4} \cdot D$~\cite{awad2016problem}."
das2011cec2011,supplementary.tex,yes,188,(preamble),verified CEC2011 definition role,PASS,evidence_cards/das2011cec2011.md,optional-role-scoped,yes - role-consistent per citation_role_map (manual spot-check 2026-07-11),objective value is authoritative~\cite{das2011cec2011}.
liang2013cec2013,supplementary.tex,yes,192,(preamble),verified CEC2013 definition role,PASS,evidence_cards/liang2013cec2013.md,optional-role-scoped,yes - role-consistent per citation_role_map (manual spot-check 2026-07-11),"cell, and $\mathrm{MaxFES} = 10^{4}\,D$~\cite{liang2013cec2013}."
yue2020cec2020,supplementary.tex,yes,198,(preamble),verified CEC2020 definition role,PASS,evidence_cards/yue2020cec2020.md,optional-role-scoped,yes - role-consistent per citation_role_map (manual spot-check 2026-07-11),"$10^{7}$ at $D = 5, 10, 15, 20$ respectively~\cite{yue2020cec2020}."
li2013lsgo,supplementary.tex,yes,203,(preamble),verified CEC2013-LSGO definition role,PASS,evidence_cards/li2013lsgo.md,optional-role-scoped,yes - role-consistent per citation_role_map (manual spot-check 2026-07-11),best-objective basis~\cite{li2013lsgo}.
wilcoxon1945individual,supplementary.tex,yes,218,(preamble),signed-rank test,PASS,evidence_cards/wilcoxon1945individual.md,optional-role-scoped,yes - role-consistent per citation_role_map (manual spot-check 2026-07-11),test~\cite{wilcoxon1945individual} with Holm's step-down
holm1979simple,supplementary.tex,yes,219,(preamble),family-wise multiplicity control,PASS,evidence_cards/holm1979simple.md,optional-role-scoped,yes - role-consistent per citation_role_map (manual spot-check 2026-07-11),correction~\cite{holm1979simple} at family level and $\alpha = 0.05$;
friedman1937use,supplementary.tex,yes,222,(preamble),Friedman/rank/post-hoc practice,PASS,evidence_cards/friedman1937use.md,optional-role-scoped,yes - role-consistent per citation_role_map (manual spot-check 2026-07-11),Panel ranking uses the Friedman test~\cite{friedman1937use} with the
demsar2006statistical,supplementary.tex,yes,224,(preamble),Friedman/rank/post-hoc practice,PASS,evidence_cards/demsar2006statistical.md,optional-role-scoped,yes - role-consistent per citation_role_map (manual spot-check 2026-07-11),analysis~\cite{demsar2006statistical}.
efron1993introduction,supplementary.tex,yes,540,Descriptive Bootstrap Rank-Stability Intervals on the CEC2017 Friedman Mean Ranks,BCa bootstrap,PASS,evidence_cards/efron1993introduction.md,optional-role-scoped,yes - role-consistent per citation_role_map (manual spot-check 2026-07-11),(BCa) bootstrap descriptive rank-stability intervals~\cite{efron1993introduction} to the
demsar2006statistical,supplementary.tex,yes,570,Descriptive Bootstrap Rank-Stability Intervals on the CEC2017 Friedman Mean Ranks,Friedman/rank/post-hoc practice,PASS,evidence_cards/demsar2006statistical.md,optional-role-scoped,yes - role-consistent per citation_role_map (manual spot-check 2026-07-11),separable~\cite{demsar2006statistical}.
mohamed2020gaining,supplementary.tex,yes,1150,Frozen Configuration and Freeze Manifest,"GSK origin, inherited mechanics, thematic comparison",PASS,evidence_cards/mohamed2020gaining.md,optional-role-scoped,yes - role-consistent per citation_role_map (manual spot-check 2026-07-11),"comparators --- GSK~\cite{mohamed2020gaining}, \agsk{}~\cite{mohamed2020agsk},"
mohamed2020agsk,supplementary.tex,yes,1150,Frozen Configuration and Freeze Manifest,AGSK method and family baseline,PASS,evidence_cards/mohamed2020agsk.md,optional-role-scoped,yes - role-consistent per citation_role_map (manual spot-check 2026-07-11),"comparators --- GSK~\cite{mohamed2020gaining}, \agsk{}~\cite{mohamed2020agsk},"
apgsk2021,supplementary.tex,yes,1151,Frozen Configuration and Freeze Manifest,APGSK/adaptive-parameter family baseline,PASS,evidence_cards/apgsk2021.md,optional-role-scoped,yes - role-consistent per citation_role_map (manual spot-check 2026-07-11),"\apgsk{}~\cite{apgsk2021}, \fdbagsk{}~\cite{fdbagsk2023},"
fdbagsk2023,supplementary.tex,yes,1151,Frozen Configuration and Freeze Manifest,FDB-AGSK and fitness-distance-balance family baseline,PASS,evidence_cards/fdbagsk2023.md,optional-role-scoped,yes - role-consistent per citation_role_map (manual spot-check 2026-07-11),"\apgsk{}~\cite{apgsk2021}, \fdbagsk{}~\cite{fdbagsk2023},"
alfadli2025atmals,supplementary.tex,yes,1152,Frozen Configuration and Freeze Manifest,ATMALS-GSK and memory/local-search family baseline,PASS,evidence_cards/alfadli2025atmals.md,optional-role-scoped,yes - role-consistent per citation_role_map (manual spot-check 2026-07-11),\atmals{}~\cite{alfadli2025atmals} and \egsk{}~\cite{jawad2024egsk} --- exactly
jawad2024egsk,supplementary.tex,yes,1152,Frozen Configuration and Freeze Manifest,eGSK family baseline and verified mechanism scope,PASS,evidence_cards/jawad2024egsk.md,optional-role-scoped,yes - role-consistent per citation_role_map (manual spot-check 2026-07-11),\atmals{}~\cite{alfadli2025atmals} and \egsk{}~\cite{jawad2024egsk} --- exactly
awad2016problem,supplementary.tex,yes,2025,Remove-One Design,"CEC2017 suite definition: function set, search bounds, dimensions, run budget, and the 1e-8 success floor",PASS,evidence_cards/awad2016problem.md,optional-role-scoped,yes - role-consistent per citation_role_map (manual spot-check 2026-07-11),"$\mathrm{MaxFES} = 10^{4}\cdot D$~\cite{awad2016problem}, and $51$ runs per"
friedman1937use,supplementary.tex,yes,2061,Statistical Treatment,Friedman/rank/post-hoc practice,PASS,evidence_cards/friedman1937use.md,optional-role-scoped,yes - role-consistent per citation_role_map (manual spot-check 2026-07-11),"the Friedman test~\cite{friedman1937use, demsar2006statistical} on the"
demsar2006statistical,supplementary.tex,yes,2061,Statistical Treatment,Friedman/rank/post-hoc practice,PASS,evidence_cards/demsar2006statistical.md,optional-role-scoped,yes - role-consistent per citation_role_map (manual spot-check 2026-07-11),"the Friedman test~\cite{friedman1937use, demsar2006statistical} on the"
wilcoxon1945individual,supplementary.tex,yes,2071,Statistical Treatment,signed-rank test,PASS,evidence_cards/wilcoxon1945individual.md,optional-role-scoped,yes - role-consistent per citation_role_map (manual spot-check 2026-07-11),"test across functions~\cite{wilcoxon1945individual}, Holm-corrected"
holm1979simple,supplementary.tex,yes,2072,Statistical Treatment,family-wise multiplicity control,PASS,evidence_cards/holm1979simple.md,optional-role-scoped,yes - role-consistent per citation_role_map (manual spot-check 2026-07-11),~\cite{holm1979simple} within each dimension's family of six disabled-cell
wilcoxon1945individual,supplementary.tex,yes,2119,Statistical Treatment,signed-rank test,PASS,evidence_cards/wilcoxon1945individual.md,optional-role-scoped,yes - role-consistent per citation_role_map (manual spot-check 2026-07-11),signed-rank test across the 29 functions~\cite{wilcoxon1945individual} with
holm1979simple,supplementary.tex,yes,2120,Statistical Treatment,family-wise multiplicity control,PASS,evidence_cards/holm1979simple.md,optional-role-scoped,yes - role-consistent per citation_role_map (manual spot-check 2026-07-11),Holm correction~\cite{holm1979simple} within each dimension's six-comparison
awad2016problem,supplementary.tex,yes,2296,Conditional-Benefit Analysis by Function Class (Post-Hoc),"CEC2017 suite definition: function set, search bounds, dimensions, run budget, and the 1e-8 success floor",PASS,evidence_cards/awad2016problem.md,optional-role-scoped,yes - role-consistent per citation_role_map (manual spot-check 2026-07-11),"CEC2017 classes~\cite{awad2016problem} --- unimodal (F1, F3), simple multimodal"
li2013lsgo,supplementary.tex,yes,2416,"Protocol, Evidential Tiers, and Scope",verified CEC2013-LSGO definition role,PASS,evidence_cards/li2013lsgo.md,optional-role-scoped,yes - role-consistent per citation_role_map (manual spot-check 2026-07-11),paper~\cite{li2013lsgo}.  Statistics on this suite use the raw best
molina2018shadeils,supplementary.tex,yes,2449,"Protocol, Evidential Tiers, and Scope",competition context only where the source supports the stated claim,PASS,evidence_cards/molina2018shadeils.md,optional-role-scoped,yes - role-consistent per citation_role_map (manual spot-check 2026-07-11),SHADE-ILS~\cite{molina2018shadeils} and MOS~\cite{latorre2013mos} ---
latorre2013mos,supplementary.tex,yes,2449,"Protocol, Evidential Tiers, and Scope",competition context only where the source supports the stated claim,PASS,evidence_cards/latorre2013mos.md,optional-role-scoped,yes - role-consistent per citation_role_map (manual spot-check 2026-07-11),SHADE-ILS~\cite{molina2018shadeils} and MOS~\cite{latorre2013mos} ---
yue2020cec2020,supplementary.tex,yes,2882,CEC2020 Bound-Constrained Suite,verified CEC2020 definition role,PASS,evidence_cards/yue2020cec2020.md,optional-role-scoped,yes - role-consistent per citation_role_map (manual spot-check 2026-07-11),competition's own~\cite{yue2020cec2020}: 10 functions at
apgsk2021,supplementary.tex,yes,2904,CEC2020 Bound-Constrained Suite,APGSK/adaptive-parameter family baseline,PASS,evidence_cards/apgsk2021.md,optional-role-scoped,yes - role-consistent per citation_role_map (manual spot-check 2026-07-11),"AGSK was the runner-up of the CEC2020 competition~\cite{apgsk2021}, and"
apgsk2021,supplementary.tex,yes,2932,Descriptive Standing,APGSK/adaptive-parameter family baseline,PASS,evidence_cards/apgsk2021.md,optional-role-scoped,yes - role-consistent per citation_role_map (manual spot-check 2026-07-11),the runner-up~\cite{apgsk2021} --- \dtgsk{} places fourth; the family
