Eval,BestError,Log10Error
100,4.2983025675964700e+02,2.6332969832383801e+00
200,3.5154914854723671e+02,2.5459860504105154e+00
300,2.6277306733934051e+02,2.4195808505935728e+00
400,2.6277306733934051e+02,2.4195808505935728e+00
500,2.6277306733934051e+02,2.4195808505935728e+00
600,2.2534371613010029e+02,2.3528454519651376e+00
700,2.2534371613010029e+02,2.3528454519651376e+00
800,1.8533740371873597e+02,2.2679630749550630e+00
900,1.6854246291018427e+02,2.2267093359747268e+00
1000,1.6854246291018427e+02,2.2267093359747268e+00
1100,1.6854246291018427e+02,2.2267093359747268e+00
1200,1.6854246291018427e+02,2.2267093359747268e+00
1300,1.6854246291018427e+02,2.2267093359747268e+00
1400,1.3969658812975871e+02,2.1451857992815877e+00
1500,1.3969658812975871e+02,2.1451857992815877e+00
1600,1.2441237843033829e+02,2.0948635927064432e+00
1700,1.2441237843033829e+02,2.0948635927064432e+00
1800,1.2441237843033829e+02,2.0948635927064432e+00
1900,1.2441237843033829e+02,2.0948635927064432e+00
2000,1.2441237843033829e+02,2.0948635927064432e+00
2100,1.2441237843033829e+02,2.0948635927064432e+00
2200,8.5114843718932903e+01,1.9300053060665361e+00
2300,8.5114843718932903e+01,1.9300053060665361e+00
2400,8.5114843718932903e+01,1.9300053060665361e+00
2500,8.5114843718932903e+01,1.9300053060665361e+00
2600,8.5114843718932903e+01,1.9300053060665361e+00
2700,7.4920031179177158e+01,1.8745979494418781e+00
2800,7.4920031179177158e+01,1.8745979494418781e+00
2900,7.4920031179177158e+01,1.8745979494418781e+00
3000,7.4920031179177158e+01,1.8745979494418781e+00
3100,7.4920031179177158e+01,1.8745979494418781e+00
3200,7.4920031179177158e+01,1.8745979494418781e+00
3300,7.4920031179177158e+01,1.8745979494418781e+00
3400,7.4920031179177158e+01,1.8745979494418781e+00
3500,7.4920031179177158e+01,1.8745979494418781e+00
3600,7.4920031179177158e+01,1.8745979494418781e+00
3700,7.4920031179177158e+01,1.8745979494418781e+00
3800,7.4920031179177158e+01,1.8745979494418781e+00
3900,7.4920031179177158e+01,1.8745979494418781e+00
4000,7.4920031179177158e+01,1.8745979494418781e+00
4100,7.4920031179177158e+01,1.8745979494418781e+00
4200,5.8443874180404237e+01,1.7667389971220044e+00
4300,5.8443874180404237e+01,1.7667389971220044e+00
4400,5.8443874180404237e+01,1.7667389971220044e+00
4500,5.8443874180404237e+01,1.7667389971220044e+00
4600,5.8443874180404237e+01,1.7667389971220044e+00
4700,5.8443874180404237e+01,1.7667389971220044e+00
4800,5.8443874180404237e+01,1.7667389971220044e+00
4900,5.7218430731692543e+01,1.7575359427053119e+00
5000,5.7218430731692543e+01,1.7575359427053119e+00
5100,5.7218430731692543e+01,1.7575359427053119e+00
5200,5.7218430731692543e+01,1.7575359427053119e+00
5300,5.7218430731692543e+01,1.7575359427053119e+00
5400,5.7218430731692543e+01,1.7575359427053119e+00
5500,5.7218430731692543e+01,1.7575359427053119e+00
5600,5.7218430731692543e+01,1.7575359427053119e+00
5700,5.7218430731692543e+01,1.7575359427053119e+00
5800,5.7218430731692543e+01,1.7575359427053119e+00
5900,5.7218430731692543e+01,1.7575359427053119e+00
6000,5.7218430731692543e+01,1.7575359427053119e+00
6100,5.7218430731692543e+01,1.7575359427053119e+00
6200,5.7218430731692543e+01,1.7575359427053119e+00
6300,5.7218430731692543e+01,1.7575359427053119e+00
6400,5.7218430731692543e+01,1.7575359427053119e+00
6500,5.7218430731692543e+01,1.7575359427053119e+00
6600,5.7218430731692543e+01,1.7575359427053119e+00
6700,5.7218430731692543e+01,1.7575359427053119e+00
6800,5.7218430731692543e+01,1.7575359427053119e+00
6900,5.7218430731692543e+01,1.7575359427053119e+00
7000,5.7218430731692543e+01,1.7575359427053119e+00
7100,5.7218430731692543e+01,1.7575359427053119e+00
7200,5.7218430731692543e+01,1.7575359427053119e+00
7300,5.7218430731692543e+01,1.7575359427053119e+00
7400,5.7218430731692543e+01,1.7575359427053119e+00
7500,5.7218430731692543e+01,1.7575359427053119e+00
7600,5.7218430731692543e+01,1.7575359427053119e+00
7700,5.7218430731692543e+01,1.7575359427053119e+00
7800,5.7218430731692543e+01,1.7575359427053119e+00
7900,5.7218430731692543e+01,1.7575359427053119e+00
8000,5.7218430731692543e+01,1.7575359427053119e+00
8100,5.7218430731692543e+01,1.7575359427053119e+00
8200,5.7218430731692543e+01,1.7575359427053119e+00
8300,5.7218430731692543e+01,1.7575359427053119e+00
8400,5.7218430731692543e+01,1.7575359427053119e+00
8500,5.7218430731692543e+01,1.7575359427053119e+00
8600,5.7218430731692543e+01,1.7575359427053119e+00
8700,5.7218430731692543e+01,1.7575359427053119e+00
8800,5.7218430731692543e+01,1.7575359427053119e+00
8900,5.7218430731692543e+01,1.7575359427053119e+00
9000,5.7218430731692543e+01,1.7575359427053119e+00
9100,5.7218430731692543e+01,1.7575359427053119e+00
9200,5.7218430731692543e+01,1.7575359427053119e+00
9300,5.7218430731692543e+01,1.7575359427053119e+00
9400,5.7218430731692543e+01,1.7575359427053119e+00
9500,5.7218430731692543e+01,1.7575359427053119e+00
9600,5.7218430731692543e+01,1.7575359427053119e+00
9700,5.7218430731692543e+01,1.7575359427053119e+00
9800,5.7218430731692543e+01,1.7575359427053119e+00
9900,5.7218430731692543e+01,1.7575359427053119e+00
10000,5.7218430731692543e+01,1.7575359427053119e+00
10100,5.7218430731692543e+01,1.7575359427053119e+00
10200,5.7218430731692543e+01,1.7575359427053119e+00
10300,5.4494872598782301e+01,1.7363556416012016e+00
10400,5.4494872598782301e+01,1.7363556416012016e+00
10500,5.4494872598782301e+01,1.7363556416012016e+00
10600,5.4494872598782301e+01,1.7363556416012016e+00
10700,5.4494872598782301e+01,1.7363556416012016e+00
10800,5.4494872598782301e+01,1.7363556416012016e+00
10900,5.4494872598782301e+01,1.7363556416012016e+00
11000,5.4494872598782301e+01,1.7363556416012016e+00
11100,5.4494872598782301e+01,1.7363556416012016e+00
11200,5.4494872598782301e+01,1.7363556416012016e+00
11300,5.4494872598782301e+01,1.7363556416012016e+00
11400,4.7177169533910558e+01,1.6737318811727504e+00
11500,4.7177169533910558e+01,1.6737318811727504e+00
11600,4.7177169533910558e+01,1.6737318811727504e+00
11700,4.7177169533910558e+01,1.6737318811727504e+00
11800,4.7177169533910558e+01,1.6737318811727504e+00
11900,4.7177169533910558e+01,1.6737318811727504e+00
12000,4.7177169533910558e+01,1.6737318811727504e+00
12100,4.7177169533910558e+01,1.6737318811727504e+00
12200,4.7177169533910558e+01,1.6737318811727504e+00
12300,4.0987543042811069e+01,1.6126518857492855e+00
12400,4.0987543042811069e+01,1.6126518857492855e+00
12500,4.0987543042811069e+01,1.6126518857492855e+00
12600,4.0987543042811069e+01,1.6126518857492855e+00
12700,4.0987543042811069e+01,1.6126518857492855e+00
12800,4.0987543042811069e+01,1.6126518857492855e+00
12900,4.0987543042811069e+01,1.6126518857492855e+00
13000,4.0987543042811069e+01,1.6126518857492855e+00
13100,4.0987543042811069e+01,1.6126518857492855e+00
13200,4.0987543042811069e+01,1.6126518857492855e+00
13300,4.0987543042811069e+01,1.6126518857492855e+00
13400,4.0987543042811069e+01,1.6126518857492855e+00
13500,4.0987543042811069e+01,1.6126518857492855e+00
13600,4.0987543042811069e+01,1.6126518857492855e+00
13700,4.0987543042811069e+01,1.6126518857492855e+00
13800,4.0987543042811069e+01,1.6126518857492855e+00
13900,4.0987543042811069e+01,1.6126518857492855e+00
14000,4.0987543042811069e+01,1.6126518857492855e+00
14100,4.0987543042811069e+01,1.6126518857492855e+00
14200,4.0987543042811069e+01,1.6126518857492855e+00
14300,4.0987543042811069e+01,1.6126518857492855e+00
14400,4.0987543042811069e+01,1.6126518857492855e+00
14500,4.0987543042811069e+01,1.6126518857492855e+00
14600,4.0987543042811069e+01,1.6126518857492855e+00
14700,4.0987543042811069e+01,1.6126518857492855e+00
14800,4.0987543042811069e+01,1.6126518857492855e+00
14900,4.0987543042811069e+01,1.6126518857492855e+00
15000,4.0987543042811069e+01,1.6126518857492855e+00
15100,4.0987543042811069e+01,1.6126518857492855e+00
15200,4.0987543042811069e+01,1.6126518857492855e+00
15300,4.0987543042811069e+01,1.6126518857492855e+00
15400,4.0987543042811069e+01,1.6126518857492855e+00
15500,4.0987543042811069e+01,1.6126518857492855e+00
15600,4.0987543042811069e+01,1.6126518857492855e+00
15700,4.0987543042811069e+01,1.6126518857492855e+00
15800,4.0987543042811069e+01,1.6126518857492855e+00
15900,4.0987543042811069e+01,1.6126518857492855e+00
16000,4.0987543042811069e+01,1.6126518857492855e+00
16100,4.0987543042811069e+01,1.6126518857492855e+00
16200,4.0987543042811069e+01,1.6126518857492855e+00
16300,4.0987543042811069e+01,1.6126518857492855e+00
16400,4.0987543042811069e+01,1.6126518857492855e+00
16500,4.0987543042811069e+01,1.6126518857492855e+00
16600,4.0987543042811069e+01,1.6126518857492855e+00
16700,4.0987543042811069e+01,1.6126518857492855e+00
16800,4.0987543042811069e+01,1.6126518857492855e+00
16900,4.0987543042811069e+01,1.6126518857492855e+00
17000,4.0987543042811069e+01,1.6126518857492855e+00
17100,4.0987543042811069e+01,1.6126518857492855e+00
17200,4.0987543042811069e+01,1.6126518857492855e+00
17300,4.0987543042811069e+01,1.6126518857492855e+00
17400,4.0987543042811069e+01,1.6126518857492855e+00
17500,4.0987543042811069e+01,1.6126518857492855e+00
17600,4.0987543042811069e+01,1.6126518857492855e+00
17700,4.0987543042811069e+01,1.6126518857492855e+00
17800,4.0987543042811069e+01,1.6126518857492855e+00
17900,4.0987543042811069e+01,1.6126518857492855e+00
18000,4.0987543042811069e+01,1.6126518857492855e+00
18100,4.0987543042811069e+01,1.6126518857492855e+00
18200,4.0987543042811069e+01,1.6126518857492855e+00
18300,4.0987543042811069e+01,1.6126518857492855e+00
18400,4.0987543042811069e+01,1.6126518857492855e+00
18500,4.0987543042811069e+01,1.6126518857492855e+00
18600,4.0987543042811069e+01,1.6126518857492855e+00
18700,4.0987543042811069e+01,1.6126518857492855e+00
18800,4.0987543042811069e+01,1.6126518857492855e+00
18900,4.0987543042811069e+01,1.6126518857492855e+00
19000,4.0987543042811069e+01,1.6126518857492855e+00
19100,4.0987543042811069e+01,1.6126518857492855e+00
19200,4.0987543042811069e+01,1.6126518857492855e+00
19300,4.0987543042811069e+01,1.6126518857492855e+00
19400,4.0987543042811069e+01,1.6126518857492855e+00
19500,4.0987543042811069e+01,1.6126518857492855e+00
19600,4.0987543042811069e+01,1.6126518857492855e+00
19700,4.0987543042811069e+01,1.6126518857492855e+00
19800,4.0987543042811069e+01,1.6126518857492855e+00
19900,4.0987543042811069e+01,1.6126518857492855e+00
20000,4.0987543042811069e+01,1.6126518857492855e+00
20100,4.0987543042811069e+01,1.6126518857492855e+00
20200,4.0987543042811069e+01,1.6126518857492855e+00
20300,4.0987543042811069e+01,1.6126518857492855e+00
20400,4.0987543042811069e+01,1.6126518857492855e+00
20500,4.0987543042811069e+01,1.6126518857492855e+00
20600,4.0987543042811069e+01,1.6126518857492855e+00
20700,4.0987543042811069e+01,1.6126518857492855e+00
20800,4.0987543042811069e+01,1.6126518857492855e+00
20900,4.0987543042811069e+01,1.6126518857492855e+00
21000,4.0987543042811069e+01,1.6126518857492855e+00
21100,4.0987543042811069e+01,1.6126518857492855e+00
21200,4.0987543042811069e+01,1.6126518857492855e+00
21300,4.0987543042811069e+01,1.6126518857492855e+00
21400,4.0987543042811069e+01,1.6126518857492855e+00
21500,4.0987543042811069e+01,1.6126518857492855e+00
21600,4.0987543042811069e+01,1.6126518857492855e+00
21700,4.0987543042811069e+01,1.6126518857492855e+00
21800,4.0987543042811069e+01,1.6126518857492855e+00
21900,4.0987543042811069e+01,1.6126518857492855e+00
22000,4.0987543042811069e+01,1.6126518857492855e+00
22100,4.0987543042811069e+01,1.6126518857492855e+00
22200,4.0987543042811069e+01,1.6126518857492855e+00
22300,4.0987543042811069e+01,1.6126518857492855e+00
22400,4.0987543042811069e+01,1.6126518857492855e+00
22500,4.0987543042811069e+01,1.6126518857492855e+00
22600,4.0987543042811069e+01,1.6126518857492855e+00
22700,4.0987543042811069e+01,1.6126518857492855e+00
22800,3.3322303660264403e+01,1.5227350177154741e+00
22900,3.3322303660264403e+01,1.5227350177154741e+00
23000,3.3322303660264403e+01,1.5227350177154741e+00
23100,3.3322303660264403e+01,1.5227350177154741e+00
23200,3.3322303660264403e+01,1.5227350177154741e+00
23300,3.3322303660264403e+01,1.5227350177154741e+00
23400,3.3322303660264403e+01,1.5227350177154741e+00
23500,3.3322303660264403e+01,1.5227350177154741e+00
23600,3.3322303660264403e+01,1.5227350177154741e+00
23700,3.3322303660264403e+01,1.5227350177154741e+00
23800,3.3322303660264403e+01,1.5227350177154741e+00
23900,3.3322303660264403e+01,1.5227350177154741e+00
24000,3.3322303660264403e+01,1.5227350177154741e+00
24100,3.3322303660264403e+01,1.5227350177154741e+00
24200,3.3322303660264403e+01,1.5227350177154741e+00
24300,3.3322303660264403e+01,1.5227350177154741e+00
24400,3.3322303660264403e+01,1.5227350177154741e+00
24500,3.3322303660264403e+01,1.5227350177154741e+00
24600,3.3322303660264403e+01,1.5227350177154741e+00
24700,3.3322303660264403e+01,1.5227350177154741e+00
24800,3.3322303660264403e+01,1.5227350177154741e+00
24900,3.3322303660264403e+01,1.5227350177154741e+00
25000,3.3322303660264403e+01,1.5227350177154741e+00
25100,3.3322303660264403e+01,1.5227350177154741e+00
25200,3.0291187251906930e+01,1.4813162956784143e+00
25300,3.0291187251906930e+01,1.4813162956784143e+00
25400,3.0291187251906930e+01,1.4813162956784143e+00
25500,3.0291187251906930e+01,1.4813162956784143e+00
25600,3.0291187251906930e+01,1.4813162956784143e+00
25700,3.0291187251906930e+01,1.4813162956784143e+00
25800,3.0291187251906930e+01,1.4813162956784143e+00
25900,3.0291187251906930e+01,1.4813162956784143e+00
26000,3.0291187251906930e+01,1.4813162956784143e+00
26100,3.0291187251906930e+01,1.4813162956784143e+00
26200,3.0291187251906930e+01,1.4813162956784143e+00
26300,3.0291187251906930e+01,1.4813162956784143e+00
26400,3.0291187251906930e+01,1.4813162956784143e+00
26500,3.0291187251906930e+01,1.4813162956784143e+00
26600,3.0291187251906930e+01,1.4813162956784143e+00
26700,3.0291187251906930e+01,1.4813162956784143e+00
26800,3.0291187251906930e+01,1.4813162956784143e+00
26900,3.0291187251906930e+01,1.4813162956784143e+00
27000,3.0291187251906930e+01,1.4813162956784143e+00
27100,3.0291187251906930e+01,1.4813162956784143e+00
27200,3.0291187251906930e+01,1.4813162956784143e+00
27300,3.0291187251906930e+01,1.4813162956784143e+00
27400,3.0291187251906930e+01,1.4813162956784143e+00
27500,3.0291187251906930e+01,1.4813162956784143e+00
27600,3.0291187251906930e+01,1.4813162956784143e+00
27700,3.0291187251906930e+01,1.4813162956784143e+00
27800,3.0291187251906930e+01,1.4813162956784143e+00
27900,3.0291187251906930e+01,1.4813162956784143e+00
28000,3.0291187251906930e+01,1.4813162956784143e+00
28100,3.0291187251906930e+01,1.4813162956784143e+00
28200,3.0291187251906930e+01,1.4813162956784143e+00
28300,3.0291187251906930e+01,1.4813162956784143e+00
28400,3.0291187251906930e+01,1.4813162956784143e+00
28500,3.0291187251906930e+01,1.4813162956784143e+00
28600,3.0291187251906930e+01,1.4813162956784143e+00
28700,3.0291187251906930e+01,1.4813162956784143e+00
28800,3.0291187251906930e+01,1.4813162956784143e+00
28900,3.0291187251906930e+01,1.4813162956784143e+00
29000,3.0291187251906930e+01,1.4813162956784143e+00
29100,3.0291187251906930e+01,1.4813162956784143e+00
29200,3.0291187251906930e+01,1.4813162956784143e+00
29300,3.0291187251906930e+01,1.4813162956784143e+00
29400,3.0291187251906930e+01,1.4813162956784143e+00
29500,3.0291187251906930e+01,1.4813162956784143e+00
29600,3.0291187251906930e+01,1.4813162956784143e+00
29700,3.0291187251906930e+01,1.4813162956784143e+00
29800,3.0291187251906930e+01,1.4813162956784143e+00
29900,3.0291187251906930e+01,1.4813162956784143e+00
30000,3.0291187251906930e+01,1.4813162956784143e+00
30100,3.0291187251906930e+01,1.4813162956784143e+00
30200,3.0291187251906930e+01,1.4813162956784143e+00
30300,3.0291187251906930e+01,1.4813162956784143e+00
30400,3.0291187251906930e+01,1.4813162956784143e+00
30500,3.0291187251906930e+01,1.4813162956784143e+00
30600,3.0291187251906930e+01,1.4813162956784143e+00
30700,3.0291187251906930e+01,1.4813162956784143e+00
30800,3.0291187251906930e+01,1.4813162956784143e+00
30900,3.0291187251906930e+01,1.4813162956784143e+00
31000,3.0291187251906930e+01,1.4813162956784143e+00
31100,3.0291187251906930e+01,1.4813162956784143e+00
31200,3.0291187251906930e+01,1.4813162956784143e+00
31300,3.0291187251906930e+01,1.4813162956784143e+00
31400,3.0291187251906930e+01,1.4813162956784143e+00
31500,3.0291187251906930e+01,1.4813162956784143e+00
31600,3.0291187251906930e+01,1.4813162956784143e+00
31700,3.0291187251906930e+01,1.4813162956784143e+00
31800,3.0291187251906930e+01,1.4813162956784143e+00
31900,3.0291187251906930e+01,1.4813162956784143e+00
32000,3.0291187251906930e+01,1.4813162956784143e+00
32100,3.0291187251906930e+01,1.4813162956784143e+00
32200,3.0291187251906930e+01,1.4813162956784143e+00
32300,3.0291187251906930e+01,1.4813162956784143e+00
32400,3.0291187251906930e+01,1.4813162956784143e+00
32500,3.0291187251906930e+01,1.4813162956784143e+00
32600,3.0291187251906930e+01,1.4813162956784143e+00
32700,3.0291187251906930e+01,1.4813162956784143e+00
32800,3.0291187251906930e+01,1.4813162956784143e+00
32900,3.0291187251906930e+01,1.4813162956784143e+00
33000,3.0291187251906930e+01,1.4813162956784143e+00
33100,3.0291187251906930e+01,1.4813162956784143e+00
33200,3.0291187251906930e+01,1.4813162956784143e+00
33300,3.0291187251906930e+01,1.4813162956784143e+00
33400,3.0291187251906930e+01,1.4813162956784143e+00
33500,3.0291187251906930e+01,1.4813162956784143e+00
33600,3.0291187251906930e+01,1.4813162956784143e+00
33700,3.0291187251906930e+01,1.4813162956784143e+00
33800,3.0291187251906930e+01,1.4813162956784143e+00
33900,3.0291187251906930e+01,1.4813162956784143e+00
34000,3.0291187251906930e+01,1.4813162956784143e+00
34100,3.0291187251906930e+01,1.4813162956784143e+00
34200,3.0291187251906930e+01,1.4813162956784143e+00
34300,3.0291187251906930e+01,1.4813162956784143e+00
34400,3.0291187251906930e+01,1.4813162956784143e+00
34500,3.0291187251906930e+01,1.4813162956784143e+00
34600,3.0291187251906930e+01,1.4813162956784143e+00
34700,3.0291187251906930e+01,1.4813162956784143e+00
34800,3.0291187251906930e+01,1.4813162956784143e+00
34900,3.0291187251906930e+01,1.4813162956784143e+00
35000,3.0291187251906930e+01,1.4813162956784143e+00
35100,3.0291187251906930e+01,1.4813162956784143e+00
35200,3.0291187251906930e+01,1.4813162956784143e+00
35300,3.0291187251906930e+01,1.4813162956784143e+00
35400,3.0291187251906930e+01,1.4813162956784143e+00
35500,3.0291187251906930e+01,1.4813162956784143e+00
35600,3.0291187251906930e+01,1.4813162956784143e+00
35700,3.0291187251906930e+01,1.4813162956784143e+00
35800,3.0291187251906930e+01,1.4813162956784143e+00
35900,3.0291187251906930e+01,1.4813162956784143e+00
36000,3.0291187251906930e+01,1.4813162956784143e+00
36100,3.0291187251906930e+01,1.4813162956784143e+00
36200,3.0291187251906930e+01,1.4813162956784143e+00
36300,3.0291187251906930e+01,1.4813162956784143e+00
36400,3.0291187251906930e+01,1.4813162956784143e+00
36500,3.0291187251906930e+01,1.4813162956784143e+00
36600,3.0291187251906930e+01,1.4813162956784143e+00
36700,3.0291187251906930e+01,1.4813162956784143e+00
36800,3.0291187251906930e+01,1.4813162956784143e+00
36900,3.0291187251906930e+01,1.4813162956784143e+00
37000,3.0291187251906930e+01,1.4813162956784143e+00
37100,3.0291187251906930e+01,1.4813162956784143e+00
37200,3.0291187251906930e+01,1.4813162956784143e+00
37300,3.0291187251906930e+01,1.4813162956784143e+00
37400,3.0291187251906930e+01,1.4813162956784143e+00
37500,3.0291187251906930e+01,1.4813162956784143e+00
37600,3.0291187251906930e+01,1.4813162956784143e+00
37700,3.0291187251906930e+01,1.4813162956784143e+00
37800,3.0291187251906930e+01,1.4813162956784143e+00
37900,3.0291187251906930e+01,1.4813162956784143e+00
38000,3.0291187251906930e+01,1.4813162956784143e+00
38100,3.0291187251906930e+01,1.4813162956784143e+00
38200,3.0291187251906930e+01,1.4813162956784143e+00
38300,3.0291187251906930e+01,1.4813162956784143e+00
38400,3.0291187251906930e+01,1.4813162956784143e+00
38500,3.0291187251906930e+01,1.4813162956784143e+00
38600,3.0291187251906930e+01,1.4813162956784143e+00
38700,3.0291187251906930e+01,1.4813162956784143e+00
38800,3.0291187251906930e+01,1.4813162956784143e+00
38900,3.0291187251906930e+01,1.4813162956784143e+00
39000,3.0291187251906930e+01,1.4813162956784143e+00
39100,3.0291187251906930e+01,1.4813162956784143e+00
39200,3.0291187251906930e+01,1.4813162956784143e+00
39300,3.0291187251906930e+01,1.4813162956784143e+00
39400,3.0291187251906930e+01,1.4813162956784143e+00
39500,3.0291187251906930e+01,1.4813162956784143e+00
39600,3.0291187251906930e+01,1.4813162956784143e+00
39700,3.0291187251906930e+01,1.4813162956784143e+00
39800,3.0291187251906930e+01,1.4813162956784143e+00
39900,3.0291187251906930e+01,1.4813162956784143e+00
40000,3.0291187251906930e+01,1.4813162956784143e+00
40100,3.0291187251906930e+01,1.4813162956784143e+00
40200,3.0291187251906930e+01,1.4813162956784143e+00
40300,3.0291187251906930e+01,1.4813162956784143e+00
40400,3.0291187251906930e+01,1.4813162956784143e+00
40500,3.0291187251906930e+01,1.4813162956784143e+00
40600,3.0291187251906930e+01,1.4813162956784143e+00
40700,3.0291187251906930e+01,1.4813162956784143e+00
40800,3.0291187251906930e+01,1.4813162956784143e+00
40900,3.0291187251906930e+01,1.4813162956784143e+00
41000,3.0291187251906930e+01,1.4813162956784143e+00
41100,3.0291187251906930e+01,1.4813162956784143e+00
41200,3.0291187251906930e+01,1.4813162956784143e+00
41300,3.0291187251906930e+01,1.4813162956784143e+00
41400,3.0291187251906930e+01,1.4813162956784143e+00
41500,3.0291187251906930e+01,1.4813162956784143e+00
41600,3.0291187251906930e+01,1.4813162956784143e+00
41700,3.0291187251906930e+01,1.4813162956784143e+00
41800,3.0291187251906930e+01,1.4813162956784143e+00
41900,3.0291187251906930e+01,1.4813162956784143e+00
42000,3.0291187251906930e+01,1.4813162956784143e+00
42100,3.0291187251906930e+01,1.4813162956784143e+00
42200,3.0291187251906930e+01,1.4813162956784143e+00
42300,3.0291187251906930e+01,1.4813162956784143e+00
42400,3.0291187251906930e+01,1.4813162956784143e+00
42500,3.0291187251906930e+01,1.4813162956784143e+00
42600,3.0291187251906930e+01,1.4813162956784143e+00
42700,3.0291187251906930e+01,1.4813162956784143e+00
42800,3.0291187251906930e+01,1.4813162956784143e+00
42900,3.0291187251906930e+01,1.4813162956784143e+00
43000,3.0291187251906930e+01,1.4813162956784143e+00
43100,3.0291187251906930e+01,1.4813162956784143e+00
43200,3.0291187251906930e+01,1.4813162956784143e+00
43300,3.0291187251906930e+01,1.4813162956784143e+00
43400,3.0291187251906930e+01,1.4813162956784143e+00
43500,3.0291187251906930e+01,1.4813162956784143e+00
43600,3.0291187251906930e+01,1.4813162956784143e+00
43700,3.0291187251906930e+01,1.4813162956784143e+00
43800,3.0291187251906930e+01,1.4813162956784143e+00
43900,3.0291187251906930e+01,1.4813162956784143e+00
44000,3.0291187251906930e+01,1.4813162956784143e+00
44100,3.0291187251906930e+01,1.4813162956784143e+00
44200,3.0291187251906930e+01,1.4813162956784143e+00
44300,3.0291187251906930e+01,1.4813162956784143e+00
44400,3.0291187251906930e+01,1.4813162956784143e+00
44500,3.0291187251906930e+01,1.4813162956784143e+00
44600,3.0291187251906930e+01,1.4813162956784143e+00
44700,3.0291187251906930e+01,1.4813162956784143e+00
44800,3.0291187251906930e+01,1.4813162956784143e+00
44900,3.0291187251906930e+01,1.4813162956784143e+00
45000,3.0291187251906930e+01,1.4813162956784143e+00
45100,3.0291187251906930e+01,1.4813162956784143e+00
45200,3.0291187251906930e+01,1.4813162956784143e+00
45300,3.0291187251906930e+01,1.4813162956784143e+00
45400,3.0291187251906930e+01,1.4813162956784143e+00
45500,3.0291187251906930e+01,1.4813162956784143e+00
45600,3.0291187251906930e+01,1.4813162956784143e+00
45700,3.0291187251906930e+01,1.4813162956784143e+00
45800,3.0291187251906930e+01,1.4813162956784143e+00
45900,3.0291187251906930e+01,1.4813162956784143e+00
46000,3.0291187251906930e+01,1.4813162956784143e+00
46100,3.0291187251906930e+01,1.4813162956784143e+00
46200,3.0291187251906930e+01,1.4813162956784143e+00
46300,3.0291187251906930e+01,1.4813162956784143e+00
46400,3.0291187251906930e+01,1.4813162956784143e+00
46500,3.0291187251906930e+01,1.4813162956784143e+00
46600,3.0291187251906930e+01,1.4813162956784143e+00
46700,3.0291187251906930e+01,1.4813162956784143e+00
46800,3.0291187251906930e+01,1.4813162956784143e+00
46900,3.0291187251906930e+01,1.4813162956784143e+00
47000,3.0291187251906930e+01,1.4813162956784143e+00
47100,3.0291187251906930e+01,1.4813162956784143e+00
47200,3.0291187251906930e+01,1.4813162956784143e+00
47300,3.0291187251906930e+01,1.4813162956784143e+00
47400,3.0291187251906930e+01,1.4813162956784143e+00
47500,3.0291187251906930e+01,1.4813162956784143e+00
47600,3.0291187251906930e+01,1.4813162956784143e+00
47700,3.0291187251906930e+01,1.4813162956784143e+00
47800,3.0291187251906930e+01,1.4813162956784143e+00
47900,3.0291187251906930e+01,1.4813162956784143e+00
48000,3.0291187251906930e+01,1.4813162956784143e+00
48100,3.0291187251906930e+01,1.4813162956784143e+00
48200,3.0291187251906930e+01,1.4813162956784143e+00
48300,3.0291187251906930e+01,1.4813162956784143e+00
48400,3.0291187251906930e+01,1.4813162956784143e+00
48500,3.0291187251906930e+01,1.4813162956784143e+00
48600,3.0291187251906930e+01,1.4813162956784143e+00
48700,3.0291187251906930e+01,1.4813162956784143e+00
48800,3.0291187251906930e+01,1.4813162956784143e+00
48900,3.0291187251906930e+01,1.4813162956784143e+00
49000,3.0291187251906930e+01,1.4813162956784143e+00
49100,3.0291187251906930e+01,1.4813162956784143e+00
49200,3.0291187251906930e+01,1.4813162956784143e+00
49300,3.0291187251906930e+01,1.4813162956784143e+00
49400,3.0291187251906930e+01,1.4813162956784143e+00
49500,3.0291187251906930e+01,1.4813162956784143e+00
49600,3.0291187251906930e+01,1.4813162956784143e+00
49700,3.0291187251906930e+01,1.4813162956784143e+00
49800,3.0291187251906930e+01,1.4813162956784143e+00
49900,3.0291187251906930e+01,1.4813162956784143e+00
50000,3.0291187251906930e+01,1.4813162956784143e+00
50100,3.0291187251906930e+01,1.4813162956784143e+00
50200,3.0291187251906930e+01,1.4813162956784143e+00
50300,3.0291187251906930e+01,1.4813162956784143e+00
50400,3.0291187251906930e+01,1.4813162956784143e+00
50500,3.0291187251906930e+01,1.4813162956784143e+00
50600,3.0291187251906930e+01,1.4813162956784143e+00
50700,3.0291187251906930e+01,1.4813162956784143e+00
50800,3.0291187251906930e+01,1.4813162956784143e+00
50900,3.0291187251906930e+01,1.4813162956784143e+00
51000,3.0291187251906930e+01,1.4813162956784143e+00
51100,3.0291187251906930e+01,1.4813162956784143e+00
51200,3.0291187251906930e+01,1.4813162956784143e+00
51300,3.0291187251906930e+01,1.4813162956784143e+00
51400,3.0291187251906930e+01,1.4813162956784143e+00
51500,3.0291187251906930e+01,1.4813162956784143e+00
51600,3.0291187251906930e+01,1.4813162956784143e+00
51700,3.0291187251906930e+01,1.4813162956784143e+00
51800,3.0291187251906930e+01,1.4813162956784143e+00
51900,3.0291187251906930e+01,1.4813162956784143e+00
52000,3.0291187251906930e+01,1.4813162956784143e+00
52100,3.0291187251906930e+01,1.4813162956784143e+00
52200,3.0291187251906930e+01,1.4813162956784143e+00
52300,3.0291187251906930e+01,1.4813162956784143e+00
52400,3.0291187251906930e+01,1.4813162956784143e+00
52500,3.0291187251906930e+01,1.4813162956784143e+00
52600,3.0291187251906930e+01,1.4813162956784143e+00
52700,3.0291187251906930e+01,1.4813162956784143e+00
52800,3.0291187251906930e+01,1.4813162956784143e+00
52900,3.0291187251906930e+01,1.4813162956784143e+00
53000,3.0291187251906930e+01,1.4813162956784143e+00
53100,3.0291187251906930e+01,1.4813162956784143e+00
53200,3.0291187251906930e+01,1.4813162956784143e+00
53300,3.0291187251906930e+01,1.4813162956784143e+00
53400,3.0291187251906930e+01,1.4813162956784143e+00
53500,3.0291187251906930e+01,1.4813162956784143e+00
53600,3.0291187251906930e+01,1.4813162956784143e+00
53700,3.0291187251906930e+01,1.4813162956784143e+00
53800,3.0291187251906930e+01,1.4813162956784143e+00
53900,3.0291187251906930e+01,1.4813162956784143e+00
54000,3.0291187251906930e+01,1.4813162956784143e+00
54100,3.0291187251906930e+01,1.4813162956784143e+00
54200,3.0291187251906930e+01,1.4813162956784143e+00
54300,3.0291187251906930e+01,1.4813162956784143e+00
54400,3.0291187251906930e+01,1.4813162956784143e+00
54500,3.0291187251906930e+01,1.4813162956784143e+00
54600,3.0291187251906930e+01,1.4813162956784143e+00
54700,3.0291187251906930e+01,1.4813162956784143e+00
54800,3.0291187251906930e+01,1.4813162956784143e+00
54900,3.0291187251906930e+01,1.4813162956784143e+00
55000,3.0291187251906930e+01,1.4813162956784143e+00
55100,3.0291187251906930e+01,1.4813162956784143e+00
55200,3.0291187251906930e+01,1.4813162956784143e+00
55300,3.0291187251906930e+01,1.4813162956784143e+00
55400,3.0291187251906930e+01,1.4813162956784143e+00
55500,3.0291187251906930e+01,1.4813162956784143e+00
55600,3.0291187251906930e+01,1.4813162956784143e+00
55700,3.0291187251906930e+01,1.4813162956784143e+00
55800,3.0291187251906930e+01,1.4813162956784143e+00
55900,3.0291187251906930e+01,1.4813162956784143e+00
56000,3.0291187251906930e+01,1.4813162956784143e+00
56100,3.0291187251906930e+01,1.4813162956784143e+00
56200,3.0291187251906930e+01,1.4813162956784143e+00
56300,3.0291187251906930e+01,1.4813162956784143e+00
56400,3.0291187251906930e+01,1.4813162956784143e+00
56500,3.0291187251906930e+01,1.4813162956784143e+00
56600,3.0291187251906930e+01,1.4813162956784143e+00
56700,3.0291187251906930e+01,1.4813162956784143e+00
56800,3.0291187251906930e+01,1.4813162956784143e+00
56900,3.0291187251906930e+01,1.4813162956784143e+00
57000,3.0291187251906930e+01,1.4813162956784143e+00
57100,3.0291187251906930e+01,1.4813162956784143e+00
57200,3.0291187251906930e+01,1.4813162956784143e+00
57300,3.0291187251906930e+01,1.4813162956784143e+00
57400,3.0291187251906930e+01,1.4813162956784143e+00
57500,3.0291187251906930e+01,1.4813162956784143e+00
57600,3.0291187251906930e+01,1.4813162956784143e+00
57700,3.0291187251906930e+01,1.4813162956784143e+00
57800,3.0291187251906930e+01,1.4813162956784143e+00
57900,3.0291187251906930e+01,1.4813162956784143e+00
58000,3.0291187251906930e+01,1.4813162956784143e+00
58100,3.0291187251906930e+01,1.4813162956784143e+00
58200,3.0291187251906930e+01,1.4813162956784143e+00
58300,3.0291187251906930e+01,1.4813162956784143e+00
58400,3.0291187251906930e+01,1.4813162956784143e+00
58500,3.0291187251906930e+01,1.4813162956784143e+00
58600,3.0291187251906930e+01,1.4813162956784143e+00
58700,3.0291187251906930e+01,1.4813162956784143e+00
58800,3.0291187251906930e+01,1.4813162956784143e+00
58900,3.0291187251906930e+01,1.4813162956784143e+00
59000,3.0291187251906930e+01,1.4813162956784143e+00
59100,3.0291187251906930e+01,1.4813162956784143e+00
59200,3.0291187251906930e+01,1.4813162956784143e+00
59300,3.0291187251906930e+01,1.4813162956784143e+00
59400,3.0291187251906930e+01,1.4813162956784143e+00
59500,3.0291187251906930e+01,1.4813162956784143e+00
59600,3.0291187251906930e+01,1.4813162956784143e+00
59700,3.0291187251906930e+01,1.4813162956784143e+00
59800,3.0291187251906930e+01,1.4813162956784143e+00
59900,3.0291187251906930e+01,1.4813162956784143e+00
60000,3.0291187251906930e+01,1.4813162956784143e+00
60100,3.0291187251906930e+01,1.4813162956784143e+00
60200,3.0291187251906930e+01,1.4813162956784143e+00
60300,3.0291187251906930e+01,1.4813162956784143e+00
60400,3.0291187251906930e+01,1.4813162956784143e+00
60500,3.0291187251906930e+01,1.4813162956784143e+00
60600,3.0291187251906930e+01,1.4813162956784143e+00
60700,3.0291187251906930e+01,1.4813162956784143e+00
60800,3.0291187251906930e+01,1.4813162956784143e+00
60900,3.0291187251906930e+01,1.4813162956784143e+00
61000,3.0291187251906930e+01,1.4813162956784143e+00
61100,3.0291187251906930e+01,1.4813162956784143e+00
61200,3.0291187251906930e+01,1.4813162956784143e+00
61300,3.0291187251906930e+01,1.4813162956784143e+00
61400,3.0291187251906930e+01,1.4813162956784143e+00
61500,3.0291187251906930e+01,1.4813162956784143e+00
61600,3.0291187251906930e+01,1.4813162956784143e+00
61700,3.0291187251906930e+01,1.4813162956784143e+00
61800,3.0291187251906930e+01,1.4813162956784143e+00
61900,3.0291187251906930e+01,1.4813162956784143e+00
62000,3.0291187251906930e+01,1.4813162956784143e+00
62100,3.0291187251906930e+01,1.4813162956784143e+00
62200,3.0291187251906930e+01,1.4813162956784143e+00
62300,3.0291187251906930e+01,1.4813162956784143e+00
62400,3.0291187251906930e+01,1.4813162956784143e+00
62500,3.0291187251906930e+01,1.4813162956784143e+00
62600,3.0291187251906930e+01,1.4813162956784143e+00
62700,3.0291187251906930e+01,1.4813162956784143e+00
62800,3.0291187251906930e+01,1.4813162956784143e+00
62900,3.0291187251906930e+01,1.4813162956784143e+00
63000,3.0291187251906930e+01,1.4813162956784143e+00
63100,3.0291187251906930e+01,1.4813162956784143e+00
63200,3.0291187251906930e+01,1.4813162956784143e+00
63300,3.0291187251906930e+01,1.4813162956784143e+00
63400,3.0291187251906930e+01,1.4813162956784143e+00
63500,3.0291187251906930e+01,1.4813162956784143e+00
63600,3.0291187251906930e+01,1.4813162956784143e+00
63700,3.0291187251906930e+01,1.4813162956784143e+00
63800,3.0291187251906930e+01,1.4813162956784143e+00
63900,3.0291187251906930e+01,1.4813162956784143e+00
64000,3.0291187251906930e+01,1.4813162956784143e+00
64100,3.0291187251906930e+01,1.4813162956784143e+00
64200,3.0291187251906930e+01,1.4813162956784143e+00
64300,3.0291187251906930e+01,1.4813162956784143e+00
64400,3.0291187251906930e+01,1.4813162956784143e+00
64500,3.0291187251906930e+01,1.4813162956784143e+00
64600,3.0291187251906930e+01,1.4813162956784143e+00
64700,3.0291187251906930e+01,1.4813162956784143e+00
64800,3.0291187251906930e+01,1.4813162956784143e+00
64900,3.0291187251906930e+01,1.4813162956784143e+00
65000,3.0291187251906930e+01,1.4813162956784143e+00
65100,3.0291187251906930e+01,1.4813162956784143e+00
65200,3.0291187251906930e+01,1.4813162956784143e+00
65300,3.0291187251906930e+01,1.4813162956784143e+00
65400,3.0291187251906930e+01,1.4813162956784143e+00
65500,3.0291187251906930e+01,1.4813162956784143e+00
65600,3.0291187251906930e+01,1.4813162956784143e+00
65700,3.0291187251906930e+01,1.4813162956784143e+00
65800,3.0291187251906930e+01,1.4813162956784143e+00
65900,3.0291187251906930e+01,1.4813162956784143e+00
66000,3.0291187251906930e+01,1.4813162956784143e+00
66100,3.0291187251906930e+01,1.4813162956784143e+00
66200,3.0291187251906930e+01,1.4813162956784143e+00
66300,3.0291187251906930e+01,1.4813162956784143e+00
66400,3.0291187251906930e+01,1.4813162956784143e+00
66500,3.0291187251906930e+01,1.4813162956784143e+00
66600,3.0291187251906930e+01,1.4813162956784143e+00
66700,3.0291187251906930e+01,1.4813162956784143e+00
66800,3.0291187251906930e+01,1.4813162956784143e+00
66900,3.0291187251906930e+01,1.4813162956784143e+00
67000,3.0291187251906930e+01,1.4813162956784143e+00
67100,3.0291187251906930e+01,1.4813162956784143e+00
67200,3.0291187251906930e+01,1.4813162956784143e+00
67300,3.0291187251906930e+01,1.4813162956784143e+00
67400,3.0291187251906930e+01,1.4813162956784143e+00
67500,3.0291187251906930e+01,1.4813162956784143e+00
67600,3.0291187251906930e+01,1.4813162956784143e+00
67700,3.0291187251906930e+01,1.4813162956784143e+00
67800,3.0291187251906930e+01,1.4813162956784143e+00
67900,3.0291187251906930e+01,1.4813162956784143e+00
68000,3.0291187251906930e+01,1.4813162956784143e+00
68100,3.0291187251906930e+01,1.4813162956784143e+00
68200,3.0291187251906930e+01,1.4813162956784143e+00
68300,3.0291187251906930e+01,1.4813162956784143e+00
68400,3.0291187251906930e+01,1.4813162956784143e+00
68500,3.0291187251906930e+01,1.4813162956784143e+00
68600,3.0291187251906930e+01,1.4813162956784143e+00
68700,3.0291187251906930e+01,1.4813162956784143e+00
68800,3.0291187251906930e+01,1.4813162956784143e+00
68900,3.0291187251906930e+01,1.4813162956784143e+00
69000,3.0291187251906930e+01,1.4813162956784143e+00
69100,3.0291187251906930e+01,1.4813162956784143e+00
69200,3.0291187251906930e+01,1.4813162956784143e+00
69300,3.0291187251906930e+01,1.4813162956784143e+00
69400,3.0291187251906930e+01,1.4813162956784143e+00
69500,3.0291187251906930e+01,1.4813162956784143e+00
69600,3.0291187251906930e+01,1.4813162956784143e+00
69700,3.0291187251906930e+01,1.4813162956784143e+00
69800,3.0291187251906930e+01,1.4813162956784143e+00
69900,3.0291187251906930e+01,1.4813162956784143e+00
70000,3.0291187251906930e+01,1.4813162956784143e+00
70100,3.0291187251906930e+01,1.4813162956784143e+00
70200,3.0291187251906930e+01,1.4813162956784143e+00
70300,3.0291187251906930e+01,1.4813162956784143e+00
70400,3.0291187251906930e+01,1.4813162956784143e+00
70500,3.0291187251906930e+01,1.4813162956784143e+00
70600,3.0291187251906930e+01,1.4813162956784143e+00
70700,3.0291187251906930e+01,1.4813162956784143e+00
70800,3.0291187251906930e+01,1.4813162956784143e+00
70900,3.0291187251906930e+01,1.4813162956784143e+00
71000,3.0291187251906930e+01,1.4813162956784143e+00
71100,3.0291187251906930e+01,1.4813162956784143e+00
71200,3.0291187251906930e+01,1.4813162956784143e+00
71300,3.0291187251906930e+01,1.4813162956784143e+00
71400,3.0291187251906930e+01,1.4813162956784143e+00
71500,3.0291187251906930e+01,1.4813162956784143e+00
71600,3.0291187251906930e+01,1.4813162956784143e+00
71700,3.0291187251906930e+01,1.4813162956784143e+00
71800,3.0291187251906930e+01,1.4813162956784143e+00
71900,3.0291187251906930e+01,1.4813162956784143e+00
72000,3.0291187251906930e+01,1.4813162956784143e+00
72100,3.0291187251906930e+01,1.4813162956784143e+00
72200,3.0291187251906930e+01,1.4813162956784143e+00
72300,3.0291187251906930e+01,1.4813162956784143e+00
72400,3.0291187251906930e+01,1.4813162956784143e+00
72500,3.0291187251906930e+01,1.4813162956784143e+00
72600,3.0291187251906930e+01,1.4813162956784143e+00
72700,3.0291187251906930e+01,1.4813162956784143e+00
72800,3.0291187251906930e+01,1.4813162956784143e+00
72900,3.0291187251906930e+01,1.4813162956784143e+00
73000,3.0291187251906930e+01,1.4813162956784143e+00
73100,3.0291187251906930e+01,1.4813162956784143e+00
73200,3.0291187251906930e+01,1.4813162956784143e+00
73300,3.0291187251906930e+01,1.4813162956784143e+00
73400,3.0291187251906930e+01,1.4813162956784143e+00
73500,3.0291187251906930e+01,1.4813162956784143e+00
73600,3.0291187251906930e+01,1.4813162956784143e+00
73700,3.0291187251906930e+01,1.4813162956784143e+00
73800,3.0291187251906930e+01,1.4813162956784143e+00
73900,3.0291187251906930e+01,1.4813162956784143e+00
74000,3.0291187251906930e+01,1.4813162956784143e+00
74100,3.0291187251906930e+01,1.4813162956784143e+00
74200,3.0291187251906930e+01,1.4813162956784143e+00
74300,3.0291187251906930e+01,1.4813162956784143e+00
74400,3.0291187251906930e+01,1.4813162956784143e+00
74500,3.0291187251906930e+01,1.4813162956784143e+00
74600,3.0291187251906930e+01,1.4813162956784143e+00
74700,3.0291187251906930e+01,1.4813162956784143e+00
74800,3.0291187251906930e+01,1.4813162956784143e+00
74900,3.0291187251906930e+01,1.4813162956784143e+00
75000,3.0291187251906930e+01,1.4813162956784143e+00
75100,3.0291187251906930e+01,1.4813162956784143e+00
75200,3.0291187251906930e+01,1.4813162956784143e+00
75300,3.0291187251906930e+01,1.4813162956784143e+00
75400,3.0291187251906930e+01,1.4813162956784143e+00
75500,3.0291187251906930e+01,1.4813162956784143e+00
75600,3.0291187251906930e+01,1.4813162956784143e+00
75700,3.0291187251906930e+01,1.4813162956784143e+00
75800,3.0291187251906930e+01,1.4813162956784143e+00
75900,3.0291187251906930e+01,1.4813162956784143e+00
76000,3.0291187251906930e+01,1.4813162956784143e+00
76100,3.0291187251906930e+01,1.4813162956784143e+00
76200,3.0291187251906930e+01,1.4813162956784143e+00
76300,3.0291187251906930e+01,1.4813162956784143e+00
76400,3.0291187251906930e+01,1.4813162956784143e+00
76500,3.0291187251906930e+01,1.4813162956784143e+00
76600,3.0291187251906930e+01,1.4813162956784143e+00
76700,3.0291187251906930e+01,1.4813162956784143e+00
76800,3.0291187251906930e+01,1.4813162956784143e+00
76900,3.0291187251906930e+01,1.4813162956784143e+00
77000,3.0291187251906930e+01,1.4813162956784143e+00
77100,3.0291187251906930e+01,1.4813162956784143e+00
77200,3.0291187251906930e+01,1.4813162956784143e+00
77300,3.0291187251906930e+01,1.4813162956784143e+00
77400,3.0291187251906930e+01,1.4813162956784143e+00
77500,3.0291187251906930e+01,1.4813162956784143e+00
77600,3.0291187251906930e+01,1.4813162956784143e+00
77700,3.0291187251906930e+01,1.4813162956784143e+00
77800,3.0291187251906930e+01,1.4813162956784143e+00
77900,3.0291187251906930e+01,1.4813162956784143e+00
78000,3.0291187251906930e+01,1.4813162956784143e+00
78100,3.0291187251906930e+01,1.4813162956784143e+00
78200,3.0291187251906930e+01,1.4813162956784143e+00
78300,3.0291187251906930e+01,1.4813162956784143e+00
78400,3.0291187251906930e+01,1.4813162956784143e+00
78500,3.0291187251906930e+01,1.4813162956784143e+00
78600,3.0291187251906930e+01,1.4813162956784143e+00
78700,3.0291187251906930e+01,1.4813162956784143e+00
78800,3.0291187251906930e+01,1.4813162956784143e+00
78900,3.0291187251906930e+01,1.4813162956784143e+00
79000,3.0291187251906930e+01,1.4813162956784143e+00
79100,3.0291187251906930e+01,1.4813162956784143e+00
79200,3.0291187251906930e+01,1.4813162956784143e+00
79300,3.0291187251906930e+01,1.4813162956784143e+00
79400,3.0291187251906930e+01,1.4813162956784143e+00
79500,3.0291187251906930e+01,1.4813162956784143e+00
79600,3.0291187251906930e+01,1.4813162956784143e+00
79700,3.0291187251906930e+01,1.4813162956784143e+00
79800,3.0291187251906930e+01,1.4813162956784143e+00
79900,3.0291187251906930e+01,1.4813162956784143e+00
80000,3.0291187251906930e+01,1.4813162956784143e+00
80100,3.0291187251906930e+01,1.4813162956784143e+00
80200,3.0291187251906930e+01,1.4813162956784143e+00
80300,3.0291187251906930e+01,1.4813162956784143e+00
80400,3.0291187251906930e+01,1.4813162956784143e+00
80500,3.0291187251906930e+01,1.4813162956784143e+00
80600,3.0291187251906930e+01,1.4813162956784143e+00
80700,3.0291187251906930e+01,1.4813162956784143e+00
80800,3.0291187251906930e+01,1.4813162956784143e+00
80900,3.0291187251906930e+01,1.4813162956784143e+00
81000,3.0291187251906930e+01,1.4813162956784143e+00
81100,3.0291187251906930e+01,1.4813162956784143e+00
81200,3.0291187251906930e+01,1.4813162956784143e+00
81300,3.0291187251906930e+01,1.4813162956784143e+00
81400,3.0291187251906930e+01,1.4813162956784143e+00
81500,3.0291187251906930e+01,1.4813162956784143e+00
81600,3.0291187251906930e+01,1.4813162956784143e+00
81700,3.0291187251906930e+01,1.4813162956784143e+00
81800,3.0291187251906930e+01,1.4813162956784143e+00
81900,3.0291187251906930e+01,1.4813162956784143e+00
82000,3.0291187251906930e+01,1.4813162956784143e+00
82100,3.0291187251906930e+01,1.4813162956784143e+00
82200,3.0291187251906930e+01,1.4813162956784143e+00
82300,3.0291187251906930e+01,1.4813162956784143e+00
82400,3.0291187251906930e+01,1.4813162956784143e+00
82500,3.0291187251906930e+01,1.4813162956784143e+00
82600,3.0291187251906930e+01,1.4813162956784143e+00
82700,3.0291187251906930e+01,1.4813162956784143e+00
82800,3.0291187251906930e+01,1.4813162956784143e+00
82900,3.0291187251906930e+01,1.4813162956784143e+00
83000,3.0291187251906930e+01,1.4813162956784143e+00
83100,3.0291187251906930e+01,1.4813162956784143e+00
83200,3.0291187251906930e+01,1.4813162956784143e+00
83300,3.0291187251906930e+01,1.4813162956784143e+00
83400,3.0291187251906930e+01,1.4813162956784143e+00
83500,3.0291187251906930e+01,1.4813162956784143e+00
83600,3.0291187251906930e+01,1.4813162956784143e+00
83700,3.0291187251906930e+01,1.4813162956784143e+00
83800,3.0291187251906930e+01,1.4813162956784143e+00
83900,3.0291187251906930e+01,1.4813162956784143e+00
84000,3.0291187251906930e+01,1.4813162956784143e+00
84100,3.0291187251906930e+01,1.4813162956784143e+00
84200,3.0291187251906930e+01,1.4813162956784143e+00
84300,3.0291187251906930e+01,1.4813162956784143e+00
84400,3.0291187251906930e+01,1.4813162956784143e+00
84500,3.0291187251906930e+01,1.4813162956784143e+00
84600,3.0291187251906930e+01,1.4813162956784143e+00
84700,3.0291187251906930e+01,1.4813162956784143e+00
84800,3.0291187251906930e+01,1.4813162956784143e+00
84900,3.0291187251906930e+01,1.4813162956784143e+00
85000,3.0291187251906930e+01,1.4813162956784143e+00
85100,3.0291187251906930e+01,1.4813162956784143e+00
85200,3.0291187251906930e+01,1.4813162956784143e+00
85300,3.0291187251906930e+01,1.4813162956784143e+00
85400,3.0291187251906930e+01,1.4813162956784143e+00
85500,3.0291187251906930e+01,1.4813162956784143e+00
85600,3.0291187251906930e+01,1.4813162956784143e+00
85700,3.0291187251906930e+01,1.4813162956784143e+00
85800,3.0291187251906930e+01,1.4813162956784143e+00
85900,3.0291187251906930e+01,1.4813162956784143e+00
86000,3.0291187251906930e+01,1.4813162956784143e+00
86100,3.0291187251906930e+01,1.4813162956784143e+00
86200,3.0291187251906930e+01,1.4813162956784143e+00
86300,3.0291187251906930e+01,1.4813162956784143e+00
86400,3.0291187251906930e+01,1.4813162956784143e+00
86500,3.0291187251906930e+01,1.4813162956784143e+00
86600,3.0291187251906930e+01,1.4813162956784143e+00
86700,3.0291187251906930e+01,1.4813162956784143e+00
86800,3.0291187251906930e+01,1.4813162956784143e+00
86900,3.0291187251906930e+01,1.4813162956784143e+00
87000,3.0291187251906930e+01,1.4813162956784143e+00
87100,3.0291187251906930e+01,1.4813162956784143e+00
87200,3.0291187251906930e+01,1.4813162956784143e+00
87300,3.0291187251906930e+01,1.4813162956784143e+00
87400,3.0291187251906930e+01,1.4813162956784143e+00
87500,3.0291187251906930e+01,1.4813162956784143e+00
87600,3.0291187251906930e+01,1.4813162956784143e+00
87700,3.0291187251906930e+01,1.4813162956784143e+00
87800,3.0291187251906930e+01,1.4813162956784143e+00
87900,3.0291187251906930e+01,1.4813162956784143e+00
88000,3.0291187251906930e+01,1.4813162956784143e+00
88100,3.0291187251906930e+01,1.4813162956784143e+00
88200,3.0291187251906930e+01,1.4813162956784143e+00
88300,3.0291187251906930e+01,1.4813162956784143e+00
88400,3.0291187251906930e+01,1.4813162956784143e+00
88500,3.0291187251906930e+01,1.4813162956784143e+00
88600,3.0291187251906930e+01,1.4813162956784143e+00
88700,3.0291187251906930e+01,1.4813162956784143e+00
88800,3.0291187251906930e+01,1.4813162956784143e+00
88900,3.0291187251906930e+01,1.4813162956784143e+00
89000,3.0291187251906930e+01,1.4813162956784143e+00
89100,3.0291187251906930e+01,1.4813162956784143e+00
89200,3.0291187251906930e+01,1.4813162956784143e+00
89300,3.0291187251906930e+01,1.4813162956784143e+00
89400,2.6491071927159101e+01,1.4230995318205037e+00
89500,2.6491071927159101e+01,1.4230995318205037e+00
89600,2.6491071927159101e+01,1.4230995318205037e+00
89700,2.6491071927159101e+01,1.4230995318205037e+00
89800,2.6491071927159101e+01,1.4230995318205037e+00
89900,2.6491071927159101e+01,1.4230995318205037e+00
90000,2.6491071927159101e+01,1.4230995318205037e+00
90100,2.6491071927159101e+01,1.4230995318205037e+00
90200,2.6491071927159101e+01,1.4230995318205037e+00
90300,2.6491071927159101e+01,1.4230995318205037e+00
90400,2.6491071927159101e+01,1.4230995318205037e+00
90500,2.6491071927159101e+01,1.4230995318205037e+00
90600,2.6491071927159101e+01,1.4230995318205037e+00
90700,2.6491071927159101e+01,1.4230995318205037e+00
90800,2.6491071927159101e+01,1.4230995318205037e+00
90900,2.6491071927159101e+01,1.4230995318205037e+00
91000,2.6491071927159101e+01,1.4230995318205037e+00
91100,2.5634044054613600e+01,1.4088171263581488e+00
91200,2.5634044054613600e+01,1.4088171263581488e+00
91300,2.5634044054613600e+01,1.4088171263581488e+00
91400,2.5634044054613600e+01,1.4088171263581488e+00
91500,2.5634044054613600e+01,1.4088171263581488e+00
91600,2.5634044054613600e+01,1.4088171263581488e+00
91700,2.5634044054613600e+01,1.4088171263581488e+00
91800,2.5634044054613600e+01,1.4088171263581488e+00
91900,2.5634044054613600e+01,1.4088171263581488e+00
92000,2.5634044054613600e+01,1.4088171263581488e+00
92100,2.5634044054613600e+01,1.4088171263581488e+00
92200,2.5634044054613600e+01,1.4088171263581488e+00
92300,2.5634044054613600e+01,1.4088171263581488e+00
92400,2.5634044054613600e+01,1.4088171263581488e+00
92500,2.5634044054613600e+01,1.4088171263581488e+00
92600,2.5634044054613600e+01,1.4088171263581488e+00
92700,2.5634044054613600e+01,1.4088171263581488e+00
92800,2.5634044054613600e+01,1.4088171263581488e+00
92900,2.5634044054613600e+01,1.4088171263581488e+00
93000,2.5634044054613600e+01,1.4088171263581488e+00
93100,2.5634044054613600e+01,1.4088171263581488e+00
93200,2.5634044054613600e+01,1.4088171263581488e+00
93300,2.5634044054613600e+01,1.4088171263581488e+00
93400,2.5634044054613600e+01,1.4088171263581488e+00
93500,2.5634044054613600e+01,1.4088171263581488e+00
93600,2.5634044054613600e+01,1.4088171263581488e+00
93700,2.5634044054613600e+01,1.4088171263581488e+00
93800,2.5634044054613600e+01,1.4088171263581488e+00
93900,2.5634044054613600e+01,1.4088171263581488e+00
94000,2.5634044054613600e+01,1.4088171263581488e+00
94100,2.5634044054613600e+01,1.4088171263581488e+00
94200,2.5634044054613600e+01,1.4088171263581488e+00
94300,2.5634044054613600e+01,1.4088171263581488e+00
94400,2.5634044054613600e+01,1.4088171263581488e+00
94500,2.5634044054613600e+01,1.4088171263581488e+00
94600,2.5634044054613600e+01,1.4088171263581488e+00
94700,2.5634044054613600e+01,1.4088171263581488e+00
94800,2.5634044054613600e+01,1.4088171263581488e+00
94900,2.5634044054613600e+01,1.4088171263581488e+00
95000,2.5634044054613600e+01,1.4088171263581488e+00
95100,2.5634044054613600e+01,1.4088171263581488e+00
95200,2.5634044054613600e+01,1.4088171263581488e+00
95300,2.5634044054613600e+01,1.4088171263581488e+00
95400,2.5634044054613600e+01,1.4088171263581488e+00
95500,2.5634044054613600e+01,1.4088171263581488e+00
95600,2.5634044054613600e+01,1.4088171263581488e+00
95700,2.5634044054613600e+01,1.4088171263581488e+00
95800,2.5634044054613600e+01,1.4088171263581488e+00
95900,2.5634044054613600e+01,1.4088171263581488e+00
96000,2.5634044054613600e+01,1.4088171263581488e+00
96100,2.5634044054613600e+01,1.4088171263581488e+00
96200,2.5634044054613600e+01,1.4088171263581488e+00
96300,2.5634044054613600e+01,1.4088171263581488e+00
96400,2.5634044054613600e+01,1.4088171263581488e+00
96500,2.5634044054613600e+01,1.4088171263581488e+00
96600,2.5634044054613600e+01,1.4088171263581488e+00
96700,2.5634044054613600e+01,1.4088171263581488e+00
96800,2.5634044054613600e+01,1.4088171263581488e+00
96900,2.5634044054613600e+01,1.4088171263581488e+00
97000,2.5634044054613600e+01,1.4088171263581488e+00
97100,2.5634044054613600e+01,1.4088171263581488e+00
97200,2.5634044054613600e+01,1.4088171263581488e+00
97300,2.4656072825909199e+01,1.3919239041389366e+00
97400,2.4656072825909199e+01,1.3919239041389366e+00
97500,2.4656072825909199e+01,1.3919239041389366e+00
97600,2.4656072825909199e+01,1.3919239041389366e+00
97700,2.4656072825909199e+01,1.3919239041389366e+00
97800,2.4656072825909199e+01,1.3919239041389366e+00
97900,2.4656072825909199e+01,1.3919239041389366e+00
98000,2.4656072825909199e+01,1.3919239041389366e+00
98100,2.4656072825909199e+01,1.3919239041389366e+00
98200,2.4656072825909199e+01,1.3919239041389366e+00
98300,2.4656072825909199e+01,1.3919239041389366e+00
98400,2.4656072825909199e+01,1.3919239041389366e+00
98500,2.4656072825909199e+01,1.3919239041389366e+00
98600,2.4656072825909199e+01,1.3919239041389366e+00
98700,2.4656072825909199e+01,1.3919239041389366e+00
98800,2.4656072825909199e+01,1.3919239041389366e+00
98900,2.4656072825909199e+01,1.3919239041389366e+00
99000,2.4656072825909199e+01,1.3919239041389366e+00
99100,2.4656072825909199e+01,1.3919239041389366e+00
99200,2.4656072825909199e+01,1.3919239041389366e+00
99300,2.4656072825909199e+01,1.3919239041389366e+00
99400,2.4656072825909199e+01,1.3919239041389366e+00
99500,2.4656072825909199e+01,1.3919239041389366e+00
99600,2.4656072825909199e+01,1.3919239041389366e+00
99700,2.4656072825909199e+01,1.3919239041389366e+00
99800,2.4656072825909199e+01,1.3919239041389366e+00
99900,2.4656072825909199e+01,1.3919239041389366e+00
100000,2.4656072825909199e+01,1.3919239041389366e+00
